2026-02-15 13:33:13.865 T:8572     info <general>: -----------------------------------------------------------------------
2026-02-15 13:33:13.865 T:8572     info <general>: Starting Kodi (22.0-ALPHA2 (21.90.702) Git:20260212-f7749808ee). Platform: Windows NT x86 64-bit
2026-02-15 13:33:13.865 T:8572     info <general>: Using Release Kodi x64
2026-02-15 13:33:13.865 T:8572     info <general>: Kodi compiled 2026-02-13 by MSVC 194234436 for Windows NT x86 64-bit version 10.0 (0x0A00000C)
2026-02-15 13:33:13.865 T:8572     info <general>: Running on Windows 11 25H2, kernel: Windows NT x86 64-bit version 10.0.26200.7840
2026-02-15 13:33:13.865 T:8572     info <general>: FFmpeg version/source: 8.0.1-Kodi
2026-02-15 13:33:13.865 T:8572     info <general>: Host CPU: 13th Gen Intel(R) Core(TM) i7-13700T, 8 cores available
2026-02-15 13:33:13.865 T:8572     info <general>: System has 16.0 GB of RAM installed
2026-02-15 13:33:13.865 T:8572     info <general>: Desktop Resolution: 1920x1080 32Bit at 64Hz
2026-02-15 13:33:13.865 T:8572     info <general>: Running with restricted rights
2026-02-15 13:33:13.865 T:8572     info <general>: Aero is enabled
2026-02-15 13:33:13.865 T:8572     info <general>: Display is not HDR capable or cannot be detected
2026-02-15 13:33:13.865 T:8572     info <general>: special://xbmc/ is mapped to: C:\Program Files\Kodi
2026-02-15 13:33:13.865 T:8572     info <general>: special://xbmcbin/ is mapped to: C:\Program Files\Kodi
2026-02-15 13:33:13.865 T:8572     info <general>: special://xbmcbinaddons/ is mapped to: C:\Program Files\Kodi/addons
2026-02-15 13:33:13.865 T:8572     info <general>: special://masterprofile/ is mapped to: C:\Users\xxxxx\AppData\Roaming\Kodi\userdata
2026-02-15 13:33:13.865 T:8572     info <general>: special://home/ is mapped to: C:\Users\xxxxx\AppData\Roaming\Kodi\
2026-02-15 13:33:13.865 T:8572     info <general>: special://temp/ is mapped to: C:\Users\xxxxx\AppData\Roaming\Kodi\cache
2026-02-15 13:33:13.865 T:8572     info <general>: special://logpath/ is mapped to: C:\Users\xxxxx\AppData\Roaming\Kodi\
2026-02-15 13:33:13.865 T:8572     info <general>: Webserver extra whitelist paths: 
2026-02-15 13:33:13.865 T:8572     info <general>: The executable running is: C:\Program Files\Kodi\kodi.exe
2026-02-15 13:33:13.867 T:8572     info <general>: Local hostname: sil
2026-02-15 13:33:13.867 T:8572     info <general>: Log File is located: C:\Users\xxxxx\AppData\Roaming\Kodi\kodi.log
2026-02-15 13:33:13.867 T:8572     info <general>: -----------------------------------------------------------------------
2026-02-15 13:33:13.867 T:8572     info <general>: loading settings
2026-02-15 13:33:13.867 T:8572     info <general>: special://profile/ is mapped to: special://masterprofile/
2026-02-15 13:33:13.871 T:8572     info <general>: No settings file to load (special://xbmc/system/advancedsettings.xml)
2026-02-15 13:33:13.871 T:8572     info <general>: No settings file to load (special://masterprofile/advancedsettings.xml)
2026-02-15 13:33:13.871 T:8572     info <general>: Default Video Player: VideoPlayer
2026-02-15 13:33:13.871 T:8572     info <general>: Default Audio Player: paplayer
2026-02-15 13:33:13.871 T:8572     info <general>: Enabled debug logging due to GUI setting (2)
2026-02-15 13:33:13.871 T:8572     info <general>: CMediaSourceSettings: loading media sources from special://masterprofile/sources.xml
2026-02-15 13:33:13.872 T:8572    debug <general>: CSkinSettings: no <skinsettings> tag found
2026-02-15 13:33:13.872 T:8572     info <general>: New Cache GUI Settings (replacement of cache in advancedsettings.xml) are:
                                                     Buffer Mode: 4
                                                     Memory Size: 64 MB
                                                     Read Factor: 0.00 x (adaptive)
                                                     Chunk Size : 131072 bytes
2026-02-15 13:33:13.872 T:8572     info <general>: creating subdirectories
2026-02-15 13:33:13.872 T:8572     info <general>: userdata folder: special://masterprofile/
2026-02-15 13:33:13.872 T:8572     info <general>: recording folder: 
2026-02-15 13:33:13.872 T:8572     info <general>: screenshots folder: 
2026-02-15 13:33:13.875 T:8572     info <general>: Running database version Addons33
2026-02-15 13:33:13.882 T:8572    debug <general>: ADDON::CAddonInfoBuilder::ParseXMLTypes: Binary addon found: peripheral.joystick
2026-02-15 13:33:13.886 T:8572    debug <general>: ADDON::CAddonMgr::FindAddons: Addon 'metadata.album.universal' already present with version 3.1.16 at 'C:\Program Files\Kodi\addons\metadata.album.universal\' replaced with version 3.1.18 at 'C:\Users\xxxxx\AppData\Roaming\Kodi\addons\metadata.album.universal\'
2026-02-15 13:33:13.887 T:8572    debug <general>: ADDON::CAddonMgr::FindAddons: Addon 'metadata.artists.universal' already present with version 4.3.18 at 'C:\Program Files\Kodi\addons\metadata.artists.universal\' replaced with version 4.3.21 at 'C:\Users\xxxxx\AppData\Roaming\Kodi\addons\metadata.artists.universal\'
2026-02-15 13:33:13.887 T:8572    debug <general>: ADDON::CAddonMgr::FindAddons: Addon 'metadata.common.fanart.tv' already present with version 3.6.4 at 'C:\Program Files\Kodi\addons\metadata.common.fanart.tv\' replaced with version 3.6.5 at 'C:\Users\xxxxx\AppData\Roaming\Kodi\addons\metadata.common.fanart.tv\'
2026-02-15 13:33:13.887 T:8572    debug <general>: ADDON::CAddonMgr::FindAddons: Addon 'metadata.generic.albums' already present with version 1.0.18 at 'C:\Program Files\Kodi\addons\metadata.generic.albums\' replaced with version 1.0.18 at 'C:\Users\xxxxx\AppData\Roaming\Kodi\addons\metadata.generic.albums\'
2026-02-15 13:33:13.887 T:8572    debug <general>: ADDON::CAddonMgr::FindAddons: Addon 'metadata.themoviedb.org.python' already present with version 3.1.1 at 'C:\Program Files\Kodi\addons\metadata.themoviedb.org.python\' replaced with version 3.1.3 at 'C:\Users\xxxxx\AppData\Roaming\Kodi\addons\metadata.themoviedb.org.python\'
2026-02-15 13:33:13.888 T:8572    debug <general>: ADDON::CAddonMgr::FindAddons: Addon 'metadata.tvshows.themoviedb.org.python' already present with version 1.7.3 at 'C:\Program Files\Kodi\addons\metadata.tvshows.themoviedb.org.python\' replaced with version 1.8.1 at 'C:\Users\xxxxx\AppData\Roaming\Kodi\addons\metadata.tvshows.themoviedb.org.python\'
2026-02-15 13:33:13.888 T:8572    debug <general>: ADDON::CAddonMgr::FindAddons: Addon 'service.xbmc.versioncheck' already present with version 0.5.27+matrix.1 at 'C:\Program Files\Kodi\addons\service.xbmc.versioncheck\' replaced with version 0.5.30+matrix.1 at 'C:\Users\xxxxx\AppData\Roaming\Kodi\addons\service.xbmc.versioncheck\'
2026-02-15 13:33:13.888 T:8572    debug <database>: dbiplus::SqliteDatabase::start_transaction: Sqlite start transaction
2026-02-15 13:33:13.888 T:8572    debug <database>: dbiplus::SqliteDataset::exec: 0 ms for query: UPDATE installed SET enabled=1 WHERE addonID='audioencoder.kodi.builtin.aac'
2026-02-15 13:33:13.888 T:8572    debug <database>: dbiplus::SqliteDataset::exec: 0 ms for query: UPDATE installed SET origin='b6a50484-93a0-4afb-a01c-8d17e059feda' WHERE addonID='audioencoder.kodi.builtin.aac'
2026-02-15 13:33:13.888 T:8572    debug <database>: dbiplus::SqliteDataset::exec: 0 ms for query: UPDATE installed SET enabled=1 WHERE addonID='audioencoder.kodi.builtin.wma'
2026-02-15 13:33:13.888 T:8572    debug <database>: dbiplus::SqliteDataset::exec: 0 ms for query: UPDATE installed SET origin='b6a50484-93a0-4afb-a01c-8d17e059feda' WHERE addonID='audioencoder.kodi.builtin.wma'
2026-02-15 13:33:13.888 T:8572    debug <database>: dbiplus::SqliteDataset::exec: 0 ms for query: UPDATE installed SET enabled=1 WHERE addonID='game.controller.default'
2026-02-15 13:33:13.888 T:8572    debug <database>: dbiplus::SqliteDataset::exec: 0 ms for query: UPDATE installed SET origin='b6a50484-93a0-4afb-a01c-8d17e059feda' WHERE addonID='game.controller.default'
2026-02-15 13:33:13.888 T:8572    debug <database>: dbiplus::SqliteDataset::exec: 0 ms for query: UPDATE installed SET enabled=1 WHERE addonID='game.controller.keyboard'
2026-02-15 13:33:13.888 T:8572    debug <database>: dbiplus::SqliteDataset::exec: 0 ms for query: UPDATE installed SET origin='b6a50484-93a0-4afb-a01c-8d17e059feda' WHERE addonID='game.controller.keyboard'
2026-02-15 13:33:13.888 T:8572    debug <database>: dbiplus::SqliteDataset::exec: 0 ms for query: UPDATE installed SET enabled=1 WHERE addonID='game.controller.mouse'
2026-02-15 13:33:13.888 T:8572    debug <database>: dbiplus::SqliteDataset::exec: 0 ms for query: UPDATE installed SET origin='b6a50484-93a0-4afb-a01c-8d17e059feda' WHERE addonID='game.controller.mouse'
2026-02-15 13:33:13.888 T:8572    debug <database>: dbiplus::SqliteDataset::exec: 0 ms for query: UPDATE installed SET enabled=1 WHERE addonID='game.controller.snes'
2026-02-15 13:33:13.888 T:8572    debug <database>: dbiplus::SqliteDataset::exec: 0 ms for query: UPDATE installed SET origin='b6a50484-93a0-4afb-a01c-8d17e059feda' WHERE addonID='game.controller.snes'
2026-02-15 13:33:13.888 T:8572    debug <database>: dbiplus::SqliteDataset::exec: 0 ms for query: UPDATE installed SET enabled=1 WHERE addonID='kodi.binary.global.audioengine'
2026-02-15 13:33:13.889 T:8572    debug <database>: dbiplus::SqliteDataset::exec: 0 ms for query: UPDATE installed SET origin='b6a50484-93a0-4afb-a01c-8d17e059feda' WHERE addonID='kodi.binary.global.audioengine'
2026-02-15 13:33:13.889 T:8572    debug <database>: dbiplus::SqliteDataset::exec: 0 ms for query: UPDATE installed SET enabled=1 WHERE addonID='kodi.binary.global.filesystem'
2026-02-15 13:33:13.889 T:8572    debug <database>: dbiplus::SqliteDataset::exec: 0 ms for query: UPDATE installed SET origin='b6a50484-93a0-4afb-a01c-8d17e059feda' WHERE addonID='kodi.binary.global.filesystem'
2026-02-15 13:33:13.889 T:8572    debug <database>: dbiplus::SqliteDataset::exec: 0 ms for query: UPDATE installed SET enabled=1 WHERE addonID='kodi.binary.global.general'
2026-02-15 13:33:13.889 T:8572    debug <database>: dbiplus::SqliteDataset::exec: 0 ms for query: UPDATE installed SET origin='b6a50484-93a0-4afb-a01c-8d17e059feda' WHERE addonID='kodi.binary.global.general'
2026-02-15 13:33:13.889 T:8572    debug <database>: dbiplus::SqliteDataset::exec: 0 ms for query: UPDATE installed SET enabled=1 WHERE addonID='kodi.binary.global.gui'
2026-02-15 13:33:13.889 T:8572    debug <database>: dbiplus::SqliteDataset::exec: 0 ms for query: UPDATE installed SET origin='b6a50484-93a0-4afb-a01c-8d17e059feda' WHERE addonID='kodi.binary.global.gui'
2026-02-15 13:33:13.889 T:8572    debug <database>: dbiplus::SqliteDataset::exec: 0 ms for query: UPDATE installed SET enabled=1 WHERE addonID='kodi.binary.global.main'
2026-02-15 13:33:13.889 T:8572    debug <database>: dbiplus::SqliteDataset::exec: 0 ms for query: UPDATE installed SET origin='b6a50484-93a0-4afb-a01c-8d17e059feda' WHERE addonID='kodi.binary.global.main'
2026-02-15 13:33:13.889 T:8572    debug <database>: dbiplus::SqliteDataset::exec: 0 ms for query: UPDATE installed SET enabled=1 WHERE addonID='kodi.binary.global.network'
2026-02-15 13:33:13.889 T:8572    debug <database>: dbiplus::SqliteDataset::exec: 0 ms for query: UPDATE installed SET origin='b6a50484-93a0-4afb-a01c-8d17e059feda' WHERE addonID='kodi.binary.global.network'
2026-02-15 13:33:13.889 T:8572    debug <database>: dbiplus::SqliteDataset::exec: 0 ms for query: UPDATE installed SET enabled=1 WHERE addonID='kodi.binary.global.tools'
2026-02-15 13:33:13.889 T:8572    debug <database>: dbiplus::SqliteDataset::exec: 0 ms for query: UPDATE installed SET origin='b6a50484-93a0-4afb-a01c-8d17e059feda' WHERE addonID='kodi.binary.global.tools'
2026-02-15 13:33:13.889 T:8572    debug <database>: dbiplus::SqliteDataset::exec: 0 ms for query: UPDATE installed SET enabled=1 WHERE addonID='kodi.binary.instance.audiodecoder'
2026-02-15 13:33:13.889 T:8572    debug <database>: dbiplus::SqliteDataset::exec: 0 ms for query: UPDATE installed SET origin='b6a50484-93a0-4afb-a01c-8d17e059feda' WHERE addonID='kodi.binary.instance.audiodecoder'
2026-02-15 13:33:13.889 T:8572    debug <database>: dbiplus::SqliteDataset::exec: 0 ms for query: UPDATE installed SET enabled=1 WHERE addonID='kodi.binary.instance.audioencoder'
2026-02-15 13:33:13.889 T:8572    debug <database>: dbiplus::SqliteDataset::exec: 0 ms for query: UPDATE installed SET origin='b6a50484-93a0-4afb-a01c-8d17e059feda' WHERE addonID='kodi.binary.instance.audioencoder'
2026-02-15 13:33:13.889 T:8572    debug <database>: dbiplus::SqliteDataset::exec: 0 ms for query: UPDATE installed SET enabled=1 WHERE addonID='kodi.binary.instance.game'
2026-02-15 13:33:13.889 T:8572    debug <database>: dbiplus::SqliteDataset::exec: 0 ms for query: UPDATE installed SET origin='b6a50484-93a0-4afb-a01c-8d17e059feda' WHERE addonID='kodi.binary.instance.game'
2026-02-15 13:33:13.889 T:8572    debug <database>: dbiplus::SqliteDataset::exec: 0 ms for query: UPDATE installed SET enabled=1 WHERE addonID='kodi.binary.instance.imagedecoder'
2026-02-15 13:33:13.889 T:8572    debug <database>: dbiplus::SqliteDataset::exec: 0 ms for query: UPDATE installed SET origin='b6a50484-93a0-4afb-a01c-8d17e059feda' WHERE addonID='kodi.binary.instance.imagedecoder'
2026-02-15 13:33:13.889 T:8572    debug <database>: dbiplus::SqliteDataset::exec: 0 ms for query: UPDATE installed SET enabled=1 WHERE addonID='kodi.binary.instance.inputstream'
2026-02-15 13:33:13.889 T:8572    debug <database>: dbiplus::SqliteDataset::exec: 0 ms for query: UPDATE installed SET origin='b6a50484-93a0-4afb-a01c-8d17e059feda' WHERE addonID='kodi.binary.instance.inputstream'
2026-02-15 13:33:13.889 T:8572    debug <database>: dbiplus::SqliteDataset::exec: 0 ms for query: UPDATE installed SET enabled=1 WHERE addonID='kodi.binary.instance.peripheral'
2026-02-15 13:33:13.889 T:8572    debug <database>: dbiplus::SqliteDataset::exec: 0 ms for query: UPDATE installed SET origin='b6a50484-93a0-4afb-a01c-8d17e059feda' WHERE addonID='kodi.binary.instance.peripheral'
2026-02-15 13:33:13.889 T:8572    debug <database>: dbiplus::SqliteDataset::exec: 0 ms for query: UPDATE installed SET enabled=1 WHERE addonID='kodi.binary.instance.pvr'
2026-02-15 13:33:13.889 T:8572    debug <database>: dbiplus::SqliteDataset::exec: 0 ms for query: UPDATE installed SET origin='b6a50484-93a0-4afb-a01c-8d17e059feda' WHERE addonID='kodi.binary.instance.pvr'
2026-02-15 13:33:13.889 T:8572    debug <database>: dbiplus::SqliteDataset::exec: 0 ms for query: UPDATE installed SET enabled=1 WHERE addonID='kodi.binary.instance.screensaver'
2026-02-15 13:33:13.889 T:8572    debug <database>: dbiplus::SqliteDataset::exec: 0 ms for query: UPDATE installed SET origin='b6a50484-93a0-4afb-a01c-8d17e059feda' WHERE addonID='kodi.binary.instance.screensaver'
2026-02-15 13:33:13.889 T:8572    debug <database>: dbiplus::SqliteDataset::exec: 0 ms for query: UPDATE installed SET enabled=1 WHERE addonID='kodi.binary.instance.shaderpreset'
2026-02-15 13:33:13.889 T:8572    debug <database>: dbiplus::SqliteDataset::exec: 0 ms for query: UPDATE installed SET origin='b6a50484-93a0-4afb-a01c-8d17e059feda' WHERE addonID='kodi.binary.instance.shaderpreset'
2026-02-15 13:33:13.889 T:8572    debug <database>: dbiplus::SqliteDataset::exec: 0 ms for query: UPDATE installed SET enabled=1 WHERE addonID='kodi.binary.instance.vfs'
2026-02-15 13:33:13.889 T:8572    debug <database>: dbiplus::SqliteDataset::exec: 0 ms for query: UPDATE installed SET origin='b6a50484-93a0-4afb-a01c-8d17e059feda' WHERE addonID='kodi.binary.instance.vfs'
2026-02-15 13:33:13.889 T:8572    debug <database>: dbiplus::SqliteDataset::exec: 0 ms for query: UPDATE installed SET enabled=1 WHERE addonID='kodi.binary.instance.videocodec'
2026-02-15 13:33:13.889 T:8572    debug <database>: dbiplus::SqliteDataset::exec: 0 ms for query: UPDATE installed SET origin='b6a50484-93a0-4afb-a01c-8d17e059feda' WHERE addonID='kodi.binary.instance.videocodec'
2026-02-15 13:33:13.889 T:8572    debug <database>: dbiplus::SqliteDataset::exec: 0 ms for query: UPDATE installed SET enabled=1 WHERE addonID='kodi.binary.instance.visualization'
2026-02-15 13:33:13.889 T:8572    debug <database>: dbiplus::SqliteDataset::exec: 0 ms for query: UPDATE installed SET origin='b6a50484-93a0-4afb-a01c-8d17e059feda' WHERE addonID='kodi.binary.instance.visualization'
2026-02-15 13:33:13.889 T:8572    debug <database>: dbiplus::SqliteDataset::exec: 0 ms for query: UPDATE installed SET enabled=1 WHERE addonID='kodi.resource'
2026-02-15 13:33:13.889 T:8572    debug <database>: dbiplus::SqliteDataset::exec: 0 ms for query: UPDATE installed SET origin='b6a50484-93a0-4afb-a01c-8d17e059feda' WHERE addonID='kodi.resource'
2026-02-15 13:33:13.889 T:8572    debug <database>: dbiplus::SqliteDataset::exec: 0 ms for query: UPDATE installed SET enabled=1 WHERE addonID='metadata.album.universal'
2026-02-15 13:33:13.889 T:8572    debug <database>: dbiplus::SqliteDataset::exec: 0 ms for query: UPDATE installed SET origin='b6a50484-93a0-4afb-a01c-8d17e059feda' WHERE addonID='metadata.album.universal'
2026-02-15 13:33:13.889 T:8572    debug <database>: dbiplus::SqliteDataset::exec: 0 ms for query: UPDATE installed SET enabled=1 WHERE addonID='metadata.artists.universal'
2026-02-15 13:33:13.889 T:8572    debug <database>: dbiplus::SqliteDataset::exec: 0 ms for query: UPDATE installed SET origin='b6a50484-93a0-4afb-a01c-8d17e059feda' WHERE addonID='metadata.artists.universal'
2026-02-15 13:33:13.889 T:8572    debug <database>: dbiplus::SqliteDataset::exec: 0 ms for query: UPDATE installed SET enabled=1 WHERE addonID='metadata.common.allmusic.com'
2026-02-15 13:33:13.889 T:8572    debug <database>: dbiplus::SqliteDataset::exec: 0 ms for query: UPDATE installed SET origin='b6a50484-93a0-4afb-a01c-8d17e059feda' WHERE addonID='metadata.common.allmusic.com'
2026-02-15 13:33:13.889 T:8572    debug <database>: dbiplus::SqliteDataset::exec: 0 ms for query: UPDATE installed SET enabled=1 WHERE addonID='metadata.common.fanart.tv'
2026-02-15 13:33:13.889 T:8572    debug <database>: dbiplus::SqliteDataset::exec: 0 ms for query: UPDATE installed SET origin='b6a50484-93a0-4afb-a01c-8d17e059feda' WHERE addonID='metadata.common.fanart.tv'
2026-02-15 13:33:13.889 T:8572    debug <database>: dbiplus::SqliteDataset::exec: 0 ms for query: UPDATE installed SET enabled=1 WHERE addonID='metadata.common.musicbrainz.org'
2026-02-15 13:33:13.889 T:8572    debug <database>: dbiplus::SqliteDataset::exec: 0 ms for query: UPDATE installed SET origin='b6a50484-93a0-4afb-a01c-8d17e059feda' WHERE addonID='metadata.common.musicbrainz.org'
2026-02-15 13:33:13.889 T:8572    debug <database>: dbiplus::SqliteDataset::exec: 0 ms for query: UPDATE installed SET enabled=1 WHERE addonID='metadata.common.theaudiodb.com'
2026-02-15 13:33:13.889 T:8572    debug <database>: dbiplus::SqliteDataset::exec: 0 ms for query: UPDATE installed SET origin='b6a50484-93a0-4afb-a01c-8d17e059feda' WHERE addonID='metadata.common.theaudiodb.com'
2026-02-15 13:33:13.889 T:8572    debug <database>: dbiplus::SqliteDataset::exec: 0 ms for query: UPDATE installed SET enabled=1 WHERE addonID='metadata.generic.albums'
2026-02-15 13:33:13.889 T:8572    debug <database>: dbiplus::SqliteDataset::exec: 0 ms for query: UPDATE installed SET origin='b6a50484-93a0-4afb-a01c-8d17e059feda' WHERE addonID='metadata.generic.albums'
2026-02-15 13:33:13.889 T:8572    debug <database>: dbiplus::SqliteDataset::exec: 0 ms for query: UPDATE installed SET enabled=1 WHERE addonID='metadata.generic.artists'
2026-02-15 13:33:13.889 T:8572    debug <database>: dbiplus::SqliteDataset::exec: 0 ms for query: UPDATE installed SET origin='b6a50484-93a0-4afb-a01c-8d17e059feda' WHERE addonID='metadata.generic.artists'
2026-02-15 13:33:13.889 T:8572    debug <database>: dbiplus::SqliteDataset::exec: 0 ms for query: UPDATE installed SET enabled=1 WHERE addonID='metadata.local'
2026-02-15 13:33:13.889 T:8572    debug <database>: dbiplus::SqliteDataset::exec: 0 ms for query: UPDATE installed SET origin='b6a50484-93a0-4afb-a01c-8d17e059feda' WHERE addonID='metadata.local'
2026-02-15 13:33:13.889 T:8572    debug <database>: dbiplus::SqliteDataset::exec: 0 ms for query: UPDATE installed SET enabled=1 WHERE addonID='metadata.themoviedb.org.python'
2026-02-15 13:33:13.889 T:8572    debug <database>: dbiplus::SqliteDataset::exec: 0 ms for query: UPDATE installed SET origin='b6a50484-93a0-4afb-a01c-8d17e059feda' WHERE addonID='metadata.themoviedb.org.python'
2026-02-15 13:33:13.889 T:8572    debug <database>: dbiplus::SqliteDataset::exec: 0 ms for query: UPDATE installed SET enabled=1 WHERE addonID='metadata.tvshows.themoviedb.org.python'
2026-02-15 13:33:13.889 T:8572    debug <database>: dbiplus::SqliteDataset::exec: 0 ms for query: UPDATE installed SET origin='b6a50484-93a0-4afb-a01c-8d17e059feda' WHERE addonID='metadata.tvshows.themoviedb.org.python'
2026-02-15 13:33:13.889 T:8572    debug <database>: dbiplus::SqliteDataset::exec: 0 ms for query: UPDATE installed SET enabled=1 WHERE addonID='repository.xbmc.org'
2026-02-15 13:33:13.889 T:8572    debug <database>: dbiplus::SqliteDataset::exec: 0 ms for query: UPDATE installed SET origin='b6a50484-93a0-4afb-a01c-8d17e059feda' WHERE addonID='repository.xbmc.org'
2026-02-15 13:33:13.889 T:8572    debug <database>: dbiplus::SqliteDataset::exec: 0 ms for query: UPDATE installed SET enabled=1 WHERE addonID='resource.images.weathericons.default'
2026-02-15 13:33:13.889 T:8572    debug <database>: dbiplus::SqliteDataset::exec: 0 ms for query: UPDATE installed SET origin='b6a50484-93a0-4afb-a01c-8d17e059feda' WHERE addonID='resource.images.weathericons.default'
2026-02-15 13:33:13.889 T:8572    debug <database>: dbiplus::SqliteDataset::exec: 0 ms for query: UPDATE installed SET enabled=1 WHERE addonID='resource.language.en_gb'
2026-02-15 13:33:13.889 T:8572    debug <database>: dbiplus::SqliteDataset::exec: 0 ms for query: UPDATE installed SET origin='b6a50484-93a0-4afb-a01c-8d17e059feda' WHERE addonID='resource.language.en_gb'
2026-02-15 13:33:13.889 T:8572    debug <database>: dbiplus::SqliteDataset::exec: 0 ms for query: UPDATE installed SET enabled=1 WHERE addonID='resource.uisounds.kodi'
2026-02-15 13:33:13.889 T:8572    debug <database>: dbiplus::SqliteDataset::exec: 0 ms for query: UPDATE installed SET origin='b6a50484-93a0-4afb-a01c-8d17e059feda' WHERE addonID='resource.uisounds.kodi'
2026-02-15 13:33:13.889 T:8572    debug <database>: dbiplus::SqliteDataset::exec: 0 ms for query: UPDATE installed SET enabled=1 WHERE addonID='screensaver.xbmc.builtin.black'
2026-02-15 13:33:13.889 T:8572    debug <database>: dbiplus::SqliteDataset::exec: 0 ms for query: UPDATE installed SET origin='b6a50484-93a0-4afb-a01c-8d17e059feda' WHERE addonID='screensaver.xbmc.builtin.black'
2026-02-15 13:33:13.889 T:8572    debug <database>: dbiplus::SqliteDataset::exec: 0 ms for query: UPDATE installed SET enabled=1 WHERE addonID='screensaver.xbmc.builtin.dim'
2026-02-15 13:33:13.889 T:8572    debug <database>: dbiplus::SqliteDataset::exec: 0 ms for query: UPDATE installed SET origin='b6a50484-93a0-4afb-a01c-8d17e059feda' WHERE addonID='screensaver.xbmc.builtin.dim'
2026-02-15 13:33:13.889 T:8572    debug <database>: dbiplus::SqliteDataset::exec: 0 ms for query: UPDATE installed SET enabled=1 WHERE addonID='script.module.pil'
2026-02-15 13:33:13.889 T:8572    debug <database>: dbiplus::SqliteDataset::exec: 0 ms for query: UPDATE installed SET origin='b6a50484-93a0-4afb-a01c-8d17e059feda' WHERE addonID='script.module.pil'
2026-02-15 13:33:13.889 T:8572    debug <database>: dbiplus::SqliteDataset::exec: 0 ms for query: UPDATE installed SET enabled=1 WHERE addonID='script.module.pycryptodome'
2026-02-15 13:33:13.889 T:8572    debug <database>: dbiplus::SqliteDataset::exec: 0 ms for query: UPDATE installed SET origin='b6a50484-93a0-4afb-a01c-8d17e059feda' WHERE addonID='script.module.pycryptodome'
2026-02-15 13:33:13.889 T:8572    debug <database>: dbiplus::SqliteDataset::exec: 0 ms for query: UPDATE installed SET enabled=1 WHERE addonID='skin.estuary'
2026-02-15 13:33:13.889 T:8572    debug <database>: dbiplus::SqliteDataset::exec: 0 ms for query: UPDATE installed SET origin='b6a50484-93a0-4afb-a01c-8d17e059feda' WHERE addonID='skin.estuary'
2026-02-15 13:33:13.889 T:8572    debug <database>: dbiplus::SqliteDataset::exec: 0 ms for query: UPDATE installed SET enabled=1 WHERE addonID='webinterface.default'
2026-02-15 13:33:13.889 T:8572    debug <database>: dbiplus::SqliteDataset::exec: 0 ms for query: UPDATE installed SET origin='b6a50484-93a0-4afb-a01c-8d17e059feda' WHERE addonID='webinterface.default'
2026-02-15 13:33:13.889 T:8572    debug <database>: dbiplus::SqliteDataset::exec: 0 ms for query: UPDATE installed SET enabled=1 WHERE addonID='xbmc.addon'
2026-02-15 13:33:13.889 T:8572    debug <database>: dbiplus::SqliteDataset::exec: 0 ms for query: UPDATE installed SET origin='b6a50484-93a0-4afb-a01c-8d17e059feda' WHERE addonID='xbmc.addon'
2026-02-15 13:33:13.889 T:8572    debug <database>: dbiplus::SqliteDataset::exec: 0 ms for query: UPDATE installed SET enabled=1 WHERE addonID='xbmc.core'
2026-02-15 13:33:13.889 T:8572    debug <database>: dbiplus::SqliteDataset::exec: 0 ms for query: UPDATE installed SET origin='b6a50484-93a0-4afb-a01c-8d17e059feda' WHERE addonID='xbmc.core'
2026-02-15 13:33:13.889 T:8572    debug <database>: dbiplus::SqliteDataset::exec: 0 ms for query: UPDATE installed SET enabled=1 WHERE addonID='xbmc.gui'
2026-02-15 13:33:13.889 T:8572    debug <database>: dbiplus::SqliteDataset::exec: 0 ms for query: UPDATE installed SET origin='b6a50484-93a0-4afb-a01c-8d17e059feda' WHERE addonID='xbmc.gui'
2026-02-15 13:33:13.889 T:8572    debug <database>: dbiplus::SqliteDataset::exec: 0 ms for query: UPDATE installed SET enabled=1 WHERE addonID='xbmc.json'
2026-02-15 13:33:13.889 T:8572    debug <database>: dbiplus::SqliteDataset::exec: 0 ms for query: UPDATE installed SET origin='b6a50484-93a0-4afb-a01c-8d17e059feda' WHERE addonID='xbmc.json'
2026-02-15 13:33:13.889 T:8572    debug <database>: dbiplus::SqliteDataset::exec: 0 ms for query: UPDATE installed SET enabled=1 WHERE addonID='xbmc.metadata'
2026-02-15 13:33:13.889 T:8572    debug <database>: dbiplus::SqliteDataset::exec: 0 ms for query: UPDATE installed SET origin='b6a50484-93a0-4afb-a01c-8d17e059feda' WHERE addonID='xbmc.metadata'
2026-02-15 13:33:13.889 T:8572    debug <database>: dbiplus::SqliteDataset::exec: 0 ms for query: UPDATE installed SET enabled=1 WHERE addonID='xbmc.python'
2026-02-15 13:33:13.889 T:8572    debug <database>: dbiplus::SqliteDataset::exec: 0 ms for query: UPDATE installed SET origin='b6a50484-93a0-4afb-a01c-8d17e059feda' WHERE addonID='xbmc.python'
2026-02-15 13:33:13.889 T:8572    debug <database>: dbiplus::SqliteDataset::exec: 0 ms for query: UPDATE installed SET enabled=1 WHERE addonID='xbmc.webinterface'
2026-02-15 13:33:13.889 T:8572    debug <database>: dbiplus::SqliteDataset::exec: 0 ms for query: UPDATE installed SET origin='b6a50484-93a0-4afb-a01c-8d17e059feda' WHERE addonID='xbmc.webinterface'
2026-02-15 13:33:13.889 T:8572    debug <database>: dbiplus::SqliteDataset::exec: 0 ms for query: UPDATE installed SET origin='b6a50484-93a0-4afb-a01c-8d17e059feda' WHERE addonID='game.shader.presets'
2026-02-15 13:33:13.889 T:8572    debug <database>: dbiplus::SqliteDataset::exec: 0 ms for query: UPDATE installed SET origin='b6a50484-93a0-4afb-a01c-8d17e059feda' WHERE addonID='inputstream.adaptive'
2026-02-15 13:33:13.889 T:8572    debug <database>: dbiplus::SqliteDataset::exec: 0 ms for query: UPDATE installed SET origin='b6a50484-93a0-4afb-a01c-8d17e059feda' WHERE addonID='peripheral.joystick'
2026-02-15 13:33:13.889 T:8572    debug <database>: dbiplus::SqliteDataset::exec: 0 ms for query: UPDATE installed SET origin='b6a50484-93a0-4afb-a01c-8d17e059feda' WHERE addonID='service.xbmc.versioncheck'
2026-02-15 13:33:13.889 T:8572    debug <database>: dbiplus::SqliteDatabase::commit_transaction: Sqlite commit transaction
2026-02-15 13:33:13.890 T:8572     info <general>: Addon Manager: Found addon: 'audioencoder.kodi.builtin.aac v1.0.2'
2026-02-15 13:33:13.890 T:8572     info <general>: Addon Manager: Found addon: 'audioencoder.kodi.builtin.wma v1.0.2'
2026-02-15 13:33:13.890 T:8572     info <general>: Addon Manager: Found addon: 'game.controller.default v1.0.46'
2026-02-15 13:33:13.890 T:8572     info <general>: Addon Manager: Found addon: 'game.controller.keyboard v1.1.47'
2026-02-15 13:33:13.890 T:8572     info <general>: Addon Manager: Found addon: 'game.controller.mouse v1.0.30'
2026-02-15 13:33:13.890 T:8572     info <general>: Addon Manager: Found addon: 'game.controller.snes v1.0.46'
2026-02-15 13:33:13.890 T:8572     info <general>: Addon Manager: Found addon: 'kodi.binary.global.audioengine v1.1.1'
2026-02-15 13:33:13.890 T:8572     info <general>: Addon Manager: Found addon: 'kodi.binary.global.filesystem v1.1.10'
2026-02-15 13:33:13.890 T:8572     info <general>: Addon Manager: Found addon: 'kodi.binary.global.general v1.0.5'
2026-02-15 13:33:13.890 T:8572     info <general>: Addon Manager: Found addon: 'kodi.binary.global.gui v5.15.1'
2026-02-15 13:33:13.890 T:8572     info <general>: Addon Manager: Found addon: 'kodi.binary.global.main v2.0.2'
2026-02-15 13:33:13.890 T:8572     info <general>: Addon Manager: Found addon: 'kodi.binary.global.network v1.0.4'
2026-02-15 13:33:13.890 T:8572     info <general>: Addon Manager: Found addon: 'kodi.binary.global.tools v1.0.4'
2026-02-15 13:33:13.890 T:8572     info <general>: Addon Manager: Found addon: 'kodi.binary.instance.audiodecoder v4.0.0'
2026-02-15 13:33:13.890 T:8572     info <general>: Addon Manager: Found addon: 'kodi.binary.instance.audioencoder v3.0.0'
2026-02-15 13:33:13.890 T:8572     info <general>: Addon Manager: Found addon: 'kodi.binary.instance.game v4.1.0'
2026-02-15 13:33:13.890 T:8572     info <general>: Addon Manager: Found addon: 'kodi.binary.instance.imagedecoder v3.0.1'
2026-02-15 13:33:13.890 T:8572     info <general>: Addon Manager: Found addon: 'kodi.binary.instance.inputstream v3.4.0'
2026-02-15 13:33:13.890 T:8572     info <general>: Addon Manager: Found addon: 'kodi.binary.instance.peripheral v3.0.2'
2026-02-15 13:33:13.890 T:8572     info <general>: Addon Manager: Found addon: 'kodi.binary.instance.pvr v9.2.0'
2026-02-15 13:33:13.890 T:8572     info <general>: Addon Manager: Found addon: 'kodi.binary.instance.screensaver v2.2.0'
2026-02-15 13:33:13.890 T:8572     info <general>: Addon Manager: Found addon: 'kodi.binary.instance.shaderpreset v1.1.0'
2026-02-15 13:33:13.890 T:8572     info <general>: Addon Manager: Found addon: 'kodi.binary.instance.vfs v3.0.1'
2026-02-15 13:33:13.890 T:8572     info <general>: Addon Manager: Found addon: 'kodi.binary.instance.videocodec v2.1.0'
2026-02-15 13:33:13.890 T:8572     info <general>: Addon Manager: Found addon: 'kodi.binary.instance.visualization v4.0.0'
2026-02-15 13:33:13.890 T:8572     info <general>: Addon Manager: Found addon: 'kodi.resource v1.0.0'
2026-02-15 13:33:13.890 T:8572     info <general>: Addon Manager: Found addon: 'metadata.album.universal v3.1.18'
2026-02-15 13:33:13.890 T:8572     info <general>: Addon Manager: Found addon: 'metadata.artists.universal v4.3.21'
2026-02-15 13:33:13.890 T:8572     info <general>: Addon Manager: Found addon: 'metadata.common.allmusic.com v3.2.2'
2026-02-15 13:33:13.891 T:8572     info <general>: Addon Manager: Found addon: 'metadata.common.fanart.tv v3.6.5'
2026-02-15 13:33:13.891 T:8572     info <general>: Addon Manager: Found addon: 'metadata.common.musicbrainz.org v2.2.4'
2026-02-15 13:33:13.891 T:8572     info <general>: Addon Manager: Found addon: 'metadata.common.theaudiodb.com v2.0.3'
2026-02-15 13:33:13.891 T:8572     info <general>: Addon Manager: Found addon: 'metadata.generic.albums v1.0.18'
2026-02-15 13:33:13.891 T:8572     info <general>: Addon Manager: Found addon: 'metadata.generic.artists v1.0.18'
2026-02-15 13:33:13.891 T:8572     info <general>: Addon Manager: Found addon: 'metadata.local v1.0.1'
2026-02-15 13:33:13.891 T:8572     info <general>: Addon Manager: Found addon: 'metadata.themoviedb.org.python v3.1.3'
2026-02-15 13:33:13.891 T:8572     info <general>: Addon Manager: Found addon: 'metadata.tvshows.themoviedb.org.python v1.8.1'
2026-02-15 13:33:13.891 T:8572     info <general>: Addon Manager: Found addon: 'peripheral.joystick v22.0.5'
2026-02-15 13:33:13.891 T:8572     info <general>: Addon Manager: Found addon: 'repository.xbmc.org v3.5.0'
2026-02-15 13:33:13.891 T:8572     info <general>: Addon Manager: Found addon: 'resource.images.weathericons.default v1.1.9'
2026-02-15 13:33:13.891 T:8572     info <general>: Addon Manager: Found addon: 'resource.language.en_gb v2.0.2'
2026-02-15 13:33:13.891 T:8572     info <general>: Addon Manager: Found addon: 'resource.language.ja_jp v11.0.77'
2026-02-15 13:33:13.891 T:8572     info <general>: Addon Manager: Found addon: 'resource.uisounds.kodi v1.0.1'
2026-02-15 13:33:13.891 T:8572     info <general>: Addon Manager: Found addon: 'screensaver.xbmc.builtin.black v1.0.34'
2026-02-15 13:33:13.891 T:8572     info <general>: Addon Manager: Found addon: 'screensaver.xbmc.builtin.dim v1.0.66'
2026-02-15 13:33:13.891 T:8572     info <general>: Addon Manager: Found addon: 'script.module.pil v5.1.0'
2026-02-15 13:33:13.891 T:8572     info <general>: Addon Manager: Found addon: 'script.module.pycryptodome v3.4.3'
2026-02-15 13:33:13.891 T:8572     info <general>: Addon Manager: Found addon: 'service.xbmc.versioncheck v0.5.30+matrix.1'
2026-02-15 13:33:13.891 T:8572     info <general>: Addon Manager: Found addon: 'skin.estuary v4.1.0'
2026-02-15 13:33:13.891 T:8572     info <general>: Addon Manager: Found addon: 'webinterface.default v21.x-1.0.1'
2026-02-15 13:33:13.891 T:8572     info <general>: Addon Manager: Found addon: 'xbmc.addon v21.90.702'
2026-02-15 13:33:13.891 T:8572     info <general>: Addon Manager: Found addon: 'xbmc.core v0.1.0'
2026-02-15 13:33:13.891 T:8572     info <general>: Addon Manager: Found addon: 'xbmc.gui v5.18.0'
2026-02-15 13:33:13.891 T:8572     info <general>: Addon Manager: Found addon: 'xbmc.json v13.9.0'
2026-02-15 13:33:13.891 T:8572     info <general>: Addon Manager: Found addon: 'xbmc.metadata v2.1.0'
2026-02-15 13:33:13.891 T:8572     info <general>: Addon Manager: Found addon: 'xbmc.python v3.0.2'
2026-02-15 13:33:13.891 T:8572     info <general>: Addon Manager: Found addon: 'xbmc.webinterface v1.0.0'
2026-02-15 13:33:13.892 T:8572    debug <pvr>: PVR::CPVRManager::CPVRManager: PVR Manager instance created
2026-02-15 13:33:13.892 T:8572    debug <general>: CFavourites::Load - no system favourites found, skipping
2026-02-15 13:33:13.892 T:8572    debug <general>: CFavourites::Load - no userdata favourites found, skipping
2026-02-15 13:33:13.892 T:8156    debug <general>: Thread CWin32PowerStateWorker start, auto delete: false
2026-02-15 13:33:13.892 T:8156    debug <general>: [threads] name: 'CWin32PowerStateWorker' priority: idle
2026-02-15 13:33:13.894 T:8572    debug <general>: CWIN32Util::GetDriveStatus: Requesting status for drive \\.\D:.
2026-02-15 13:33:13.894 T:8572    debug <general>: CWIN32Util::GetDriveStatus: Requesting media status for drive \\.\D:.
2026-02-15 13:33:13.896 T:8572     info <general>: CKeyboardLayoutManager: loading keyboard layouts from special://xbmc/system/keyboardlayouts...
2026-02-15 13:33:13.896 T:8572    debug <general>: CKeyboardLayoutManager: keyboard layout "Arabic QWERTY" successfully loaded
2026-02-15 13:33:13.896 T:8572    debug <general>: CKeyboardLayoutManager: keyboard layout "Bulgarian ЯВЕРТЪ" successfully loaded
2026-02-15 13:33:13.896 T:8572    debug <general>: CKeyboardLayoutManager: keyboard layout "Bulgarian АБВ" successfully loaded
2026-02-15 13:33:13.896 T:8572    debug <general>: CKeyboardLayoutManager: keyboard layout "Chinese BasePY" successfully loaded
2026-02-15 13:33:13.897 T:8572    debug <general>: CKeyboardLayoutManager: keyboard layout "Croatian QWERTY" successfully loaded
2026-02-15 13:33:13.897 T:8572    debug <general>: CKeyboardLayoutManager: keyboard layout "Czech QWERTZ" successfully loaded
2026-02-15 13:33:13.897 T:8572    debug <general>: CKeyboardLayoutManager: keyboard layout "Danish QWERTY" successfully loaded
2026-02-15 13:33:13.897 T:8572    debug <general>: CKeyboardLayoutManager: keyboard layout "English QWERTY" successfully loaded
2026-02-15 13:33:13.897 T:8572    debug <general>: CKeyboardLayoutManager: keyboard layout "English AZERTY" successfully loaded
2026-02-15 13:33:13.897 T:8572    debug <general>: CKeyboardLayoutManager: keyboard layout "English ABC" successfully loaded
2026-02-15 13:33:13.897 T:8572    debug <general>: CKeyboardLayoutManager: keyboard layout "Estonian QWERTY" successfully loaded
2026-02-15 13:33:13.898 T:8572    debug <general>: CKeyboardLayoutManager: keyboard layout "French AZERTY" successfully loaded
2026-02-15 13:33:13.898 T:8572    debug <general>: CKeyboardLayoutManager: keyboard layout "German QWERTZ" successfully loaded
2026-02-15 13:33:13.898 T:8572    debug <general>: CKeyboardLayoutManager: keyboard layout "German ABC" successfully loaded
2026-02-15 13:33:13.898 T:8572    debug <general>: CKeyboardLayoutManager: keyboard layout "Greek QWERTY" successfully loaded
2026-02-15 13:33:13.898 T:8572    debug <general>: CKeyboardLayoutManager: keyboard layout "Hebrew QWERTY" successfully loaded
2026-02-15 13:33:13.898 T:8572    debug <general>: CKeyboardLayoutManager: keyboard layout "Hebrew ABC" successfully loaded
2026-02-15 13:33:13.898 T:8572    debug <general>: CKeyboardLayoutManager: keyboard layout "Hungarian QWERTZ" successfully loaded
2026-02-15 13:33:13.898 T:8572    debug <general>: CKeyboardLayoutManager: keyboard layout "Icelandic QWERTY" successfully loaded
2026-02-15 13:33:13.899 T:8572    debug <general>: CKeyboardLayoutManager: keyboard layout "Italian QWERTY" successfully loaded
2026-02-15 13:33:13.899 T:8572    debug <general>: CKeyboardLayoutManager: keyboard layout "Italian ABC" successfully loaded
2026-02-15 13:33:13.899 T:8572    debug <general>: CKeyboardLayoutManager: keyboard layout "Korean ㄱㄴㄷ" successfully loaded
2026-02-15 13:33:13.899 T:8572    debug <general>: CKeyboardLayoutManager: keyboard layout "Lithuanian AZERTY" successfully loaded
2026-02-15 13:33:13.899 T:8572    debug <general>: CKeyboardLayoutManager: keyboard layout "Lithuanian QWERTY" successfully loaded
2026-02-15 13:33:13.899 T:8572    debug <general>: CKeyboardLayoutManager: keyboard layout "Norwegian QWERTY" successfully loaded
2026-02-15 13:33:13.899 T:8572    debug <general>: CKeyboardLayoutManager: keyboard layout "Persian QWERTY" successfully loaded
2026-02-15 13:33:13.899 T:8572    debug <general>: CKeyboardLayoutManager: keyboard layout "Polish QWERTY" successfully loaded
2026-02-15 13:33:13.900 T:8572    debug <general>: CKeyboardLayoutManager: keyboard layout "Portuguese (Brazil) QWERTY" successfully loaded
2026-02-15 13:33:13.900 T:8572    debug <general>: CKeyboardLayoutManager: keyboard layout "Portuguese (Portugal) QWERTY" successfully loaded
2026-02-15 13:33:13.900 T:8572    debug <general>: CKeyboardLayoutManager: keyboard layout "Romanian QWERTY" successfully loaded
2026-02-15 13:33:13.900 T:8572    debug <general>: CKeyboardLayoutManager: keyboard layout "Russian ЙЦУКЕН" successfully loaded
2026-02-15 13:33:13.900 T:8572    debug <general>: CKeyboardLayoutManager: keyboard layout "Russian АБВ" successfully loaded
2026-02-15 13:33:13.900 T:8572    debug <general>: CKeyboardLayoutManager: keyboard layout "Silesian QWERTY" successfully loaded
2026-02-15 13:33:13.900 T:8572    debug <general>: CKeyboardLayoutManager: keyboard layout "Slovak QWERTZ" successfully loaded
2026-02-15 13:33:13.900 T:8572    debug <general>: CKeyboardLayoutManager: keyboard layout "Slovak QWERTY" successfully loaded
2026-02-15 13:33:13.900 T:8572    debug <general>: CKeyboardLayoutManager: keyboard layout "Slovak ABC" successfully loaded
2026-02-15 13:33:13.900 T:8572    debug <general>: CKeyboardLayoutManager: keyboard layout "Slovenian QWERTZ" successfully loaded
2026-02-15 13:33:13.901 T:8572    debug <general>: CKeyboardLayoutManager: keyboard layout "Spanish QWERTY" successfully loaded
2026-02-15 13:33:13.901 T:8572    debug <general>: CKeyboardLayoutManager: keyboard layout "Swedish QWERTY" successfully loaded
2026-02-15 13:33:13.901 T:8572    debug <general>: CKeyboardLayoutManager: keyboard layout "Thai Kedmanee" successfully loaded
2026-02-15 13:33:13.901 T:8572    debug <general>: CKeyboardLayoutManager: keyboard layout "Turkish QWERTY" successfully loaded
2026-02-15 13:33:13.901 T:8572    debug <general>: CKeyboardLayoutManager: keyboard layout "Ukrainian ЙЦУКЕН" successfully loaded
2026-02-15 13:33:13.901 T:8572    debug <general>: CKeyboardLayoutManager: keyboard layout "Ukrainian АБВ" successfully loaded
2026-02-15 13:33:13.901 T:8572    debug <general>: CApplication::CApplication::CreateGUI - trying to init default windowing system
2026-02-15 13:33:13.902 T:10868   debug <general>: Thread RemoteControl start, auto delete: false
2026-02-15 13:33:13.902 T:8572    debug <general>: [threads] name: 'RemoteControl' priority: idle
2026-02-15 13:33:13.902 T:10868    info <general>: Loading special://xbmc/system/IRSSmap.xml
2026-02-15 13:33:13.902 T:10868    info <general>: * Adding remote mapping for device 'Microsoft MCE'
2026-02-15 13:33:13.902 T:10868    info <general>: * Adding remote mapping for device 'Abstract'
2026-02-15 13:33:13.902 T:10868   debug <general>: CIRTranslator::Load - no userdata IRSSmap.xml found, skipping
2026-02-15 13:33:13.902 T:8572     info <general>: Primary mode: QXL0001 #1: 1920x1080 @ 64.00Hz
2026-02-15 13:33:13.902 T:8572     info <general>: Additional mode: QXL0001 #1: 640x480 @ 64.00Hz
2026-02-15 13:33:13.902 T:8572     info <general>: Additional mode: QXL0001 #1: 800x480 @ 64.00Hz
2026-02-15 13:33:13.902 T:8572     info <general>: Additional mode: QXL0001 #1: 800x600 @ 64.00Hz
2026-02-15 13:33:13.903 T:8572     info <general>: Additional mode: QXL0001 #1: 832x624 @ 64.00Hz
2026-02-15 13:33:13.903 T:8572     info <general>: Additional mode: QXL0001 #1: 960x640 @ 64.00Hz
2026-02-15 13:33:13.903 T:8572     info <general>: Additional mode: QXL0001 #1: 1024x600 @ 64.00Hz
2026-02-15 13:33:13.903 T:8572     info <general>: Additional mode: QXL0001 #1: 1024x768 @ 64.00Hz
2026-02-15 13:33:13.903 T:8572     info <general>: Additional mode: QXL0001 #1: 1152x864 @ 64.00Hz
2026-02-15 13:33:13.903 T:8572     info <general>: Additional mode: QXL0001 #1: 1152x870 @ 64.00Hz
2026-02-15 13:33:13.903 T:8572     info <general>: Additional mode: QXL0001 #1: 1280x720 @ 64.00Hz
2026-02-15 13:33:13.903 T:8572     info <general>: Additional mode: QXL0001 #1: 1280x760 @ 64.00Hz
2026-02-15 13:33:13.903 T:8572     info <general>: Additional mode: QXL0001 #1: 1280x768 @ 64.00Hz
2026-02-15 13:33:13.903 T:8572     info <general>: Additional mode: QXL0001 #1: 1280x800 @ 64.00Hz
2026-02-15 13:33:13.904 T:8572     info <general>: Additional mode: QXL0001 #1: 1280x960 @ 64.00Hz
2026-02-15 13:33:13.904 T:8572     info <general>: Additional mode: QXL0001 #1: 1280x1024 @ 64.00Hz
2026-02-15 13:33:13.904 T:8572     info <general>: Additional mode: QXL0001 #1: 1360x768 @ 64.00Hz
2026-02-15 13:33:13.904 T:8572     info <general>: Additional mode: QXL0001 #1: 1366x768 @ 64.00Hz
2026-02-15 13:33:13.904 T:8572     info <general>: Additional mode: QXL0001 #1: 1400x1050 @ 64.00Hz
2026-02-15 13:33:13.904 T:8572     info <general>: Additional mode: QXL0001 #1: 1440x900 @ 64.00Hz
2026-02-15 13:33:13.904 T:8572     info <general>: Additional mode: QXL0001 #1: 1600x900 @ 64.00Hz
2026-02-15 13:33:13.904 T:8572     info <general>: Additional mode: QXL0001 #1: 1600x1200 @ 64.00Hz
2026-02-15 13:33:13.904 T:8572     info <general>: Additional mode: QXL0001 #1: 1680x1050 @ 64.00Hz
2026-02-15 13:33:13.904 T:8572     info <general>: Additional mode: QXL0001 #1: 1920x1080 @ 64.00Hz
2026-02-15 13:33:13.904 T:8572     info <general>: Additional mode: QXL0001 #1: 1920x1200 @ 64.00Hz
2026-02-15 13:33:13.904 T:8572     info <general>: Additional mode: QXL0001 #1: 1920x1440 @ 64.00Hz
2026-02-15 13:33:13.904 T:8572     info <general>: Additional mode: QXL0001 #1: 2000x2000 @ 64.00Hz
2026-02-15 13:33:13.904 T:8572     info <general>: Additional mode: QXL0001 #1: 2048x1536 @ 64.00Hz
2026-02-15 13:33:13.904 T:8572     info <general>: Additional mode: QXL0001 #1: 2048x2048 @ 64.00Hz
2026-02-15 13:33:13.904 T:10868   debug <general>: CIRServerSuite::Connect: connecting to: ::1:24000 ...
2026-02-15 13:33:13.905 T:8572     info <general>: Additional mode: QXL0001 #1: 2560x1440 @ 64.00Hz
2026-02-15 13:33:13.905 T:8572     info <general>: Additional mode: QXL0001 #1: 2560x1600 @ 64.00Hz
2026-02-15 13:33:13.905 T:8572     info <general>: CApplication::CApplication::CreateGUI - using the default windowing system
2026-02-15 13:33:13.905 T:8572     info <general>: Checking resolution 15
2026-02-15 13:33:13.909 T:8572    debug <general>: DX::DeviceResources::HandleOutputChange: selected Microsoft Basic Render Driver adapter. 
2026-02-15 13:33:13.909 T:8572    debug <general>: CWinSystemWin32DX::InitHooks: Hooking into UserModeDriver on device \Registry\Machine\System\CurrentControlSet\Control\Video\{3554A195-A102-11F0-90C3-806E6F6E6963}\0000. 
2026-02-15 13:33:13.909 T:8572    debug <general>: CWinSystemWin32DX::InitHooks: error open registry key with error 2.
2026-02-15 13:33:13.910 T:8572    debug <general>: DX::DeviceResources::CreateDeviceResources: creating DirectX 11 device.
2026-02-15 13:33:13.914 T:8572    error <general>: DX::DeviceResources::CreateDeviceResources: unable to create hardware device with video support, error 0x887A0004 DXGI_ERROR_UNSUPPORTED (指定されたデバイス インターフェイスまたは機能レベルがこのシステムでサポートされていません。)
2026-02-15 13:33:13.914 T:8572    error <general>: DX::DeviceResources::CreateDeviceResources: trying to create hardware device without video support.
2026-02-15 13:33:13.916 T:8572     info <general>: DX::DeviceResources::CheckNV12SharedTexturesSupport: extended NV12 shared textures is supported
2026-02-15 13:33:13.916 T:8572     info <general>: DX::DeviceResources::CreateDeviceResources: device is created on adapter 'Microsoft Basic Render Driver' with D3D_FEATURE_LEVEL_12_1
2026-02-15 13:33:13.916 T:8572     info <general>: VideoDriverInfo::Log: video driver version is Microsoft 10.0.26100.7705
2026-02-15 13:33:13.916 T:8572     info <general>: DX::DeviceResources::CheckDXVA2SharedDecoderSurfaces: DXVA2 shared decoder surfaces is NOT supported
2026-02-15 13:33:13.917 T:8572    debug <general>: CWinSystemWin32::AdjustWindow: adjusting window if required.
2026-02-15 13:33:13.917 T:8572    debug <general>: CWinSystemWin32::AdjustWindow: resizing due to size change (600,287,1320,767)->(592,256,1328,775)
2026-02-15 13:33:13.920 T:8572    debug <windowing>: CWinEventsWin32::WndProc: WM_ACTIVATE -> window is active
2026-02-15 13:33:13.920 T:8572    debug <windowing>: CWinEventsWin32::WndProc: window is active
2026-02-15 13:33:13.925 T:8572    debug <windowing>: CWinEventsWin32::WndProc: window focus set
2026-02-15 13:33:13.926 T:8572    debug <windowing>: CWinEventsWin32::WndProc: window move event
2026-02-15 13:33:13.926 T:8572    debug <windowing>: CWinEventsWin32::WndProc: window resize event 720 x 480
2026-02-15 13:33:13.926 T:8572    debug <general>: DX::DeviceResources::ReleaseBackBuffer: release buffers.
2026-02-15 13:33:13.926 T:8572    debug <general>: DX::DeviceResources::SetLogicalSize: receive changing logical size to 720.000000 x 480.000000
2026-02-15 13:33:13.926 T:8572    debug <general>: DX::DeviceResources::SetLogicalSize: change logical size to 720.000000 x 480.000000
2026-02-15 13:33:13.926 T:8572    debug <general>: DX::DeviceResources::ResizeBuffers: resize buffers.
2026-02-15 13:33:13.929 T:8572     info <general>: DX::DeviceResources::ResizeBuffers: 8 bit swapchain is used with 6 flip discard buffers and SDR output (format B8G8R8A8_UNORM)
2026-02-15 13:33:13.929 T:8572    debug <video>: DX::DeviceResources::ResizeBuffers: Color spaces supported by the swap chain:
                                                   RGB_FULL_G22_NONE_P709
                                                   RGB_STUDIO_G22_NONE_P709
                                                   RGB_STUDIO_G22_NONE_P2020
                                                   RGB_FULL_G2084_NONE_P2020
                                                   RGB_STUDIO_G2084_NONE_P2020
                                                   RGB_FULL_G22_NONE_P2020
                                                   RGB_STUDIO_G24_NONE_P709
                                                   RGB_STUDIO_G24_NONE_P2020
2026-02-15 13:33:13.929 T:8572    debug <general>: DX::DeviceResources::ResizeBuffers: end resize buffers.
2026-02-15 13:33:13.929 T:8572    debug <general>: DX::DeviceResources::CreateBackBuffer: create buffers.
2026-02-15 13:33:13.930 T:8572    debug <general>: CD3DVertexShader::CreateInternal: creating vertex shader.
2026-02-15 13:33:13.930 T:8572    debug <general>: CD3DVertexShader::CreateInternal: creating input layout.
2026-02-15 13:33:13.930 T:8572    debug <general>: CD3DPixelShader::CreateInternal: Create the pixel shader.
2026-02-15 13:33:13.931 T:8572    debug <general>: Skipped 10 duplicate messages..
2026-02-15 13:33:13.931 T:8572     info <general>: RetroPlayer[RENDER]: Registering renderer factory for DirectX
2026-02-15 13:33:13.931 T:8572    debug <general>: CWinSystemWin32::AdjustWindow: adjusting window if required.
2026-02-15 13:33:13.931 T:8572    debug <general>: guilib: Fill viewport on change for solving rendering passes
2026-02-15 13:33:13.932 T:8572    debug <general>: ffmpeg[0x0]: [mjpeg] marker=d8 avail_size_in_buf=388989
2026-02-15 13:33:13.932 T:8572    debug <general>: ffmpeg[0x0]: [mjpeg] marker parser used 0 bytes (0 bits)
2026-02-15 13:33:13.932 T:8572    debug <general>: ffmpeg[0x0]: [mjpeg] marker=e1 avail_size_in_buf=388987
2026-02-15 13:33:13.932 T:8572    debug <general>: ffmpeg[0x0]: [mjpeg] marker parser used 23 bytes (184 bits)
2026-02-15 13:33:13.932 T:8572    debug <general>: ffmpeg[0x0]: [mjpeg] marker=ec avail_size_in_buf=388961
2026-02-15 13:33:13.932 T:8572    debug <general>: ffmpeg[0x0]: [mjpeg] marker parser used 16 bytes (128 bits)
2026-02-15 13:33:13.932 T:8572    debug <general>: ffmpeg[0x0]: [mjpeg] marker=ee avail_size_in_buf=388942
2026-02-15 13:33:13.932 T:8572    debug <general>: ffmpeg[0x0]: [mjpeg] marker parser used 33 bytes (264 bits)
2026-02-15 13:33:13.932 T:8572    debug <general>: ffmpeg[0x0]: [mjpeg] marker=db avail_size_in_buf=388907
2026-02-15 13:33:13.932 T:8572    debug <general>: ffmpeg[0x0]: [mjpeg] index=0
2026-02-15 13:33:13.932 T:8572    debug <general>: ffmpeg[0x0]: [mjpeg] qscale[0]: 3
2026-02-15 13:33:13.932 T:8572    debug <general>: ffmpeg[0x0]: [mjpeg] index=1
2026-02-15 13:33:13.932 T:8572    debug <general>: ffmpeg[0x0]: [mjpeg] qscale[1]: 4
2026-02-15 13:33:13.932 T:8572    debug <general>: ffmpeg[0x0]: [mjpeg] marker parser used 132 bytes (1056 bits)
2026-02-15 13:33:13.932 T:8572    debug <general>: ffmpeg[0x0]: [mjpeg] marker=c2 avail_size_in_buf=388773
2026-02-15 13:33:13.932 T:8572    debug <general>: ffmpeg[0x0]: [mjpeg] Changing bps from 0 to 8
2026-02-15 13:33:13.932 T:8572    debug <general>: ffmpeg[0x0]: [mjpeg] sof0: picture: 1920x1080
2026-02-15 13:33:13.932 T:8572    debug <general>: ffmpeg[0x0]: [mjpeg] component 0 2:2 id: 1 quant:0
2026-02-15 13:33:13.932 T:8572    debug <general>: ffmpeg[0x0]: [mjpeg] component 1 1:1 id: 2 quant:1
2026-02-15 13:33:13.932 T:8572    debug <general>: ffmpeg[0x0]: [mjpeg] component 2 1:1 id: 3 quant:1
2026-02-15 13:33:13.932 T:8572    debug <general>: ffmpeg[0x0]: [mjpeg] pix fmt id 22111100
2026-02-15 13:33:13.932 T:8572    debug <general>: ffmpeg[0x0]: [mjpeg] Format yuvj420p chosen by get_format().
2026-02-15 13:33:13.934 T:8572    debug <general>: ffmpeg[0x0]: [mjpeg] marker parser used 17 bytes (136 bits)
2026-02-15 13:33:13.934 T:8572    debug <general>: ffmpeg[0x0]: [mjpeg] marker=c4 avail_size_in_buf=388754
2026-02-15 13:33:13.934 T:8572    debug <general>: ffmpeg[0x0]: [mjpeg] class=0 index=0 nb_codes=9
2026-02-15 13:33:13.934 T:8572    debug <general>: ffmpeg[0x0]: [mjpeg] class=0 index=1 nb_codes=7
2026-02-15 13:33:13.934 T:8572    debug <general>: ffmpeg[0x0]: [mjpeg] class=1 index=0 nb_codes=31
2026-02-15 13:33:13.934 T:8572    debug <general>: ffmpeg[0x0]: [mjpeg] class=1 index=1 nb_codes=51
2026-02-15 13:33:13.934 T:8572    debug <general>: ffmpeg[0x0]: [mjpeg] class=1 index=2 nb_codes=35
2026-02-15 13:33:13.934 T:8572    debug <general>: ffmpeg[0x0]: [mjpeg] class=1 index=3 nb_codes=22
2026-02-15 13:33:13.934 T:8572    debug <general>: ffmpeg[0x0]: [mjpeg] marker parser used 259 bytes (2072 bits)
2026-02-15 13:33:13.934 T:8572    debug <general>: ffmpeg[0x0]: [mjpeg] escaping removed 353260 bytes
2026-02-15 13:33:13.934 T:8572    debug <general>: ffmpeg[0x0]: [mjpeg] marker=da avail_size_in_buf=388493
2026-02-15 13:33:13.934 T:8572    debug <general>: ffmpeg[0x0]: [mjpeg] component: 1
2026-02-15 13:33:13.934 T:8572    debug <general>: ffmpeg[0x0]: [mjpeg] component: 2
2026-02-15 13:33:13.934 T:8572    debug <general>: ffmpeg[0x0]: [mjpeg] component: 3
2026-02-15 13:33:13.935 T:8572    debug <general>: ffmpeg[0x0]: [mjpeg] marker parser used 35232 bytes (281854 bits)
2026-02-15 13:33:13.935 T:8572    debug <general>: ffmpeg[0x0]: [mjpeg] escaping removed 340584 bytes
2026-02-15 13:33:13.935 T:8572    debug <general>: ffmpeg[0x0]: [mjpeg] marker=da avail_size_in_buf=353234
2026-02-15 13:33:13.935 T:8572    debug <general>: ffmpeg[0x0]: [mjpeg] component: 2
2026-02-15 13:33:13.935 T:8572    debug <general>: ffmpeg[0x0]: [mjpeg] marker parser used 12649 bytes (101187 bits)
2026-02-15 13:33:13.935 T:8572    debug <general>: ffmpeg[0x0]: [mjpeg] escaping removed 326701 bytes
2026-02-15 13:33:13.935 T:8572    debug <general>: ffmpeg[0x0]: [mjpeg] marker=da avail_size_in_buf=340563
2026-02-15 13:33:13.935 T:8572    debug <general>: ffmpeg[0x0]: [mjpeg] component: 3
2026-02-15 13:33:13.935 T:8572    debug <general>: ffmpeg[0x0]: [mjpeg] marker parser used 13861 bytes (110881 bits)
2026-02-15 13:33:13.935 T:8572    debug <general>: ffmpeg[0x0]: [mjpeg] escaping removed 255981 bytes
2026-02-15 13:33:13.935 T:8572    debug <general>: ffmpeg[0x0]: [mjpeg] marker=da avail_size_in_buf=326667
2026-02-15 13:33:13.935 T:8572    debug <general>: ffmpeg[0x0]: [mjpeg] component: 1
2026-02-15 13:33:13.936 T:8572    debug <general>: ffmpeg[0x0]: [mjpeg] marker parser used 70685 bytes (565477 bits)
2026-02-15 13:33:13.936 T:8572    debug <general>: ffmpeg[0x0]: [mjpeg] escaping removed 249278 bytes
2026-02-15 13:33:13.936 T:8572    debug <general>: ffmpeg[0x0]: [mjpeg] marker=da avail_size_in_buf=255716
2026-02-15 13:33:13.936 T:8572    debug <general>: ffmpeg[0x0]: [mjpeg] component: 2
2026-02-15 13:33:13.936 T:8572    debug <general>: ffmpeg[0x0]: [mjpeg] marker parser used 6437 bytes (51494 bits)
2026-02-15 13:33:13.936 T:8572    debug <general>: ffmpeg[0x0]: [mjpeg] escaping removed 240012 bytes
2026-02-15 13:33:13.936 T:8572    debug <general>: ffmpeg[0x0]: [mjpeg] marker=da avail_size_in_buf=249247
2026-02-15 13:33:13.936 T:8572    debug <general>: ffmpeg[0x0]: [mjpeg] component: 3
2026-02-15 13:33:13.937 T:8572    debug <general>: ffmpeg[0x0]: [mjpeg] marker parser used 9234 bytes (73865 bits)
2026-02-15 13:33:13.937 T:8572    debug <general>: ffmpeg[0x0]: [mjpeg] escaping removed 165280 bytes
2026-02-15 13:33:13.937 T:8572    debug <general>: ffmpeg[0x0]: [mjpeg] marker=da avail_size_in_buf=239985
2026-02-15 13:33:13.937 T:8572    debug <general>: ffmpeg[0x0]: [mjpeg] component: 1
2026-02-15 13:33:13.938 T:8572    debug <general>: ffmpeg[0x0]: [mjpeg] marker parser used 74704 bytes (597628 bits)
2026-02-15 13:33:13.938 T:8572    debug <general>: ffmpeg[0x0]: [mjpeg] escaping removed 138474 bytes
2026-02-15 13:33:13.938 T:8572    debug <general>: ffmpeg[0x0]: [mjpeg] marker=da avail_size_in_buf=165002
2026-02-15 13:33:13.938 T:8572    debug <general>: ffmpeg[0x0]: [mjpeg] component: 2
2026-02-15 13:33:13.938 T:8572    debug <general>: ffmpeg[0x0]: [mjpeg] marker parser used 26527 bytes (212214 bits)
2026-02-15 13:33:13.938 T:8572    debug <general>: ffmpeg[0x0]: [mjpeg] escaping removed 108683 bytes
2026-02-15 13:33:13.938 T:8572    debug <general>: ffmpeg[0x0]: [mjpeg] marker=da avail_size_in_buf=138411
2026-02-15 13:33:13.938 T:8572    debug <general>: ffmpeg[0x0]: [mjpeg] component: 3
2026-02-15 13:33:13.939 T:8572    debug <general>: ffmpeg[0x0]: [mjpeg] marker parser used 29727 bytes (237813 bits)
2026-02-15 13:33:13.939 T:8572    debug <general>: ffmpeg[0x0]: [mjpeg] escaping removed 267 bytes
2026-02-15 13:33:13.940 T:8572    debug <general>: ffmpeg[0x0]: [mjpeg] marker=da avail_size_in_buf=108629
2026-02-15 13:33:13.940 T:8572    debug <general>: ffmpeg[0x0]: [mjpeg] component: 1
2026-02-15 13:33:13.943 T:8572    debug <general>: ffmpeg[0x0]: [mjpeg] marker parser used 108361 bytes (866884 bits)
2026-02-15 13:33:13.943 T:8572    debug <general>: ffmpeg[0x0]: [mjpeg] marker=d9 avail_size_in_buf=0
2026-02-15 13:33:13.944 T:8572    debug <general>: ffmpeg[0x0]: [mjpeg] decode frame unused 0 bytes
2026-02-15 13:33:13.950 T:8572     info <general>: load keymapping
2026-02-15 13:33:13.950 T:8572     info <general>: Loading special://xbmc/system/keymaps/appcommand.xml
2026-02-15 13:33:13.951 T:8572     info <general>: Loading special://xbmc/system/keymaps/customcontroller.Harmony.xml
2026-02-15 13:33:13.951 T:8572     info <general>: Loading special://xbmc/system/keymaps/customcontroller.SiriRemote.xml
2026-02-15 13:33:13.951 T:8572     info <general>: Loading special://xbmc/system/keymaps/gamepad.xml
2026-02-15 13:33:13.952 T:8572     info <general>: Loading special://xbmc/system/keymaps/joystick.xml
2026-02-15 13:33:13.952 T:8572     info <general>: Loading special://xbmc/system/keymaps/keyboard.xml
2026-02-15 13:33:13.953 T:8572     info <general>: Loading special://xbmc/system/keymaps/mouse.xml
2026-02-15 13:33:13.953 T:8572     info <general>: Loading special://xbmc/system/keymaps/remote.xml
2026-02-15 13:33:13.954 T:8572     info <general>: Loading special://xbmc/system/keymaps/touchscreen.xml
2026-02-15 13:33:13.954 T:8572     info <general>: GUI format 720x480, Display Windowed
2026-02-15 13:33:13.954 T:5384    debug <general>: Thread ActiveAE start, auto delete: false
2026-02-15 13:33:13.954 T:5340    debug <general>: Thread AESink start, auto delete: false
2026-02-15 13:33:13.954 T:5384    debug <general>: [threads] name: 'AESink' priority: above normal
2026-02-15 13:33:13.954 T:5340    debug <general>: [threads] name: 'AESink' task: Audio
2026-02-15 13:33:14.619 T:5384     info <general>: Found 3 Lists of Devices
2026-02-15 13:33:14.619 T:5384     info <general>: Enumerated DIRECTSOUND devices:
2026-02-15 13:33:14.619 T:5384     info <general>:     Device 1
2026-02-15 13:33:14.619 T:5384     info <general>:         m_deviceName      : {07842D0A-4706-4181-B7B1-83BE1107ACD4}
2026-02-15 13:33:14.619 T:5384     info <general>:         m_displayName     : LineLevel - CABLE In 16ch (VB-Audio Virtual Cable)
2026-02-15 13:33:14.619 T:5384     info <general>:         m_displayNameExtra: DIRECTSOUND: CABLE In 16ch (VB-Audio Virtual Cable)
2026-02-15 13:33:14.619 T:5384     info <general>:         m_deviceType      : AE_DEVTYPE_PCM
2026-02-15 13:33:14.619 T:5384     info <general>:         m_channels        : FL, FR
2026-02-15 13:33:14.619 T:5384     info <general>:         m_sampleRates     : 48000
2026-02-15 13:33:14.619 T:5384     info <general>:         m_dataFormats     : AE_FMT_FLOAT
2026-02-15 13:33:14.619 T:5384     info <general>:         m_streamTypes     : No passthrough capabilities
2026-02-15 13:33:14.619 T:5384     info <general>:     Device 2
2026-02-15 13:33:14.619 T:5384     info <general>:         m_deviceName      : {3209B86E-CDB1-42E4-95AE-F1F65626A291}
2026-02-15 13:33:14.619 T:5384     info <general>:         m_displayName     : Speakers - スピーカー (High Definition Audio Device)
2026-02-15 13:33:14.619 T:5384     info <general>:         m_displayNameExtra: DIRECTSOUND: スピーカー (High Definition Audio Device)
2026-02-15 13:33:14.619 T:5384     info <general>:         m_deviceType      : AE_DEVTYPE_PCM
2026-02-15 13:33:14.619 T:5384     info <general>:         m_channels        : FL, FR
2026-02-15 13:33:14.619 T:5384     info <general>:         m_sampleRates     : 48000
2026-02-15 13:33:14.619 T:5384     info <general>:         m_dataFormats     : AE_FMT_FLOAT
2026-02-15 13:33:14.619 T:5384     info <general>:         m_streamTypes     : No passthrough capabilities
2026-02-15 13:33:14.619 T:5384     info <general>:     Device 3
2026-02-15 13:33:14.619 T:5384     info <general>:         m_deviceName      : {BFF9ECA2-27FE-4B28-BA7B-28A07F6DD9BC}
2026-02-15 13:33:14.619 T:5384     info <general>:         m_displayName     : SPDIF - SPDIF インターフェイス (4- FX-D03J+ L2)
2026-02-15 13:33:14.619 T:5384     info <general>:         m_displayNameExtra: DIRECTSOUND: SPDIF インターフェイス (4- FX-D03J+ L2)
2026-02-15 13:33:14.619 T:5384     info <general>:         m_deviceType      : AE_DEVTYPE_IEC958
2026-02-15 13:33:14.619 T:5384     info <general>:         m_channels        : FL, FR
2026-02-15 13:33:14.619 T:5384     info <general>:         m_sampleRates     : 192000
2026-02-15 13:33:14.619 T:5384     info <general>:         m_dataFormats     : AE_FMT_FLOAT,AE_FMT_RAW
2026-02-15 13:33:14.619 T:5384     info <general>:         m_streamTypes     : STREAM_TYPE_AC3,STREAM_TYPE_DTSHD_CORE,STREAM_TYPE_DTS_1024,STREAM_TYPE_DTS_2048,STREAM_TYPE_DTS_512
2026-02-15 13:33:14.619 T:5384     info <general>:     Device 4
2026-02-15 13:33:14.619 T:5384     info <general>:         m_deviceName      : default
2026-02-15 13:33:14.619 T:5384     info <general>:         m_displayName     : default
2026-02-15 13:33:14.619 T:5384     info <general>:         m_displayNameExtra: 
2026-02-15 13:33:14.619 T:5384     info <general>:         m_deviceType      : AE_DEVTYPE_IEC958
2026-02-15 13:33:14.619 T:5384     info <general>:         m_channels        : FL, FR
2026-02-15 13:33:14.619 T:5384     info <general>:         m_sampleRates     : 192000
2026-02-15 13:33:14.619 T:5384     info <general>:         m_dataFormats     : AE_FMT_FLOAT,AE_FMT_RAW
2026-02-15 13:33:14.619 T:5384     info <general>:         m_streamTypes     : STREAM_TYPE_AC3,STREAM_TYPE_DTSHD_CORE,STREAM_TYPE_DTS_1024,STREAM_TYPE_DTS_2048,STREAM_TYPE_DTS_512
2026-02-15 13:33:14.619 T:5384     info <general>:     Device 5
2026-02-15 13:33:14.619 T:5384     info <general>:         m_deviceName      : {EBC251A2-20E2-450C-8169-75CC184ABE83}
2026-02-15 13:33:14.619 T:5384     info <general>:         m_displayName     : Speakers - CABLE Input (VB-Audio Virtual Cable)
2026-02-15 13:33:14.619 T:5384     info <general>:         m_displayNameExtra: DIRECTSOUND: CABLE Input (VB-Audio Virtual Cable)
2026-02-15 13:33:14.619 T:5384     info <general>:         m_deviceType      : AE_DEVTYPE_PCM
2026-02-15 13:33:14.619 T:5384     info <general>:         m_channels        : FL, FR
2026-02-15 13:33:14.619 T:5384     info <general>:         m_sampleRates     : 192000
2026-02-15 13:33:14.619 T:5384     info <general>:         m_dataFormats     : AE_FMT_FLOAT
2026-02-15 13:33:14.619 T:5384     info <general>:         m_streamTypes     : No passthrough capabilities
2026-02-15 13:33:14.619 T:5384     info <general>: Enumerated WASAPI devices:
2026-02-15 13:33:14.619 T:5384     info <general>:     Device 1
2026-02-15 13:33:14.619 T:5384     info <general>:         m_deviceName      : {07842D0A-4706-4181-B7B1-83BE1107ACD4}
2026-02-15 13:33:14.619 T:5384     info <general>:         m_displayName     : LineLevel - CABLE In 16ch (VB-Audio Virtual Cable)
2026-02-15 13:33:14.619 T:5384     info <general>:         m_displayNameExtra: WASAPI: CABLE In 16ch (VB-Audio Virtual Cable)
2026-02-15 13:33:14.619 T:5384     info <general>:         m_deviceType      : AE_DEVTYPE_PCM
2026-02-15 13:33:14.619 T:5384     info <general>:         m_channels        : FL, FR
2026-02-15 13:33:14.619 T:5384     info <general>:         m_sampleRates     : 192000,176400,96000,88200,48000,44100,32000,22050,11025
2026-02-15 13:33:14.619 T:5384     info <general>:         m_dataFormats     : AE_FMT_S24NE3,AE_FMT_S24LE3,AE_FMT_S24BE3,AE_FMT_S16NE,AE_FMT_S16LE,AE_FMT_S16BE
2026-02-15 13:33:14.619 T:5384     info <general>:         m_streamTypes     : No passthrough capabilities
2026-02-15 13:33:14.619 T:5384     info <general>:     Device 2
2026-02-15 13:33:14.619 T:5384     info <general>:         m_deviceName      : {3209B86E-CDB1-42E4-95AE-F1F65626A291}
2026-02-15 13:33:14.619 T:5384     info <general>:         m_displayName     : Speakers - スピーカー (High Definition Audio Device)
2026-02-15 13:33:14.619 T:5384     info <general>:         m_displayNameExtra: WASAPI: スピーカー (High Definition Audio Device)
2026-02-15 13:33:14.619 T:5384     info <general>:         m_deviceType      : AE_DEVTYPE_PCM
2026-02-15 13:33:14.619 T:5384     info <general>:         m_channels        : FL, FR
2026-02-15 13:33:14.619 T:5384     info <general>:         m_sampleRates     : 96000,88200,48000,44100,32000,22050
2026-02-15 13:33:14.619 T:5384     info <general>:         m_dataFormats     : AE_FMT_S16NE,AE_FMT_S16LE,AE_FMT_S16BE
2026-02-15 13:33:14.619 T:5384     info <general>:         m_streamTypes     : No passthrough capabilities
2026-02-15 13:33:14.619 T:5384     info <general>:     Device 3
2026-02-15 13:33:14.619 T:5384     info <general>:         m_deviceName      : {BFF9ECA2-27FE-4B28-BA7B-28A07F6DD9BC}
2026-02-15 13:33:14.619 T:5384     info <general>:         m_displayName     : SPDIF - SPDIF インターフェイス (4- FX-D03J+ L2)
2026-02-15 13:33:14.619 T:5384     info <general>:         m_displayNameExtra: WASAPI: SPDIF インターフェイス (4- FX-D03J+ L2)
2026-02-15 13:33:14.619 T:5384     info <general>:         m_deviceType      : AE_DEVTYPE_IEC958
2026-02-15 13:33:14.619 T:5384     info <general>:         m_channels        : FL, FR
2026-02-15 13:33:14.619 T:5384     info <general>:         m_sampleRates     : 192000,176400,96000,88200,48000,44100
2026-02-15 13:33:14.619 T:5384     info <general>:         m_dataFormats     : AE_FMT_S24NE3,AE_FMT_S24LE3,AE_FMT_S24BE3,AE_FMT_S16NE,AE_FMT_S16LE,AE_FMT_S16BE
2026-02-15 13:33:14.619 T:5384     info <general>:         m_streamTypes     : No passthrough capabilities
2026-02-15 13:33:14.619 T:5384     info <general>:     Device 4
2026-02-15 13:33:14.619 T:5384     info <general>:         m_deviceName      : default
2026-02-15 13:33:14.619 T:5384     info <general>:         m_displayName     : default
2026-02-15 13:33:14.619 T:5384     info <general>:         m_displayNameExtra: 
2026-02-15 13:33:14.619 T:5384     info <general>:         m_deviceType      : AE_DEVTYPE_IEC958
2026-02-15 13:33:14.619 T:5384     info <general>:         m_channels        : FL, FR
2026-02-15 13:33:14.619 T:5384     info <general>:         m_sampleRates     : 192000,176400,96000,88200,48000,44100
2026-02-15 13:33:14.619 T:5384     info <general>:         m_dataFormats     : AE_FMT_S24NE3,AE_FMT_S24LE3,AE_FMT_S24BE3,AE_FMT_S16NE,AE_FMT_S16LE,AE_FMT_S16BE
2026-02-15 13:33:14.619 T:5384     info <general>:         m_streamTypes     : No passthrough capabilities
2026-02-15 13:33:14.619 T:5384     info <general>:     Device 5
2026-02-15 13:33:14.619 T:5384     info <general>:         m_deviceName      : {EBC251A2-20E2-450C-8169-75CC184ABE83}
2026-02-15 13:33:14.619 T:5384     info <general>:         m_displayName     : Speakers - CABLE Input (VB-Audio Virtual Cable)
2026-02-15 13:33:14.619 T:5384     info <general>:         m_displayNameExtra: WASAPI: CABLE Input (VB-Audio Virtual Cable)
2026-02-15 13:33:14.619 T:5384     info <general>:         m_deviceType      : AE_DEVTYPE_PCM
2026-02-15 13:33:14.619 T:5384     info <general>:         m_channels        : FL, FR
2026-02-15 13:33:14.619 T:5384     info <general>:         m_sampleRates     : 192000,176400,96000,88200,48000,44100,32000,22050,11025
2026-02-15 13:33:14.619 T:5384     info <general>:         m_dataFormats     : AE_FMT_S24NE3,AE_FMT_S24LE3,AE_FMT_S24BE3,AE_FMT_S16NE,AE_FMT_S16LE,AE_FMT_S16BE
2026-02-15 13:33:14.619 T:5384     info <general>:         m_streamTypes     : No passthrough capabilities
2026-02-15 13:33:14.619 T:5384     info <general>: Enumerated XAUDIO devices:
2026-02-15 13:33:14.619 T:5384     info <general>:     Device 1
2026-02-15 13:33:14.619 T:5384     info <general>:         m_deviceName      : \\?\SWD#MMDEVAPI#{0.0.0.00000000}.{3209b86e-cdb1-42e4-95ae-f1f65626a291}#{e6327cad-dcec-4949-ae8a-991e976a79d2}
2026-02-15 13:33:14.619 T:5384     info <general>:         m_displayName     : Speakers - スピーカー (High Definition Audio Device)
2026-02-15 13:33:14.619 T:5384     info <general>:         m_displayNameExtra: XAudio: スピーカー (High Definition Audio Device)
2026-02-15 13:33:14.619 T:5384     info <general>:         m_deviceType      : AE_DEVTYPE_PCM
2026-02-15 13:33:14.619 T:5384     info <general>:         m_channels        : FL, FR
2026-02-15 13:33:14.619 T:5384     info <general>:         m_sampleRates     : 192000,176400,96000,88200,48000,44100,32000,22050,11025
2026-02-15 13:33:14.619 T:5384     info <general>:         m_dataFormats     : AE_FMT_FLOAT,AE_FMT_S24NE3,AE_FMT_S24LE3,AE_FMT_S24BE3,AE_FMT_S24NE4MSB,AE_FMT_S32NE,AE_FMT_S32LE,AE_FMT_S32BE,AE_FMT_S16NE,AE_FMT_S16LE,AE_FMT_S16BE,AE_FMT_U8
2026-02-15 13:33:14.619 T:5384     info <general>:         m_streamTypes     : No passthrough capabilities
2026-02-15 13:33:14.619 T:5384     info <general>:     Device 2
2026-02-15 13:33:14.619 T:5384     info <general>:         m_deviceName      : \\?\SWD#MMDEVAPI#{0.0.0.00000000}.{07842d0a-4706-4181-b7b1-83be1107acd4}#{e6327cad-dcec-4949-ae8a-991e976a79d2}
2026-02-15 13:33:14.619 T:5384     info <general>:         m_displayName     : LineLevel - CABLE In 16ch (VB-Audio Virtual Cable)
2026-02-15 13:33:14.619 T:5384     info <general>:         m_displayNameExtra: XAudio: CABLE In 16ch (VB-Audio Virtual Cable)
2026-02-15 13:33:14.619 T:5384     info <general>:         m_deviceType      : AE_DEVTYPE_PCM
2026-02-15 13:33:14.619 T:5384     info <general>:         m_channels        : FL, FR
2026-02-15 13:33:14.619 T:5384     info <general>:         m_sampleRates     : 192000,176400,96000,88200,48000,44100,32000,22050,11025
2026-02-15 13:33:14.619 T:5384     info <general>:         m_dataFormats     : AE_FMT_FLOAT,AE_FMT_S24NE3,AE_FMT_S24LE3,AE_FMT_S24BE3,AE_FMT_S24NE4MSB,AE_FMT_S32NE,AE_FMT_S32LE,AE_FMT_S32BE,AE_FMT_S16NE,AE_FMT_S16LE,AE_FMT_S16BE,AE_FMT_U8
2026-02-15 13:33:14.619 T:5384     info <general>:         m_streamTypes     : No passthrough capabilities
2026-02-15 13:33:14.619 T:5384     info <general>:     Device 3
2026-02-15 13:33:14.619 T:5384     info <general>:         m_deviceName      : \\?\SWD#MMDEVAPI#{0.0.0.00000000}.{bff9eca2-27fe-4b28-ba7b-28a07f6dd9bc}#{e6327cad-dcec-4949-ae8a-991e976a79d2}
2026-02-15 13:33:14.619 T:5384     info <general>:         m_displayName     : SPDIF - SPDIF インターフェイス (4- FX-D03J+ L2)
2026-02-15 13:33:14.619 T:5384     info <general>:         m_displayNameExtra: XAudio: SPDIF インターフェイス (4- FX-D03J+ L2)
2026-02-15 13:33:14.619 T:5384     info <general>:         m_deviceType      : AE_DEVTYPE_IEC958
2026-02-15 13:33:14.619 T:5384     info <general>:         m_channels        : FL, FR
2026-02-15 13:33:14.619 T:5384     info <general>:         m_sampleRates     : 192000,176400,96000,88200,48000,44100,32000,22050,11025
2026-02-15 13:33:14.619 T:5384     info <general>:         m_dataFormats     : AE_FMT_FLOAT,AE_FMT_S24NE3,AE_FMT_S24LE3,AE_FMT_S24BE3,AE_FMT_S24NE4MSB,AE_FMT_S32NE,AE_FMT_S32LE,AE_FMT_S32BE,AE_FMT_S16NE,AE_FMT_S16LE,AE_FMT_S16BE,AE_FMT_U8
2026-02-15 13:33:14.619 T:5384     info <general>:         m_streamTypes     : No passthrough capabilities
2026-02-15 13:33:14.619 T:5384     info <general>:     Device 4
2026-02-15 13:33:14.619 T:5384     info <general>:         m_deviceName      : default
2026-02-15 13:33:14.619 T:5384     info <general>:         m_displayName     : default
2026-02-15 13:33:14.619 T:5384     info <general>:         m_displayNameExtra: 
2026-02-15 13:33:14.619 T:5384     info <general>:         m_deviceType      : AE_DEVTYPE_IEC958
2026-02-15 13:33:14.619 T:5384     info <general>:         m_channels        : FL, FR
2026-02-15 13:33:14.619 T:5384     info <general>:         m_sampleRates     : 192000,176400,96000,88200,48000,44100,32000,22050,11025
2026-02-15 13:33:14.619 T:5384     info <general>:         m_dataFormats     : AE_FMT_FLOAT,AE_FMT_S24NE3,AE_FMT_S24LE3,AE_FMT_S24BE3,AE_FMT_S24NE4MSB,AE_FMT_S32NE,AE_FMT_S32LE,AE_FMT_S32BE,AE_FMT_S16NE,AE_FMT_S16LE,AE_FMT_S16BE,AE_FMT_U8
2026-02-15 13:33:14.619 T:5384     info <general>:         m_streamTypes     : No passthrough capabilities
2026-02-15 13:33:14.619 T:5384     info <general>:     Device 5
2026-02-15 13:33:14.619 T:5384     info <general>:         m_deviceName      : \\?\SWD#MMDEVAPI#{0.0.0.00000000}.{ebc251a2-20e2-450c-8169-75cc184abe83}#{e6327cad-dcec-4949-ae8a-991e976a79d2}
2026-02-15 13:33:14.619 T:5384     info <general>:         m_displayName     : Speakers - CABLE Input (VB-Audio Virtual Cable)
2026-02-15 13:33:14.619 T:5384     info <general>:         m_displayNameExtra: XAudio: CABLE Input (VB-Audio Virtual Cable)
2026-02-15 13:33:14.619 T:5384     info <general>:         m_deviceType      : AE_DEVTYPE_PCM
2026-02-15 13:33:14.619 T:5384     info <general>:         m_channels        : FL, FR
2026-02-15 13:33:14.619 T:5384     info <general>:         m_sampleRates     : 192000,176400,96000,88200,48000,44100,32000,22050,11025
2026-02-15 13:33:14.619 T:5384     info <general>:         m_dataFormats     : AE_FMT_FLOAT,AE_FMT_S24NE3,AE_FMT_S24LE3,AE_FMT_S24BE3,AE_FMT_S24NE4MSB,AE_FMT_S32NE,AE_FMT_S32LE,AE_FMT_S32BE,AE_FMT_S16NE,AE_FMT_S16LE,AE_FMT_S16BE,AE_FMT_U8
2026-02-15 13:33:14.619 T:5384     info <general>:         m_streamTypes     : No passthrough capabilities
2026-02-15 13:33:14.619 T:5340     info <general>: CActiveAESink::OpenSink - initialize sink
2026-02-15 13:33:14.619 T:5340    debug <general>: CActiveAESink::OpenSink - trying to open device DIRECTSOUND:{BFF9ECA2-27FE-4B28-BA7B-28A07F6DD9BC}
2026-02-15 13:33:14.630 T:5340    debug <general>: CAESinkDirectSound::Initialize: Using Window handle: 0x80626
2026-02-15 13:33:14.633 T:5340    debug <general>: CAESinkDirectSound::Initialize: secondary buffer created
2026-02-15 13:33:14.633 T:5340    debug <general>: CAESinkDirectSound::Initialize: Initializing DirectSound with the following parameters:
2026-02-15 13:33:14.633 T:5340    debug <general>:   Audio Device    : SPDIF インターフェイス (4- FX-D03J+ L2)
2026-02-15 13:33:14.633 T:5340    debug <general>:   Sample Rate     : 48000
2026-02-15 13:33:14.633 T:5340    debug <general>:   Sample Format   : AE_FMT_FLOAT
2026-02-15 13:33:14.633 T:5340    debug <general>:   Bits Per Sample : 32
2026-02-15 13:33:14.633 T:5340    debug <general>:   Valid Bits/Samp : 32
2026-02-15 13:33:14.633 T:5340    debug <general>:   Channel Count   : 2
2026-02-15 13:33:14.633 T:5340    debug <general>:   Block Align     : 8
2026-02-15 13:33:14.633 T:5340    debug <general>:   Avg. Bytes Sec  : 384000
2026-02-15 13:33:14.633 T:5340    debug <general>:   Samples/Block   : 32
2026-02-15 13:33:14.633 T:5340    debug <general>:   Format cBSize   : 22
2026-02-15 13:33:14.633 T:5340    debug <general>:   Channel Layout  : FL, FR
2026-02-15 13:33:14.633 T:5340    debug <general>:   Channel Mask    : 3
2026-02-15 13:33:14.633 T:5340    debug <general>:   Frames          : 960
2026-02-15 13:33:14.633 T:5340    debug <general>:   Frame Size      : 8
2026-02-15 13:33:14.633 T:5340    debug <general>: CActiveAESink::OpenSink - DIRECTSOUND Initialized:
2026-02-15 13:33:14.633 T:5340    debug <general>:   Output Device : SPDIF - SPDIF インターフェイス (4- FX-D03J+ L2)
2026-02-15 13:33:14.633 T:5340    debug <general>:   Sample Rate   : 48000
2026-02-15 13:33:14.633 T:5340    debug <general>:   Sample Format : AE_FMT_FLOAT
2026-02-15 13:33:14.633 T:5340    debug <general>:   Channel Count : 2
2026-02-15 13:33:14.633 T:5340    debug <general>:   Channel Layout: FL, FR
2026-02-15 13:33:14.633 T:5340    debug <general>:   Frames        : 960
2026-02-15 13:33:14.633 T:5340    debug <general>:   Frame Size    : 8
2026-02-15 13:33:14.633 T:5340    debug <general>: ffmpeg[0x1ea181ba358]: [SWR] Using fltp internally between filters
2026-02-15 13:33:14.633 T:5384    debug <general>: ActiveAE::CActiveAE::ConfigureLowLatency: Low latency mode: true - Initial buffer level: 20ms (resample: false)
2026-02-15 13:33:14.633 T:5384  warning <general>: CActiveAE::ActiveAE::CActiveAE::StateMachine - signal: 0 from port: OutputControlPort not handled for state: 7
2026-02-15 13:33:14.633 T:8572  warning <general>: Skipped 2 duplicate messages..
2026-02-15 13:33:14.633 T:8572     info <general>: CLangInfo: loading resource.language.ja_jp language information...
2026-02-15 13:33:14.634 T:8572    debug <general>: trying to set locale to ja-ja
2026-02-15 13:33:14.645 T:8572     info <general>: global locale set to ja-ja
2026-02-15 13:33:14.645 T:8572     info <general>: CLangInfo: loading resource.language.ja_jp language strings...
2026-02-15 13:33:14.649 T:5340    debug <general>: CAESinkDirectSound::CheckPlayStatus: Resuming Playback
2026-02-15 13:33:14.649 T:8572    debug <general>: LocalizeStrings: loaded 4042 strings from file resource://resource.language.ja_jp/strings.po
2026-02-15 13:33:14.649 T:8572    debug <general>: POParser: PO file has Win Style Line Endings. Converted in memory to Linux LF for file: resource://resource.language.en_gb/strings.po
2026-02-15 13:33:14.652 T:8572    debug <general>: LocalizeStrings: loaded 434 strings from file resource://resource.language.en_gb/strings.po
2026-02-15 13:33:14.652 T:8572    debug <general>: POParser: PO file has Win Style Line Endings. Converted in memory to Linux LF for file: C:\Program Files\Kodi\addons\audioencoder.kodi.builtin.aac\resources\language\resource.language.ja_jp\strings.po
2026-02-15 13:33:14.652 T:8572    debug <general>: LocalizeStrings: loaded 2 strings from file C:\Program Files\Kodi\addons\audioencoder.kodi.builtin.aac\resources\language\resource.language.ja_jp\strings.po
2026-02-15 13:33:14.653 T:8572    debug <general>: POParser: PO file has Win Style Line Endings. Converted in memory to Linux LF for file: C:\Program Files\Kodi\addons\audioencoder.kodi.builtin.aac\resources\language\resource.language.en_gb\strings.po
2026-02-15 13:33:14.653 T:8572    debug <general>: LocalizeStrings: loaded 1 strings from file C:\Program Files\Kodi\addons\audioencoder.kodi.builtin.aac\resources\language\resource.language.en_gb\strings.po
2026-02-15 13:33:14.653 T:8572    debug <general>: POParser: PO file has Win Style Line Endings. Converted in memory to Linux LF for file: C:\Program Files\Kodi\addons\audioencoder.kodi.builtin.wma\resources\language\resource.language.ja_jp\strings.po
2026-02-15 13:33:14.653 T:8572    debug <general>: LocalizeStrings: loaded 2 strings from file C:\Program Files\Kodi\addons\audioencoder.kodi.builtin.wma\resources\language\resource.language.ja_jp\strings.po
2026-02-15 13:33:14.653 T:8572    debug <general>: POParser: PO file has Win Style Line Endings. Converted in memory to Linux LF for file: C:\Program Files\Kodi\addons\audioencoder.kodi.builtin.wma\resources\language\resource.language.en_gb\strings.po
2026-02-15 13:33:14.653 T:8572    debug <general>: LocalizeStrings: loaded 1 strings from file C:\Program Files\Kodi\addons\audioencoder.kodi.builtin.wma\resources\language\resource.language.en_gb\strings.po
2026-02-15 13:33:14.653 T:8572    debug <general>: POParser: PO file has Win Style Line Endings. Converted in memory to Linux LF for file: C:\Program Files\Kodi\addons\game.controller.default\resources\language\resource.language.ja_jp\strings.po
2026-02-15 13:33:14.653 T:8572    debug <general>: LocalizeStrings: loaded 11 strings from file C:\Program Files\Kodi\addons\game.controller.default\resources\language\resource.language.ja_jp\strings.po
2026-02-15 13:33:14.653 T:8572    debug <general>: POParser: PO file has Win Style Line Endings. Converted in memory to Linux LF for file: C:\Program Files\Kodi\addons\game.controller.default\resources\language\resource.language.en_gb\strings.po
2026-02-15 13:33:14.653 T:8572    debug <general>: LocalizeStrings: loaded 7 strings from file C:\Program Files\Kodi\addons\game.controller.default\resources\language\resource.language.en_gb\strings.po
2026-02-15 13:33:14.653 T:8572    debug <general>: POParser: PO file has Win Style Line Endings. Converted in memory to Linux LF for file: C:\Program Files\Kodi\addons\game.controller.keyboard\resources\language\resource.language.ja_jp\strings.po
2026-02-15 13:33:14.653 T:8572    debug <general>: LocalizeStrings: loaded 4 strings from file C:\Program Files\Kodi\addons\game.controller.keyboard\resources\language\resource.language.ja_jp\strings.po
2026-02-15 13:33:14.653 T:8572    debug <general>: POParser: PO file has Win Style Line Endings. Converted in memory to Linux LF for file: C:\Program Files\Kodi\addons\game.controller.keyboard\resources\language\resource.language.en_gb\strings.po
2026-02-15 13:33:14.653 T:8572    debug <general>: LocalizeStrings: loaded 137 strings from file C:\Program Files\Kodi\addons\game.controller.keyboard\resources\language\resource.language.en_gb\strings.po
2026-02-15 13:33:14.653 T:8572    debug <general>: POParser: PO file has Win Style Line Endings. Converted in memory to Linux LF for file: C:\Program Files\Kodi\addons\game.controller.mouse\resources\language\resource.language.ja_jp\strings.po
2026-02-15 13:33:14.653 T:8572    debug <general>: LocalizeStrings: loaded 0 strings from file C:\Program Files\Kodi\addons\game.controller.mouse\resources\language\resource.language.ja_jp\strings.po
2026-02-15 13:33:14.653 T:8572    debug <general>: POParser: PO file has Win Style Line Endings. Converted in memory to Linux LF for file: C:\Program Files\Kodi\addons\game.controller.mouse\resources\language\resource.language.en_gb\strings.po
2026-02-15 13:33:14.654 T:8572    debug <general>: LocalizeStrings: loaded 11 strings from file C:\Program Files\Kodi\addons\game.controller.mouse\resources\language\resource.language.en_gb\strings.po
2026-02-15 13:33:14.654 T:8572    debug <general>: POParser: PO file has Win Style Line Endings. Converted in memory to Linux LF for file: C:\Program Files\Kodi\addons\game.controller.snes\resources\language\resource.language.ja_jp\strings.po
2026-02-15 13:33:14.654 T:8572    debug <general>: LocalizeStrings: loaded 10 strings from file C:\Program Files\Kodi\addons\game.controller.snes\resources\language\resource.language.ja_jp\strings.po
2026-02-15 13:33:14.654 T:8572    debug <general>: POParser: PO file has Win Style Line Endings. Converted in memory to Linux LF for file: C:\Program Files\Kodi\addons\game.controller.snes\resources\language\resource.language.en_gb\strings.po
2026-02-15 13:33:14.654 T:8572    debug <general>: LocalizeStrings: loaded 3 strings from file C:\Program Files\Kodi\addons\game.controller.snes\resources\language\resource.language.en_gb\strings.po
2026-02-15 13:33:14.654 T:8572    debug <general>: LocalizeStrings: loaded 17 strings from file C:\Users\xxxxx\AppData\Roaming\Kodi\addons\metadata.album.universal\resources\language\resource.language.ja_jp\strings.po
2026-02-15 13:33:14.654 T:8572    debug <general>: LocalizeStrings: loaded 0 strings from file C:\Users\xxxxx\AppData\Roaming\Kodi\addons\metadata.album.universal\resources\language\resource.language.en_gb\strings.po
2026-02-15 13:33:14.654 T:8572    debug <general>: LocalizeStrings: loaded 20 strings from file C:\Users\xxxxx\AppData\Roaming\Kodi\addons\metadata.artists.universal\resources\language\resource.language.ja_jp\strings.po
2026-02-15 13:33:14.654 T:8572    debug <general>: LocalizeStrings: loaded 12 strings from file C:\Users\xxxxx\AppData\Roaming\Kodi\addons\metadata.artists.universal\resources\language\resource.language.en_gb\strings.po
2026-02-15 13:33:14.655 T:8572    debug <general>: LocalizeStrings: loaded 9 strings from file C:\Users\xxxxx\AppData\Roaming\Kodi\addons\metadata.generic.albums\resources\language\resource.language.ja_jp\strings.po
2026-02-15 13:33:14.655 T:8572    debug <general>: LocalizeStrings: loaded 8 strings from file C:\Users\xxxxx\AppData\Roaming\Kodi\addons\metadata.generic.albums\resources\language\resource.language.en_gb\strings.po
2026-02-15 13:33:14.655 T:8572    debug <general>: POParser: PO file has Win Style Line Endings. Converted in memory to Linux LF for file: C:\Program Files\Kodi\addons\metadata.generic.artists\resources\language\resource.language.ja_jp\strings.po
2026-02-15 13:33:14.655 T:8572    debug <general>: LocalizeStrings: loaded 8 strings from file C:\Program Files\Kodi\addons\metadata.generic.artists\resources\language\resource.language.ja_jp\strings.po
2026-02-15 13:33:14.655 T:8572    debug <general>: POParser: PO file has Win Style Line Endings. Converted in memory to Linux LF for file: C:\Program Files\Kodi\addons\metadata.generic.artists\resources\language\resource.language.en_gb\strings.po
2026-02-15 13:33:14.655 T:8572    debug <general>: LocalizeStrings: loaded 7 strings from file C:\Program Files\Kodi\addons\metadata.generic.artists\resources\language\resource.language.en_gb\strings.po
2026-02-15 13:33:14.655 T:8572    debug <general>: LocalizeStrings: loaded 6 strings from file C:\Users\xxxxx\AppData\Roaming\Kodi\addons\metadata.themoviedb.org.python\resources\language\resource.language.ja_jp\strings.po
2026-02-15 13:33:14.655 T:8572    debug <general>: LocalizeStrings: loaded 15 strings from file C:\Users\xxxxx\AppData\Roaming\Kodi\addons\metadata.themoviedb.org.python\resources\language\resource.language.en_gb\strings.po
2026-02-15 13:33:14.655 T:8572    debug <general>: LocalizeStrings: loaded 1 strings from file C:\Users\xxxxx\AppData\Roaming\Kodi\addons\metadata.tvshows.themoviedb.org.python\resources\language\resource.language.ja_jp\strings.po
2026-02-15 13:33:14.655 T:8572    debug <general>: LocalizeStrings: loaded 33 strings from file C:\Users\xxxxx\AppData\Roaming\Kodi\addons\metadata.tvshows.themoviedb.org.python\resources\language\resource.language.en_gb\strings.po
2026-02-15 13:33:14.656 T:8572    debug <general>: LocalizeStrings: loaded 2 strings from file C:\Program Files\Kodi\addons\peripheral.joystick\resources\language\resource.language.ja_jp\strings.po
2026-02-15 13:33:14.656 T:8572    debug <general>: LocalizeStrings: loaded 7 strings from file C:\Program Files\Kodi\addons\peripheral.joystick\resources\language\resource.language.en_gb\strings.po
2026-02-15 13:33:14.656 T:8572    debug <general>: POParser: PO file has Win Style Line Endings. Converted in memory to Linux LF for file: C:\Program Files\Kodi\addons\repository.xbmc.org\resources\language\resource.language.ja_jp\strings.po
2026-02-15 13:33:14.656 T:8572    debug <general>: LocalizeStrings: loaded 0 strings from file C:\Program Files\Kodi\addons\repository.xbmc.org\resources\language\resource.language.ja_jp\strings.po
2026-02-15 13:33:14.656 T:8572    debug <general>: POParser: PO file has Win Style Line Endings. Converted in memory to Linux LF for file: C:\Program Files\Kodi\addons\repository.xbmc.org\resources\language\resource.language.en_gb\strings.po
2026-02-15 13:33:14.656 T:8572    debug <general>: LocalizeStrings: loaded 0 strings from file C:\Program Files\Kodi\addons\repository.xbmc.org\resources\language\resource.language.en_gb\strings.po
2026-02-15 13:33:14.656 T:8572    debug <general>: POParser: PO file has Win Style Line Endings. Converted in memory to Linux LF for file: C:\Program Files\Kodi\addons\screensaver.xbmc.builtin.dim\resources\language\resource.language.ja_jp\strings.po
2026-02-15 13:33:14.656 T:8572    debug <general>: LocalizeStrings: loaded 3 strings from file C:\Program Files\Kodi\addons\screensaver.xbmc.builtin.dim\resources\language\resource.language.ja_jp\strings.po
2026-02-15 13:33:14.656 T:8572    debug <general>: POParser: PO file has Win Style Line Endings. Converted in memory to Linux LF for file: C:\Program Files\Kodi\addons\screensaver.xbmc.builtin.dim\resources\language\resource.language.en_gb\strings.po
2026-02-15 13:33:14.657 T:8572    debug <general>: LocalizeStrings: loaded 0 strings from file C:\Program Files\Kodi\addons\screensaver.xbmc.builtin.dim\resources\language\resource.language.en_gb\strings.po
2026-02-15 13:33:14.657 T:8572    debug <general>: LocalizeStrings: loaded 15 strings from file C:\Users\xxxxx\AppData\Roaming\Kodi\addons\service.xbmc.versioncheck\resources\language\resource.language.ja_jp\strings.po
2026-02-15 13:33:14.657 T:8572    debug <general>: LocalizeStrings: loaded 7 strings from file C:\Users\xxxxx\AppData\Roaming\Kodi\addons\service.xbmc.versioncheck\resources\language\resource.language.en_gb\strings.po
2026-02-15 13:33:14.657 T:5484    debug <general>: Thread JobWorker start, auto delete: true
2026-02-15 13:33:14.657 T:5484    debug <general>: [threads] name: 'JobWorker' priority: idle
2026-02-15 13:33:14.657 T:5484    debug <general>: CDatabaseManager::Initialize, updating databases...
2026-02-15 13:33:14.658 T:5484     info <general>: Running database version Addons33
2026-02-15 13:33:14.658 T:5484     info <general>: Running database version ViewModes6
2026-02-15 13:33:14.658 T:5484     info <general>: Running database version Textures14
2026-02-15 13:33:14.659 T:5484     info <general>: Running database version MyMusic83
2026-02-15 13:33:14.660 T:5484     info <general>: Running database version MyVideos141
2026-02-15 13:33:14.660 T:5484     info <general>: Running database version TV47
2026-02-15 13:33:14.660 T:5484     info <general>: Running database version Epg20
2026-02-15 13:33:14.660 T:5484    debug <general>: CDatabaseManager::Initialize, updating databases... DONE
2026-02-15 13:33:14.685 T:6628  warning <announce>: ANNOUNCEMENT::CAnnouncementManager::DoAnnounce: CAnnouncementManager - Announcement: OnClear from xbmc
2026-02-15 13:33:14.695 T:8572     info <general>: Unloaded skin
2026-02-15 13:33:14.696 T:8572     info <general>:   load skin from: C:\Program Files\Kodi\addons\skin.estuary\ (version: 4.1.0)
2026-02-15 13:33:14.696 T:8572     info <general>:   load fonts for skin...
2026-02-15 13:33:14.700 T:8572     info <general>: Loading skin includes from C:\Program Files\Kodi\addons\skin.estuary\xml\Includes.xml
2026-02-15 13:33:14.721 T:8572     info <general>: GUIFontManager::LoadFontsFromFile: Loading <fontset> with name 'Arial' from 'C:\Program Files\Kodi\addons\skin.estuary\xml\Font.xml'
2026-02-15 13:33:14.752 T:8572    debug <general>: POParser: PO file has Win Style Line Endings. Converted in memory to Linux LF for file: C:\Program Files\Kodi\addons\skin.estuary\language\resource.language.ja_jp\strings.po
2026-02-15 13:33:14.753 T:8572    debug <general>: LocalizeStrings: loaded 162 strings from file C:\Program Files\Kodi\addons\skin.estuary\language\resource.language.ja_jp\strings.po
2026-02-15 13:33:14.753 T:8572    debug <general>: POParser: PO file has Win Style Line Endings. Converted in memory to Linux LF for file: C:\Program Files\Kodi\addons\skin.estuary\language\resource.language.en_gb\strings.po
2026-02-15 13:33:14.753 T:8572    debug <general>: LocalizeStrings: loaded 13 strings from file C:\Program Files\Kodi\addons\skin.estuary\language\resource.language.en_gb\strings.po
2026-02-15 13:33:14.753 T:8572     info <general>: ADDON::CSkinInfo::LoadTimers: Trying to load skin timers from C:\Program Files\Kodi\addons\skin.estuary\xml\Timers.xml
2026-02-15 13:33:14.753 T:8572     info <general>:   load new skin...
2026-02-15 13:33:14.753 T:8572     info <general>: Loading custom window XMLs from skin path C:\Program Files\Kodi\addons\skin.estuary\xml
2026-02-15 13:33:14.755 T:8572    debug <general>: Load Skin XML: 2.09 ms
2026-02-15 13:33:14.755 T:8572     info <general>:   initialize new skin...
2026-02-15 13:33:14.755 T:8572    debug <general>: guilib: Fill viewport on change for solving rendering passes
2026-02-15 13:33:14.755 T:8572     info <general>: Loading skin file: DialogBusy.xml, load type: LOAD_ON_GUI_INIT
2026-02-15 13:33:14.755 T:8572     info <general>: Loading skin file: Pointer.xml, load type: LOAD_ON_GUI_INIT
2026-02-15 13:33:14.756 T:8572    debug <general>: CTextureBundleXBT::OpenBundle - Opened bundle C:\Program Files\Kodi\addons\skin.estuary\media\Textures.xbt
2026-02-15 13:33:14.756 T:8572     info <general>: Loading skin file: DialogVolumeBar.xml, load type: LOAD_ON_GUI_INIT
2026-02-15 13:33:14.757 T:8572     info <general>: Loading skin file: DialogExtendedProgressBar.xml, load type: LOAD_ON_GUI_INIT
2026-02-15 13:33:14.757 T:8572     info <general>: Loading skin file: DialogSeekBar.xml, load type: LOAD_ON_GUI_INIT
2026-02-15 13:33:14.762 T:8572     info <general>: Loading skin file: DialogNotification.xml, load type: LOAD_ON_GUI_INIT
2026-02-15 13:33:14.762 T:8572     info <general>: Loading skin file: DialogBusy.xml, load type: LOAD_ON_GUI_INIT
2026-02-15 13:33:14.763 T:8572     info <general>: Loading skin file: Custom_1109_TopBarOverlay.xml, load type: LOAD_ON_GUI_INIT
2026-02-15 13:33:14.765 T:8572     info <general>: Loading resource://resource.uisounds.kodi/sounds.xml
2026-02-15 13:33:14.765 T:8572    debug <general>: ffmpeg[0x0]: Probing wav score:99 size:818
2026-02-15 13:33:14.765 T:8572    debug <general>: ffmpeg[0x0]: Format wav probed with size=2048 and score=99
2026-02-15 13:33:14.765 T:8572    debug <general>: ffmpeg[0x0]: Probing wav score:99 size:818
2026-02-15 13:33:14.765 T:8572    debug <general>: ffmpeg[0x0]: [wav] Format wav probed with size=2048 and score=99
2026-02-15 13:33:14.765 T:8572    debug <general>: ffmpeg[0x0]: [wav] Before avformat_find_stream_info() pos: 78 bytes read:818 seeks:0 nb_streams:1
2026-02-15 13:33:14.766 T:8572    debug <general>: ffmpeg[0x0]: [wav] stream 0: start_time: NOPTS duration: 0.0307917
2026-02-15 13:33:14.766 T:8572    debug <general>: ffmpeg[0x0]: [wav] format: start_time: NOPTS duration: 0.030792 (estimate from stream) bitrate=212 kb/s
2026-02-15 13:33:14.766 T:8572    debug <general>: ffmpeg[0x0]: [wav] After avformat_find_stream_info() pos: 818 bytes read:818 seeks:0 frames:1
2026-02-15 13:33:14.766 T:5384    debug <general>: ffmpeg[0x1ea181b9bd0]: [SWR] Using fltp internally between filters
2026-02-15 13:33:14.766 T:5384    debug <general>: ffmpeg[0x1ea181b9bd0]: [SWR] Matrix coefficients:
2026-02-15 13:33:14.766 T:5384    debug <general>: ffmpeg[0x1ea181b9bd0]: [SWR] FL: FC:0.707107 
2026-02-15 13:33:14.766 T:5384    debug <general>: ffmpeg[0x1ea181b9bd0]: [SWR] FR: FC:0.707107 
2026-02-15 13:33:14.766 T:8572    debug <general>: ffmpeg[0x0]: Probing wav score:99 size:2048
2026-02-15 13:33:14.766 T:8572    debug <general>: ffmpeg[0x0]: Format wav probed with size=2048 and score=99
2026-02-15 13:33:14.766 T:8572    debug <general>: ffmpeg[0x0]: Probing wav score:99 size:2048
2026-02-15 13:33:14.766 T:8572    debug <general>: ffmpeg[0x0]: [wav] Format wav probed with size=2048 and score=99
2026-02-15 13:33:14.766 T:8572    debug <general>: ffmpeg[0x0]: [wav] Before avformat_find_stream_info() pos: 78 bytes read:5410 seeks:1 nb_streams:1
2026-02-15 13:33:14.766 T:8572    debug <general>: ffmpeg[0x0]: [wav] stream 0: start_time: NOPTS duration: 0.222167
2026-02-15 13:33:14.766 T:8572    debug <general>: ffmpeg[0x0]: [wav] format: start_time: NOPTS duration: 0.222167 (estimate from stream) bitrate=194 kb/s
2026-02-15 13:33:14.766 T:8572    debug <general>: ffmpeg[0x0]: [wav] After avformat_find_stream_info() pos: 5410 bytes read:10742 seeks:1 frames:3
2026-02-15 13:33:14.766 T:5384    debug <general>: ffmpeg[0x1ea181b9bd0]: [SWR] Using fltp internally between filters
2026-02-15 13:33:14.766 T:5384    debug <general>: ffmpeg[0x1ea181b9bd0]: [SWR] Matrix coefficients:
2026-02-15 13:33:14.766 T:5384    debug <general>: ffmpeg[0x1ea181b9bd0]: [SWR] FL: FC:0.707107 
2026-02-15 13:33:14.766 T:5384    debug <general>: ffmpeg[0x1ea181b9bd0]: [SWR] FR: FC:0.707107 
2026-02-15 13:33:14.766 T:8572    debug <general>: ffmpeg[0x0]: Probing wav score:99 size:2048
2026-02-15 13:33:14.766 T:8572    debug <general>: ffmpeg[0x0]: Format wav probed with size=2048 and score=99
2026-02-15 13:33:14.766 T:8572    debug <general>: ffmpeg[0x0]: Probing wav score:99 size:2048
2026-02-15 13:33:14.766 T:8572    debug <general>: ffmpeg[0x0]: [wav] Format wav probed with size=2048 and score=99
2026-02-15 13:33:14.766 T:8572    debug <general>: ffmpeg[0x0]: [wav] Before avformat_find_stream_info() pos: 78 bytes read:9934 seeks:2 nb_streams:1
2026-02-15 13:33:14.766 T:8572    debug <general>: ffmpeg[0x0]: [wav] stream 0: start_time: NOPTS duration: 0.205292
2026-02-15 13:33:14.766 T:8572    debug <general>: ffmpeg[0x0]: [wav] format: start_time: NOPTS duration: 0.205292 (estimate from stream) bitrate=195 kb/s
2026-02-15 13:33:14.766 T:8572    debug <general>: ffmpeg[0x0]: [wav] After avformat_find_stream_info() pos: 5006 bytes read:14862 seeks:2 frames:3
2026-02-15 13:33:14.766 T:5384    debug <general>: ffmpeg[0x1ea181b9bd0]: [SWR] Using fltp internally between filters
2026-02-15 13:33:14.766 T:5384    debug <general>: ffmpeg[0x1ea181b9bd0]: [SWR] Matrix coefficients:
2026-02-15 13:33:14.766 T:5384    debug <general>: ffmpeg[0x1ea181b9bd0]: [SWR] FL: FC:0.707107 
2026-02-15 13:33:14.766 T:5384    debug <general>: ffmpeg[0x1ea181b9bd0]: [SWR] FR: FC:0.707107 
2026-02-15 13:33:14.766 T:8572    debug <general>: ffmpeg[0x0]: Probing wav score:99 size:2048
2026-02-15 13:33:14.766 T:8572    debug <general>: ffmpeg[0x0]: Format wav probed with size=2048 and score=99
2026-02-15 13:33:14.766 T:8572    debug <general>: ffmpeg[0x0]: Probing wav score:99 size:2048
2026-02-15 13:33:14.766 T:8572    debug <general>: ffmpeg[0x0]: [wav] Format wav probed with size=2048 and score=99
2026-02-15 13:33:14.767 T:8572    debug <general>: ffmpeg[0x0]: [wav] Before avformat_find_stream_info() pos: 78 bytes read:5720 seeks:1 nb_streams:1
2026-02-15 13:33:14.767 T:8572    debug <general>: ffmpeg[0x0]: [wav] stream 0: start_time: NOPTS duration: 0.235083
2026-02-15 13:33:14.767 T:8572    debug <general>: ffmpeg[0x0]: [wav] format: start_time: NOPTS duration: 0.235083 (estimate from stream) bitrate=194 kb/s
2026-02-15 13:33:14.767 T:8572    debug <general>: ffmpeg[0x0]: [wav] After avformat_find_stream_info() pos: 5720 bytes read:11362 seeks:1 frames:3
2026-02-15 13:33:14.767 T:5384    debug <general>: ffmpeg[0x1ea181b9bd0]: [SWR] Using fltp internally between filters
2026-02-15 13:33:14.767 T:5384    debug <general>: ffmpeg[0x1ea181b9bd0]: [SWR] Matrix coefficients:
2026-02-15 13:33:14.767 T:5384    debug <general>: ffmpeg[0x1ea181b9bd0]: [SWR] FL: FC:0.707107 
2026-02-15 13:33:14.767 T:5384    debug <general>: ffmpeg[0x1ea181b9bd0]: [SWR] FR: FC:0.707107 
2026-02-15 13:33:14.767 T:8572    debug <general>: ffmpeg[0x0]: Probing wav score:99 size:2048
2026-02-15 13:33:14.767 T:8572    debug <general>: ffmpeg[0x0]: Format wav probed with size=2048 and score=99
2026-02-15 13:33:14.767 T:8572    debug <general>: ffmpeg[0x0]: Probing wav score:99 size:2048
2026-02-15 13:33:14.767 T:8572    debug <general>: ffmpeg[0x0]: [wav] Format wav probed with size=2048 and score=99
2026-02-15 13:33:14.767 T:8572    debug <general>: ffmpeg[0x0]: [wav] Before avformat_find_stream_info() pos: 78 bytes read:16494 seeks:1 nb_streams:1
2026-02-15 13:33:14.767 T:8572    debug <general>: ffmpeg[0x0]: [wav] stream 0: start_time: NOPTS duration: 0.684
2026-02-15 13:33:14.767 T:8572    debug <general>: ffmpeg[0x0]: [wav] format: start_time: NOPTS duration: 0.684 (estimate from stream) bitrate=192 kb/s
2026-02-15 13:33:14.767 T:8572    debug <general>: ffmpeg[0x0]: [wav] After avformat_find_stream_info() pos: 16494 bytes read:32910 seeks:1 frames:9
2026-02-15 13:33:14.767 T:5384    debug <general>: ffmpeg[0x1ea181b9bd0]: [SWR] Using fltp internally between filters
2026-02-15 13:33:14.767 T:5384    debug <general>: ffmpeg[0x1ea181b9bd0]: [SWR] Matrix coefficients:
2026-02-15 13:33:14.767 T:5384    debug <general>: ffmpeg[0x1ea181b9bd0]: [SWR] FL: FC:0.707107 
2026-02-15 13:33:14.767 T:5384    debug <general>: ffmpeg[0x1ea181b9bd0]: [SWR] FR: FC:0.707107 
2026-02-15 13:33:14.767 T:8572    debug <general>: ffmpeg[0x0]: Probing wav score:99 size:2048
2026-02-15 13:33:14.767 T:8572    debug <general>: ffmpeg[0x0]: Format wav probed with size=2048 and score=99
2026-02-15 13:33:14.767 T:8572    debug <general>: ffmpeg[0x0]: Probing wav score:99 size:2048
2026-02-15 13:33:14.767 T:8572    debug <general>: ffmpeg[0x0]: [wav] Format wav probed with size=2048 and score=99
2026-02-15 13:33:14.767 T:8572    debug <general>: ffmpeg[0x0]: [wav] Before avformat_find_stream_info() pos: 78 bytes read:5094 seeks:1 nb_streams:1
2026-02-15 13:33:14.767 T:8572    debug <general>: ffmpeg[0x0]: [wav] stream 0: start_time: NOPTS duration: 0.209
2026-02-15 13:33:14.767 T:8572    debug <general>: ffmpeg[0x0]: [wav] format: start_time: NOPTS duration: 0.209 (estimate from stream) bitrate=194 kb/s
2026-02-15 13:33:14.767 T:8572    debug <general>: ffmpeg[0x0]: [wav] After avformat_find_stream_info() pos: 5094 bytes read:10110 seeks:1 frames:3
2026-02-15 13:33:14.767 T:1748    debug <general>: Thread Timer start, auto delete: false
2026-02-15 13:33:14.767 T:5384    debug <general>: ffmpeg[0x1ea181b9bd0]: [SWR] Using fltp internally between filters
2026-02-15 13:33:14.767 T:5384    debug <general>: ffmpeg[0x1ea181b9bd0]: [SWR] Matrix coefficients:
2026-02-15 13:33:14.767 T:5384    debug <general>: ffmpeg[0x1ea181b9bd0]: [SWR] FL: FC:0.707107 
2026-02-15 13:33:14.767 T:5384    debug <general>: ffmpeg[0x1ea181b9bd0]: [SWR] FR: FC:0.707107 
2026-02-15 13:33:14.768 T:8572     info <general>:   skin loaded...
2026-02-15 13:33:14.768 T:8572    debug <general>: Activating window ID: 12997
2026-02-15 13:33:14.768 T:8572    debug <general>: ------ Window Init () ------
2026-02-15 13:33:14.768 T:8572    debug <general>: Activating window ID: 12999
2026-02-15 13:33:14.768 T:8572    debug <general>: ------ Window Init (Startup.xml) ------
2026-02-15 13:33:14.768 T:8572     info <general>: Loading skin file: Startup.xml, load type: LOAD_EVERY_TIME
2026-02-15 13:33:14.768 T:8572    debug <general>: Activating window ID: 10000
2026-02-15 13:33:14.768 T:8572    debug <general>: ------ Window Deinit (Startup.xml) ------
2026-02-15 13:33:14.768 T:8572    debug <general>: ------ Window Init (Home.xml) ------
2026-02-15 13:33:14.768 T:8572     info <general>: Loading skin file: Home.xml, load type: KEEP_IN_MEMORY
2026-02-15 13:33:14.785 T:8572    debug <general>: CDirectoryProvider[addons://]: refreshing...
2026-02-15 13:33:14.785 T:8572    debug <general>: CDirectoryProvider[addons://sources/video/]: refreshing...
2026-02-15 13:33:14.785 T:3360    debug <general>: Thread JobWorker start, auto delete: true
2026-02-15 13:33:14.785 T:3360    debug <general>: [threads] name: 'JobWorker' priority: idle
2026-02-15 13:33:14.785 T:8572    debug <general>: CDirectoryProvider[addons://sources/audio/]: refreshing...
2026-02-15 13:33:14.785 T:9764    debug <general>: Thread JobWorker start, auto delete: true
2026-02-15 13:33:14.785 T:9764    debug <general>: [threads] name: 'JobWorker' priority: idle
2026-02-15 13:33:14.785 T:8572    debug <general>: CDirectoryProvider[addons://sources/game/]: refreshing...
2026-02-15 13:33:14.785 T:8572    debug <general>: CDirectoryProvider[addons://sources/executable/]: refreshing...
2026-02-15 13:33:14.785 T:8572    debug <general>: CDirectoryProvider[addons://sources/image/]: refreshing...
2026-02-15 13:33:14.785 T:8572    debug <general>: CDirectoryProvider[library://video/]: refreshing...
2026-02-15 13:33:14.785 T:8572    debug <general>: CDirectoryProvider[sources://video/]: refreshing...
2026-02-15 13:33:14.785 T:8572    debug <general>: CDirectoryProvider[special://videoplaylists/]: refreshing...
2026-02-15 13:33:14.785 T:8572    debug <general>: CDirectoryProvider[favourites://]: refreshing...
2026-02-15 13:33:14.785 T:8572    debug <general>: CDirectoryProvider[addons://sources/game/]: refreshing...
2026-02-15 13:33:14.785 T:5484    debug <general>: CAddonDatabase: SELECT repo.id FROM repo .. took 0 ms
2026-02-15 13:33:14.787 T:3360    debug <general>: CMultiPathDirectory::GetDirectory(multipath://special%3a%2f%2fprofile%2fplaylists%2fvideo/special%3a%2f%2fprofile%2fplaylists%2fmixed/)
2026-02-15 13:33:14.787 T:3360    debug <general>: Getting Directory (special://profile/playlists/video)
2026-02-15 13:33:14.787 T:3360    debug <general>: Getting Directory (special://profile/playlists/mixed)
2026-02-15 13:33:14.787 T:3360    debug <general>: CMultiPathDirectory::MergeItems, items = 0
2026-02-15 13:33:14.787 T:3360    debug <general>: CRecentlyAddedJob::UpdateMusic() - Running RecentlyAdded home screen update
2026-02-15 13:33:14.789 T:3360    debug <general>: GetRecentlyAddedAlbumSongs() query: SELECT songview.*, songartistview.* FROM (SELECT idAlbum, dateAdded FROM album ORDER BY dateAdded DESC LIMIT 10) AS recentalbums JOIN songview ON songview.idAlbum = recentalbums.idAlbum JOIN songartistview ON songview.idSong = songartistview.idSong ORDER BY recentalbums.dateAdded DESC, songview.idAlbum DESC, songview.idSong, songartistview.idRole, songartistview.iOrder 
2026-02-15 13:33:14.790 T:8572    debug <general>: JSONRPC: JSON schema type definition references an unknown type Setting.Details.Setting
2026-02-15 13:33:14.790 T:8572  warning <general>: JSONRPC: Could not parse type "Setting.Details.SettingList"
2026-02-15 13:33:14.790 T:8572     info <general>: JSONRPC: Adding type "Setting.Details.SettingList" to list of incomplete definitions (waiting for "Setting.Details.Setting")
2026-02-15 13:33:14.790 T:3360    debug <general>: CMusicDatabase::GetRecentlyAddedAlbums: query: SELECT albumview.*, albumartistview.* FROM (SELECT idAlbum FROM album WHERE strAlbum != '' ORDER BY dateAdded DESC LIMIT 10) AS recentalbums JOIN albumview ON albumview.idAlbum = recentalbums.idAlbum JOIN albumartistview ON albumview.idAlbum = albumartistview.idAlbum ORDER BY dateAdded DESC, albumview.idAlbum desc, albumartistview.iOrder 
2026-02-15 13:33:14.790 T:8572     info <general>: JSONRPC: Resolving incomplete types/methods referencing Setting.Details.Setting
2026-02-15 13:33:14.790 T:3360    debug <general>: CRecentlyAddedJob::UpdateVideos() - Running RecentlyAdded home screen update
2026-02-15 13:33:14.791 T:5484    debug <general>: CAddonDatabase: query  SELECT addons.*, repo.addonID AS repoID FROM addons JOIN addonlinkrepo ON addons.id=addonlinkrepo.idAddon JOIN repo ON repo.id=addonlinkrepo.idRepo WHERE addonlinkrepo.idRepo IN (1) ORDER BY repo.addonID, addons.addonID returned 1036 rows in 5 ms
2026-02-15 13:33:14.792 T:9764    debug <general>: NFS: Context for 192.168.1.20/volume1/iso not open - get a new context.
2026-02-15 13:33:14.792 T:9764    debug <general>: NFS: version: 3
2026-02-15 13:33:14.793 T:3360    debug <database>: CVideoDatabase::RunQuery: took 0 ms for 0 items query: select * from movie_view  WHERE isDefaultVersion = 1 ORDER BY dateAdded desc, idMovie desc LIMIT 10
2026-02-15 13:33:14.794 T:3360    debug <database>: CVideoDatabase::RunQuery: took 0 ms for 0 items query: select * from episode_view  ORDER BY dateAdded desc, idEpisode desc LIMIT 10
2026-02-15 13:33:14.794 T:3360    debug <database>: CVideoDatabase::RunQuery: took 0 ms for 0 items query: select * from musicvideo_view  ORDER BY dateAdded desc, idMVideo desc LIMIT 10
2026-02-15 13:33:14.795 T:3360    debug <general>: CRecentlyAddedJob::UpdateTotal() - Running RecentlyAdded home screen update
2026-02-15 13:33:14.797 T:8572     info <general>: JSONRPC v13.9.0: Successfully initialized
2026-02-15 13:33:14.797 T:8572    debug <general>: PERIPHERALS::CPeripherals::LoadMappings: loaded node "Motorola Nyxboard Hybrid"
2026-02-15 13:33:14.797 T:8572    debug <general>: PERIPHERALS::CPeripherals::LoadMappings: loaded node "CEC Adapter"
2026-02-15 13:33:14.797 T:8572    debug <general>: PERIPHERALS::CPeripherals::LoadMappings: loaded node "Pulse-Eight CEC Adapter"
2026-02-15 13:33:14.797 T:8572    debug <general>: PERIPHERALS::CPeripherals::LoadMappings: loaded node "iMON HID device"
2026-02-15 13:33:14.797 T:8572    debug <general>: PERIPHERALS::CPeripherals::LoadMappings: loaded node "WETEK Play remote"
2026-02-15 13:33:14.797 T:8572    debug <general>: PERIPHERALS::CPeripherals::LoadMappings: loaded node "OSMC RF Remote"
2026-02-15 13:33:14.797 T:8572    debug <general>: Skipped 1 duplicate messages..
2026-02-15 13:33:14.797 T:8572    debug <general>: PERIPHERALS::CPeripherals::LoadMappings: loaded node "Flirc"
2026-02-15 13:33:14.797 T:8572    debug <general>: PERIPHERALS::CPeripherals::LoadMappings: loaded node "joystick"
2026-02-15 13:33:14.797 T:8572    debug <general>: PERIPHERALS::CPeripherals::LoadMappings: loaded node "keyboard"
2026-02-15 13:33:14.797 T:8572    debug <general>: PERIPHERALS::CPeripherals::LoadMappings: loaded node "mouse"
2026-02-15 13:33:14.797 T:8572    debug <general>: Add-on bus: Registering add-on peripheral.joystick
2026-02-15 13:33:14.798 T:8572    debug <general>: PERIPHERAL - PERIPHERALS::CPeripheralAddon::CreateAddon - creating peripheral add-on instance 'Joystick Support'
2026-02-15 13:33:14.798 T:8572    debug <general>: ADDON: Dll Initializing - Joystick Support
2026-02-15 13:33:14.798 T:8572    debug <general>: SECTION:LoadDLL(C:\Program Files\Kodi\addons\peripheral.joystick\peripheral.joystick.dll)
2026-02-15 13:33:14.799 T:8572    debug <peripheral.joystick>: Loaded 14 joystick families with 102 total joysticks
2026-02-15 13:33:14.799 T:8572    debug <general>: Calling TransferSettings for: Joystick Support
2026-02-15 13:33:14.799 T:8572     info <peripheral.joystick>: Enabling joystick interface "xinput"
2026-02-15 13:33:14.799 T:8572    debug <peripheral.joystick>: Attempting to load XInput1_4.dll...
2026-02-15 13:33:14.799 T:8572    debug <peripheral.joystick>: Loaded XInput DLL version 1.4
2026-02-15 13:33:14.799 T:8572    debug <peripheral.joystick>: Loaded XInput symbols (GetState=0000000000000000, GetStateEx=00007FF9FC6AAF20, SetState=00007FF9FC6AB2F0, GetCaps=00007FF9FC6AA900, GetBatteryInformation=00007FF9FC6AA6B0, PowerOff=00007FF9FC6AB180)
2026-02-15 13:33:14.800 T:8572     info <peripheral.joystick>: Enabling joystick interface "directinput"
2026-02-15 13:33:14.800 T:10560   debug <general>: Thread PeripBusUSB start, auto delete: false
2026-02-15 13:33:14.800 T:8572    debug <general>: [threads] name: 'PeripBusUSB' priority: below normal
2026-02-15 13:33:14.800 T:10208   debug <general>: Thread PeripBusCEC start, auto delete: false
2026-02-15 13:33:14.800 T:8572    debug <general>: [threads] name: 'PeripBusCEC' priority: below normal
2026-02-15 13:33:14.800 T:8708    debug <general>: Thread PeripBusAddon start, auto delete: false
2026-02-15 13:33:14.800 T:8572    debug <general>: [threads] name: 'PeripBusAddon' priority: below normal
2026-02-15 13:33:14.800 T:8572    debug <general>: PERIPHERALS::CPeripherals::GetMappingForDevice - device (0000:0000) mapped to keyboard (type = keyboard)
2026-02-15 13:33:14.800 T:8572     info <general>: Loading controller layout: C:\Program Files\Kodi\addons\game.controller.keyboard\resources\layout.xml
2026-02-15 13:33:14.800 T:8572    debug <general>: PERIPHERALS::CPeripheral::Initialise - initialised peripheral on 'keyboard' with 1 features and 0 sub devices
2026-02-15 13:33:14.801 T:8572     info <general>: PERIPHERALS::CPeripheralBus::Register - new keyboard device registered on application->keyboard: キーボード (0000:0000)
2026-02-15 13:33:14.801 T:8572    debug <general>: PERIPHERALS::CPeripherals::GetMappingForDevice - device (0000:0000) mapped to mouse (type = mouse)
2026-02-15 13:33:14.801 T:8572     info <general>: Loading controller layout: C:\Program Files\Kodi\addons\game.controller.mouse\resources\layout.xml
2026-02-15 13:33:14.801 T:8572    debug <general>: PERIPHERALS::CPeripheral::Initialise - initialised peripheral on 'mouse' with 1 features and 0 sub devices
2026-02-15 13:33:14.801 T:8572     info <general>: PERIPHERALS::CPeripheralBus::Register - new mouse device registered on application->mouse: マウス (0000:0000)
2026-02-15 13:33:14.801 T:3460    debug <general>: Thread PeripEventScan start, auto delete: false
2026-02-15 13:33:14.801 T:8572    debug <general>: ContextMenuManager: addon menus reloaded.
2026-02-15 13:33:14.801 T:8572     info <general>: Loading player core factory settings from special://xbmc/system/playercorefactory.xml.
2026-02-15 13:33:14.801 T:8572    debug <general>: CPlayerCoreConfig::<ctor>: created player VideoPlayer
2026-02-15 13:33:14.801 T:8572    debug <general>: CPlayerCoreConfig::<ctor>: created player PAPlayer
2026-02-15 13:33:14.801 T:8572    debug <general>: CPlayerCoreConfig::<ctor>: created player RetroPlayer
2026-02-15 13:33:14.801 T:8572    debug <general>: CPlayerSelectionRule::Initialize: creating rule: system rules
2026-02-15 13:33:14.801 T:8572    debug <general>: CPlayerSelectionRule::Initialize: creating rule: mms/udp
2026-02-15 13:33:14.801 T:8572    debug <general>: CPlayerSelectionRule::Initialize: creating rule: lastfm/shout
2026-02-15 13:33:14.801 T:8572    debug <general>: CPlayerSelectionRule::Initialize: creating rule: rtmp
2026-02-15 13:33:14.801 T:8572    debug <general>: CPlayerSelectionRule::Initialize: creating rule: rtsp
2026-02-15 13:33:14.801 T:8572    debug <general>: CPlayerSelectionRule::Initialize: creating rule: streams
2026-02-15 13:33:14.801 T:8572    debug <general>: CPlayerSelectionRule::Initialize: creating rule: aacp/sdp
2026-02-15 13:33:14.801 T:8572    debug <general>: CPlayerSelectionRule::Initialize: creating rule: mp2
2026-02-15 13:33:14.801 T:8572    debug <general>: CPlayerSelectionRule::Initialize: creating rule: dvd
2026-02-15 13:33:14.801 T:8572    debug <general>: CPlayerSelectionRule::Initialize: creating rule: discimage
2026-02-15 13:33:14.801 T:8572    debug <general>: CPlayerSelectionRule::Initialize: creating rule: sdp/asf
2026-02-15 13:33:14.801 T:8572    debug <general>: CPlayerSelectionRule::Initialize: creating rule: nsv
2026-02-15 13:33:14.801 T:8572    debug <general>: CPlayerSelectionRule::Initialize: creating rule: radio
2026-02-15 13:33:14.801 T:8572     info <general>: Loaded playercorefactory configuration
2026-02-15 13:33:14.801 T:8572     info <general>: Loading player core factory settings from special://masterprofile/playercorefactory.xml.
2026-02-15 13:33:14.801 T:8572     info <general>: special://masterprofile/playercorefactory.xml does not exist. Skipping.
2026-02-15 13:33:14.801 T:8572     info <general>: removing tempfiles
2026-02-15 13:33:14.802 T:8572    debug <general>: CRepositoryUpdater: closest next update check at 2026/02/15 19:22:23 (in 20948s)
2026-02-15 13:33:14.802 T:8572    debug <general>: CRepositoryUpdater: checking in 20948000ms
2026-02-15 13:33:14.802 T:6384    debug <general>: Thread Timer start, auto delete: false
2026-02-15 13:33:14.802 T:8572    debug <general>: CServiceAddonManager: starting service.xbmc.versioncheck
2026-02-15 13:33:14.802 T:6368    debug <general>: Thread LanguageInvoker start, auto delete: false
2026-02-15 13:33:14.802 T:8572     info <general>: initialize done
2026-02-15 13:33:14.802 T:6368    debug <general>: initializing python script
2026-02-15 13:33:14.802 T:6368    debug <general>: CPythonInvoker(0, C:\Users\xxxxx\AppData\Roaming\Kodi\addons\service.xbmc.versioncheck\resources\lib\runner.py): start processing
2026-02-15 13:33:14.803 T:8572     info <general>: Running the application...
2026-02-15 13:33:14.803 T:8572    debug <general>: CNetworkBase::NetworkMessage - Starting network services
2026-02-15 13:33:14.803 T:8572     info <general>: starting upnp client
2026-02-15 13:33:14.803 T:8572     info <Platinum>: [platinum.core.upnp]: Starting UPnP...
2026-02-15 13:33:14.804 T:8572     info <Platinum>: [neptune.sockets.bsd]: setting SO_REUSEADDR option on socket
2026-02-15 13:33:14.804 T:8572     info <Platinum>: [neptune.sockets.bsd]: leaving multicast addr 192.168.124.145 group 239.255.255.250
2026-02-15 13:33:14.804 T:8572     info <Platinum>: [neptune.sockets.bsd]: setsockopt error -32049
2026-02-15 13:33:14.804 T:8572     info <Platinum>: [neptune.sockets.bsd]: joining multicast addr 192.168.124.145 group 239.255.255.250
2026-02-15 13:33:14.804 T:8572     info <Platinum>: [platinum.core.upnp]: Starting Ctrlpoint...
2026-02-15 13:33:14.804 T:8572     info <Platinum>: [platinum.core.http.server]: HttpServer listening on 0.0.0.0:1595
2026-02-15 13:33:14.805 T:8572     info <Platinum>: [neptune.sockets.bsd]: setting multicast interface 127.0.0.1
2026-02-15 13:33:14.805 T:8572     info <Platinum>: [neptune.sockets.bsd]: setting multicast TTL to 2
2026-02-15 13:33:14.805 T:8572     info <Platinum>: [neptune.sockets.bsd]: setting multicast interface 192.168.124.145
2026-02-15 13:33:14.805 T:8572     info <Platinum>: [neptune.sockets.bsd]: setting multicast TTL to 2
2026-02-15 13:33:14.805 T:8572     info <general>: starting upnp renderer
2026-02-15 13:33:14.805 T:5452     info <Platinum>: [platinum.inputdatagramstream]: PLT_InputDatagramStream received 160
2026-02-15 13:33:14.805 T:5452     info <Platinum>: [platinum.inputdatagramstream]: PLT_InputDatagramStream requested 4096, consumed 160, left 0
2026-02-15 13:33:14.805 T:5452     info <Platinum>: [platinum.inputdatagramstream]: PLT_InputDatagramStream received 160
2026-02-15 13:33:14.805 T:5452     info <Platinum>: [platinum.inputdatagramstream]: PLT_InputDatagramStream requested 4096, consumed 160, left 0
2026-02-15 13:33:14.805 T:8572     info <Platinum>: [platinum.core.upnp]: Starting Device...
2026-02-15 13:33:14.806 T:8572     info <Platinum>: [platinum.core.http.server]: HttpServer listening on 0.0.0.0:1161
2026-02-15 13:33:14.807 T:9144    debug <general>: Thread EventServer start, auto delete: false
2026-02-15 13:33:14.807 T:9144     info <general>: ES: Starting UDP Event server on port 9777
2026-02-15 13:33:14.807 T:9144    debug <general>: SOCKETS::CPosixUDPSocket::CheckIPv6: IPv6 socket bound successfully
2026-02-15 13:33:14.807 T:9144     info <general>: UDP: Listening on port 9777 (ipv6 : true)
2026-02-15 13:33:14.808 T:8572     info <general>: JSONRPC Server: Successfully initialized
2026-02-15 13:33:14.808 T:8428    debug <general>: Thread TCPServer start, auto delete: false
2026-02-15 13:33:14.811 T:8572     info <general>: [WS-Discovery]: Daemon started successfully.
2026-02-15 13:33:14.814 T:8572    debug <general>: ffmpeg[0x0]: [mjpeg] marker=d8 avail_size_in_buf=297611
2026-02-15 13:33:14.814 T:8572    debug <general>: ffmpeg[0x0]: [mjpeg] marker parser used 0 bytes (0 bits)
2026-02-15 13:33:14.814 T:8572    debug <general>: ffmpeg[0x0]: [mjpeg] marker=e0 avail_size_in_buf=297609
2026-02-15 13:33:14.814 T:8572    debug <general>: ffmpeg[0x0]: [mjpeg] marker parser used 16 bytes (128 bits)
2026-02-15 13:33:14.814 T:8572    debug <general>: ffmpeg[0x0]: [mjpeg] marker=db avail_size_in_buf=297591
2026-02-15 13:33:14.814 T:8572    debug <general>: ffmpeg[0x0]: [mjpeg] index=0
2026-02-15 13:33:14.814 T:8572    debug <general>: ffmpeg[0x0]: [mjpeg] qscale[0]: 1
2026-02-15 13:33:14.814 T:8572    debug <general>: ffmpeg[0x0]: [mjpeg] marker parser used 67 bytes (536 bits)
2026-02-15 13:33:14.814 T:8572    debug <general>: ffmpeg[0x0]: [mjpeg] marker=c0 avail_size_in_buf=297522
2026-02-15 13:33:14.814 T:8572    debug <general>: ffmpeg[0x0]: [mjpeg] Changing bps from 0 to 8
2026-02-15 13:33:14.814 T:8572    debug <general>: ffmpeg[0x0]: [mjpeg] sof0: picture: 1920x1080
2026-02-15 13:33:14.814 T:8572    debug <general>: ffmpeg[0x0]: [mjpeg] component 0 1:1 id: 1 quant:0
2026-02-15 13:33:14.814 T:8572    debug <general>: ffmpeg[0x0]: [mjpeg] pix fmt id 11000000
2026-02-15 13:33:14.814 T:8572    debug <general>: ffmpeg[0x0]: [mjpeg] Format gray chosen by get_format().
2026-02-15 13:33:14.815 T:8572    debug <general>: ffmpeg[0x0]: [mjpeg] marker parser used 11 bytes (88 bits)
2026-02-15 13:33:14.815 T:8572    debug <general>: ffmpeg[0x0]: [mjpeg] marker=c4 avail_size_in_buf=297509
2026-02-15 13:33:14.815 T:8572    debug <general>: ffmpeg[0x0]: [mjpeg] class=0 index=0 nb_codes=10
2026-02-15 13:33:14.815 T:8572    debug <general>: ffmpeg[0x0]: [mjpeg] marker parser used 29 bytes (232 bits)
2026-02-15 13:33:14.815 T:8572    debug <general>: ffmpeg[0x0]: [mjpeg] marker=c4 avail_size_in_buf=297478
2026-02-15 13:33:14.815 T:8572    debug <general>: ffmpeg[0x0]: [mjpeg] class=1 index=0 nb_codes=39
2026-02-15 13:33:14.815 T:8572    debug <general>: ffmpeg[0x0]: [mjpeg] marker parser used 58 bytes (464 bits)
2026-02-15 13:33:14.815 T:8572    debug <general>: ffmpeg[0x0]: [mjpeg] escaping removed 1278 bytes
2026-02-15 13:33:14.815 T:8572    debug <general>: ffmpeg[0x0]: [mjpeg] marker=da avail_size_in_buf=297418
2026-02-15 13:33:14.815 T:8572    debug <general>: ffmpeg[0x0]: [mjpeg] component: 1
2026-02-15 13:33:14.818 T:6368    debug <general>: -->Python Interpreter Initialized<--
2026-02-15 13:33:14.818 T:6368    debug <general>: 
                                                   
2026-02-15 13:33:14.818 T:6368    debug <general>: CPythonInvoker(0, C:\Users\xxxxx\AppData\Roaming\Kodi\addons\service.xbmc.versioncheck\resources\lib\runner.py): the source file to load is "C:\Users\xxxxx\AppData\Roaming\Kodi\addons\service.xbmc.versioncheck\resources\lib\runner.py"
2026-02-15 13:33:14.818 T:6368    debug <general>: CPythonInvoker(0): full python path:
2026-02-15 13:33:14.818 T:6368    debug <general>: CPythonInvoker(0):   custom python path:
2026-02-15 13:33:14.818 T:6368    debug <general>: CPythonInvoker(0):     C:\Users\xxxxx\AppData\Roaming\Kodi\addons\service.xbmc.versioncheck\resources\lib
2026-02-15 13:33:14.818 T:6368    debug <general>: CPythonInvoker(0):   default python path:
2026-02-15 13:33:14.818 T:6368    debug <general>: CPythonInvoker(0):     C:\Program Files\Kodi\system\python\DLLs
2026-02-15 13:33:14.818 T:6368    debug <general>: CPythonInvoker(0):     C:\Program Files\Kodi\system\python\Lib
2026-02-15 13:33:14.818 T:6368    debug <general>: CPythonInvoker(0):     C:\Program Files\Kodi\system\python\Lib\site-packages
2026-02-15 13:33:14.818 T:6368    debug <general>: CPythonInvoker(0):     C:\Program Files\Kodi\python314.zip
2026-02-15 13:33:14.818 T:6368    debug <general>: CPythonInvoker(0):     C:\Program Files\Kodi
2026-02-15 13:33:14.818 T:6368    debug <general>: CPythonInvoker(0):     C:\Program Files\Kodi\system\python
2026-02-15 13:33:14.818 T:6368    debug <general>: CPythonInvoker(0): adding args:
2026-02-15 13:33:14.818 T:6368    debug <general>: CPythonInvoker(0):  
2026-02-15 13:33:14.818 T:6368    debug <general>: CPythonInvoker(0, C:\Users\xxxxx\AppData\Roaming\Kodi\addons\service.xbmc.versioncheck\resources\lib\runner.py): entering source directory C:\Users\xxxxx\AppData\Roaming\Kodi\addons\service.xbmc.versioncheck\resources\lib
2026-02-15 13:33:14.818 T:6368    debug <general>: CPythonInvoker(0, C:\Users\xxxxx\AppData\Roaming\Kodi\addons\service.xbmc.versioncheck\resources\lib\runner.py): instantiating addon using automatically obtained id of "service.xbmc.versioncheck" dependent on version 3.0.0 of the xbmc.python api
2026-02-15 13:33:14.820 T:8572    debug <general>: ffmpeg[0x0]: [mjpeg] marker parser used 296139 bytes (2369108 bits)
2026-02-15 13:33:14.820 T:8572    debug <general>: ffmpeg[0x0]: [mjpeg] marker=d9 avail_size_in_buf=0
2026-02-15 13:33:14.820 T:8572    debug <general>: ffmpeg[0x0]: [mjpeg] decode frame unused 0 bytes
2026-02-15 13:33:14.820 T:8572    debug <general>: ffmpeg[0x0]: [swscaler] Forcing full internal H chroma due to input having non subsampled chroma
2026-02-15 13:33:14.822 T:5484    debug <general>: CAddonDatabase::GetAddons took 37 ms
2026-02-15 13:33:14.823 T:5252     info <Platinum>: [neptune.sockets.bsd]: setting multicast interface 192.168.124.145
2026-02-15 13:33:14.823 T:5252     info <Platinum>: [neptune.sockets.bsd]: setting multicast TTL to 2
2026-02-15 13:33:14.823 T:8572    debug <general>: ffmpeg[0x0]: [swscaler] Forcing full internal H chroma due to input having non subsampled chroma
2026-02-15 13:33:14.823 T:5452     info <Platinum>: [platinum.inputdatagramstream]: PLT_InputDatagramStream received 153
2026-02-15 13:33:14.823 T:5452     info <Platinum>: [platinum.inputdatagramstream]: PLT_InputDatagramStream requested 4096, consumed 153, left 0
2026-02-15 13:33:14.823 T:5452     info <Platinum>: [platinum.core.ctrlpoint]: Received a NOTIFY request from ourselves (f2f6bf68-0275-7210-ab9d-bc89719a5c48)

2026-02-15 13:33:14.823 T:5452     info <Platinum>: [platinum.core.devicehost]: Ignoring NOTIFY request from 192.168.124.145:50675
NOTIFY * HTTP/1.1
Host: 239.255.255.250:1900
NTS: ssdp:byebye
USN: uuid:f2f6bf68-0275-7210-ab9d-bc89719a5c48::upnp:rootdevice
NT: upnp:rootdevice

2026-02-15 13:33:14.823 T:5452     info <Platinum>: [platinum.inputdatagramstream]: PLT_InputDatagramStream received 162
2026-02-15 13:33:14.823 T:5452     info <Platinum>: [platinum.inputdatagramstream]: PLT_InputDatagramStream requested 4096, consumed 162, left 0
2026-02-15 13:33:14.823 T:5452     info <Platinum>: [platinum.core.ctrlpoint]: Received a NOTIFY request from ourselves (f2f6bf68-0275-7210-ab9d-bc89719a5c48)

2026-02-15 13:33:14.823 T:5452     info <Platinum>: [platinum.core.devicehost]: Ignoring NOTIFY request from 192.168.124.145:50675
NOTIFY * HTTP/1.1
Host: 239.255.255.250:1900
NTS: ssdp:byebye
USN: uuid:f2f6bf68-0275-7210-ab9d-bc89719a5c48
NT: uuid:f2f6bf68-0275-7210-ab9d-bc89719a5c48

2026-02-15 13:33:14.823 T:5452     info <Platinum>: [platinum.inputdatagramstream]: PLT_InputDatagramStream received 209
2026-02-15 13:33:14.823 T:5452     info <Platinum>: [platinum.inputdatagramstream]: PLT_InputDatagramStream requested 4096, consumed 209, left 0
2026-02-15 13:33:14.823 T:5452     info <Platinum>: [platinum.core.ctrlpoint]: Received a NOTIFY request from ourselves (f2f6bf68-0275-7210-ab9d-bc89719a5c48)

2026-02-15 13:33:14.823 T:5452     info <Platinum>: [platinum.core.devicehost]: Ignoring NOTIFY request from 192.168.124.145:50675
NOTIFY * HTTP/1.1
Host: 239.255.255.250:1900
NTS: ssdp:byebye
USN: uuid:f2f6bf68-0275-7210-ab9d-bc89719a5c48::urn:schemas-upnp-org:device:MediaRenderer:1
NT: urn:schemas-upnp-org:device:MediaRenderer:1

2026-02-15 13:33:14.823 T:5452     info <Platinum>: [platinum.inputdatagramstream]: PLT_InputDatagramStream received 207
2026-02-15 13:33:14.823 T:5452     info <Platinum>: [platinum.inputdatagramstream]: PLT_InputDatagramStream requested 4096, consumed 207, left 0
2026-02-15 13:33:14.823 T:5452     info <Platinum>: [platinum.core.ctrlpoint]: Received a NOTIFY request from ourselves (f2f6bf68-0275-7210-ab9d-bc89719a5c48)

2026-02-15 13:33:14.823 T:5452     info <Platinum>: [platinum.core.devicehost]: Ignoring NOTIFY request from 192.168.124.145:50675
NOTIFY * HTTP/1.1
Host: 239.255.255.250:1900
NTS: ssdp:byebye
USN: uuid:f2f6bf68-0275-7210-ab9d-bc89719a5c48::urn:schemas-upnp-org:service:AVTransport:1
NT: urn:schemas-upnp-org:service:AVTransport:1

2026-02-15 13:33:14.823 T:5452     info <Platinum>: [platinum.inputdatagramstream]: PLT_InputDatagramStream received 219
2026-02-15 13:33:14.823 T:5452     info <Platinum>: [platinum.inputdatagramstream]: PLT_InputDatagramStream requested 4096, consumed 219, left 0
2026-02-15 13:33:14.823 T:5452     info <Platinum>: [platinum.core.ctrlpoint]: Received a NOTIFY request from ourselves (f2f6bf68-0275-7210-ab9d-bc89719a5c48)

2026-02-15 13:33:14.823 T:5452     info <Platinum>: [platinum.core.devicehost]: Ignoring NOTIFY request from 192.168.124.145:50675
NOTIFY * HTTP/1.1
Host: 239.255.255.250:1900
NTS: ssdp:byebye
USN: uuid:f2f6bf68-0275-7210-ab9d-bc89719a5c48::urn:schemas-upnp-org:service:ConnectionManager:1
NT: urn:schemas-upnp-org:service:ConnectionManager:1

2026-02-15 13:33:14.823 T:5452     info <Platinum>: [platinum.inputdatagramstream]: PLT_InputDatagramStream received 217
2026-02-15 13:33:14.823 T:5452     info <Platinum>: [platinum.inputdatagramstream]: PLT_InputDatagramStream requested 4096, consumed 217, left 0
2026-02-15 13:33:14.823 T:5452     info <Platinum>: [platinum.core.ctrlpoint]: Received a NOTIFY request from ourselves (f2f6bf68-0275-7210-ab9d-bc89719a5c48)

2026-02-15 13:33:14.824 T:5452     info <Platinum>: [platinum.core.devicehost]: Ignoring NOTIFY request from 192.168.124.145:50675
NOTIFY * HTTP/1.1
Host: 239.255.255.250:1900
NTS: ssdp:byebye
USN: uuid:f2f6bf68-0275-7210-ab9d-bc89719a5c48::urn:schemas-upnp-org:service:RenderingControl:1
NT: urn:schemas-upnp-org:service:RenderingControl:1

2026-02-15 13:33:14.825 T:5484    debug <addons>: ADDON::CAddonRepos::LoadAddonsFromDatabase: repository.xbmc.org - 1034 addon(s) loaded
2026-02-15 13:33:14.826 T:5484    debug <addons>: ADDON::CAddonRepos::BuildUpdateOrOutdatedList: Building update list from installed add-ons
2026-02-15 13:33:14.826 T:5484    debug <addons>: ADDON::CAddonRepos::DoAddonUpdateCheck: update check: addonID = audioencoder.kodi.builtin.aac / Origin = b6a50484-93a0-4afb-a01c-8d17e059feda / Version = 1.0.2
2026-02-15 13:33:14.826 T:5484    debug <addons>: ADDON::CAddonRepos::DoAddonUpdateCheck: update check: addonID = audioencoder.kodi.builtin.wma / Origin = b6a50484-93a0-4afb-a01c-8d17e059feda / Version = 1.0.2
2026-02-15 13:33:14.826 T:5484    debug <addons>: ADDON::CAddonRepos::DoAddonUpdateCheck: update check: addonID = game.controller.default / Origin = b6a50484-93a0-4afb-a01c-8d17e059feda / Version = 1.0.46
2026-02-15 13:33:14.826 T:5484    debug <addons>: ADDON::CAddonRepos::DoAddonUpdateCheck: update check: addonID = game.controller.keyboard / Origin = b6a50484-93a0-4afb-a01c-8d17e059feda / Version = 1.1.47
2026-02-15 13:33:14.826 T:5484    debug <addons>: ADDON::CAddonRepos::DoAddonUpdateCheck: update check: addonID = game.controller.mouse / Origin = b6a50484-93a0-4afb-a01c-8d17e059feda / Version = 1.0.30
2026-02-15 13:33:14.826 T:5484    debug <addons>: ADDON::CAddonRepos::DoAddonUpdateCheck: update check: addonID = game.controller.snes / Origin = b6a50484-93a0-4afb-a01c-8d17e059feda / Version = 1.0.46
2026-02-15 13:33:14.826 T:5484    debug <addons>: ADDON::CAddonRepos::DoAddonUpdateCheck: update check: addonID = metadata.album.universal / Origin = b6a50484-93a0-4afb-a01c-8d17e059feda / Version = 3.1.18
2026-02-15 13:33:14.826 T:5484    debug <addons>: ADDON::CAddonRepos::DoAddonUpdateCheck: update check: addonID = metadata.artists.universal / Origin = b6a50484-93a0-4afb-a01c-8d17e059feda / Version = 4.3.21
2026-02-15 13:33:14.826 T:5484    debug <addons>: ADDON::CAddonRepos::DoAddonUpdateCheck: update check: addonID = metadata.common.allmusic.com / Origin = b6a50484-93a0-4afb-a01c-8d17e059feda / Version = 3.2.2
2026-02-15 13:33:14.826 T:5484    debug <addons>: ADDON::CAddonRepos::DoAddonUpdateCheck: update check: addonID = metadata.common.fanart.tv / Origin = b6a50484-93a0-4afb-a01c-8d17e059feda / Version = 3.6.5
2026-02-15 13:33:14.826 T:5484    debug <addons>: ADDON::CAddonRepos::DoAddonUpdateCheck: update check: addonID = metadata.common.musicbrainz.org / Origin = b6a50484-93a0-4afb-a01c-8d17e059feda / Version = 2.2.4
2026-02-15 13:33:14.826 T:5484    debug <addons>: ADDON::CAddonRepos::DoAddonUpdateCheck: update check: addonID = metadata.common.theaudiodb.com / Origin = b6a50484-93a0-4afb-a01c-8d17e059feda / Version = 2.0.3
2026-02-15 13:33:14.826 T:5484    debug <addons>: ADDON::CAddonRepos::DoAddonUpdateCheck: update check: addonID = metadata.generic.albums / Origin = b6a50484-93a0-4afb-a01c-8d17e059feda / Version = 1.0.18
2026-02-15 13:33:14.826 T:5484    debug <addons>: ADDON::CAddonRepos::DoAddonUpdateCheck: update check: addonID = metadata.generic.artists / Origin = b6a50484-93a0-4afb-a01c-8d17e059feda / Version = 1.0.18
2026-02-15 13:33:14.826 T:5484    debug <addons>: ADDON::CAddonRepos::DoAddonUpdateCheck: update check: addonID = metadata.local / Origin = b6a50484-93a0-4afb-a01c-8d17e059feda / Version = 1.0.1
2026-02-15 13:33:14.826 T:5484    debug <addons>: ADDON::CAddonRepos::DoAddonUpdateCheck: update check: addonID = metadata.themoviedb.org.python / Origin = b6a50484-93a0-4afb-a01c-8d17e059feda / Version = 3.1.3
2026-02-15 13:33:14.826 T:5484    debug <addons>: ADDON::CAddonRepos::DoAddonUpdateCheck: update check: addonID = metadata.tvshows.themoviedb.org.python / Origin = b6a50484-93a0-4afb-a01c-8d17e059feda / Version = 1.8.1
2026-02-15 13:33:14.826 T:5484    debug <addons>: ADDON::CAddonRepos::DoAddonUpdateCheck: update check: addonID = peripheral.joystick / Origin = b6a50484-93a0-4afb-a01c-8d17e059feda / Version = 22.0.5
2026-02-15 13:33:14.826 T:5484    debug <addons>: ADDON::CAddonRepos::DoAddonUpdateCheck: update check: addonID = repository.xbmc.org / Origin = b6a50484-93a0-4afb-a01c-8d17e059feda / Version = 3.5.0
2026-02-15 13:33:14.826 T:5484    debug <addons>: ADDON::CAddonRepos::DoAddonUpdateCheck: update check: addonID = resource.images.weathericons.default / Origin = b6a50484-93a0-4afb-a01c-8d17e059feda / Version = 1.1.9
2026-02-15 13:33:14.826 T:5484    debug <addons>: ADDON::CAddonRepos::DoAddonUpdateCheck: update check: addonID = resource.language.en_gb / Origin = b6a50484-93a0-4afb-a01c-8d17e059feda / Version = 2.0.2
2026-02-15 13:33:14.826 T:5484    debug <addons>: ADDON::CAddonRepos::DoAddonUpdateCheck: update check: addonID = resource.language.ja_jp / Origin = repository.xbmc.org / Version = 11.0.77
2026-02-15 13:33:14.827 T:5484    debug <addons>: ADDON::CAddonRepos::DoAddonUpdateCheck: update check: addonID = resource.uisounds.kodi / Origin = b6a50484-93a0-4afb-a01c-8d17e059feda / Version = 1.0.1
2026-02-15 13:33:14.827 T:5484    debug <addons>: ADDON::CAddonRepos::DoAddonUpdateCheck: update check: addonID = screensaver.xbmc.builtin.black / Origin = b6a50484-93a0-4afb-a01c-8d17e059feda / Version = 1.0.34
2026-02-15 13:33:14.827 T:5484    debug <addons>: ADDON::CAddonRepos::DoAddonUpdateCheck: update check: addonID = screensaver.xbmc.builtin.dim / Origin = b6a50484-93a0-4afb-a01c-8d17e059feda / Version = 1.0.66
2026-02-15 13:33:14.827 T:5484    debug <addons>: ADDON::CAddonRepos::DoAddonUpdateCheck: update check: addonID = script.module.pil / Origin = b6a50484-93a0-4afb-a01c-8d17e059feda / Version = 5.1.0
2026-02-15 13:33:14.827 T:5484    debug <addons>: ADDON::CAddonRepos::DoAddonUpdateCheck: update check: addonID = script.module.pycryptodome / Origin = b6a50484-93a0-4afb-a01c-8d17e059feda / Version = 3.4.3
2026-02-15 13:33:14.827 T:5484    debug <addons>: ADDON::CAddonRepos::DoAddonUpdateCheck: update check: addonID = service.xbmc.versioncheck / Origin = b6a50484-93a0-4afb-a01c-8d17e059feda / Version = 0.5.30+matrix.1
2026-02-15 13:33:14.827 T:5484    debug <addons>: ADDON::CAddonRepos::DoAddonUpdateCheck: update check: addonID = skin.estuary / Origin = b6a50484-93a0-4afb-a01c-8d17e059feda / Version = 4.1.0
2026-02-15 13:33:14.827 T:5484    debug <addons>: ADDON::CAddonRepos::DoAddonUpdateCheck: update check: addonID = webinterface.default / Origin = b6a50484-93a0-4afb-a01c-8d17e059feda / Version = 21.x-1.0.1
2026-02-15 13:33:14.827 T:5484    debug <general>: CAddonMgr::GetAvailableUpdatesOrOutdatedAddons took 41 ms
2026-02-15 13:33:14.829 T:9764    debug <general>: NFS: Connected to server 192.168.1.20 and export /volume1/iso
2026-02-15 13:33:14.829 T:9764    debug <general>: NFS: chunks: r/w 131072/131072
2026-02-15 13:33:14.833 T:8572    debug <general>: ffmpeg[0x0]: [swscaler] Forcing full internal H chroma due to odd output size
2026-02-15 13:33:14.833 T:8572    debug <general>: ffmpeg[0x0]: [swscaler] Forcing full internal H chroma due to input having non subsampled chroma
2026-02-15 13:33:14.833 T:8572    debug <general>: ------ Window Init () ------
2026-02-15 13:33:14.836 T:8572    debug <general>: ------ Window Init (Pointer.xml) ------
2026-02-15 13:33:15.021 T:6368    debug <general>: Version Check: Version 0.5.30+matrix.1 started
2026-02-15 13:33:15.024 T:5252     info <Platinum>: [neptune.sockets.bsd]: setting multicast interface 192.168.124.145
2026-02-15 13:33:15.024 T:5252     info <Platinum>: [neptune.sockets.bsd]: setting multicast TTL to 2
2026-02-15 13:33:15.024 T:5452     info <Platinum>: [platinum.inputdatagramstream]: PLT_InputDatagramStream received 257
2026-02-15 13:33:15.024 T:5452     info <Platinum>: [platinum.inputdatagramstream]: PLT_InputDatagramStream requested 4096, consumed 257, left 0
2026-02-15 13:33:15.024 T:5452     info <Platinum>: [platinum.core.ctrlpoint]: Received a NOTIFY request from ourselves (f2f6bf68-0275-7210-ab9d-bc89719a5c48)

2026-02-15 13:33:15.024 T:5452     info <Platinum>: [platinum.core.devicehost]: Ignoring NOTIFY request from 192.168.124.145:50676
NOTIFY * HTTP/1.1
Host: 239.255.255.250:1900
Location: http://192.168.124.145:1161/
Cache-Control: max-age=1800
Server: UPnP/1.0 DLNADOC/1.50 Kodi
NTS: ssdp:alive
USN: uuid:f2f6bf68-0275-7210-ab9d-bc89719a5c48::upnp:rootdevice
NT: upnp:rootdevice

2026-02-15 13:33:15.081 T:5452     info <Platinum>: [platinum.inputdatagramstream]: PLT_InputDatagramStream received 266
2026-02-15 13:33:15.081 T:5452     info <Platinum>: [platinum.inputdatagramstream]: PLT_InputDatagramStream requested 4096, consumed 266, left 0
2026-02-15 13:33:15.081 T:5452     info <Platinum>: [platinum.core.ctrlpoint]: Received a NOTIFY request from ourselves (f2f6bf68-0275-7210-ab9d-bc89719a5c48)

2026-02-15 13:33:15.081 T:5452     info <Platinum>: [platinum.core.devicehost]: Ignoring NOTIFY request from 192.168.124.145:50676
NOTIFY * HTTP/1.1
Host: 239.255.255.250:1900
Location: http://192.168.124.145:1161/
Cache-Control: max-age=1800
Server: UPnP/1.0 DLNADOC/1.50 Kodi
NTS: ssdp:alive
USN: uuid:f2f6bf68-0275-7210-ab9d-bc89719a5c48
NT: uuid:f2f6bf68-0275-7210-ab9d-bc89719a5c48

2026-02-15 13:33:15.129 T:5452     info <Platinum>: [platinum.inputdatagramstream]: PLT_InputDatagramStream received 313
2026-02-15 13:33:15.129 T:5452     info <Platinum>: [platinum.inputdatagramstream]: PLT_InputDatagramStream requested 4096, consumed 313, left 0
2026-02-15 13:33:15.129 T:5452     info <Platinum>: [platinum.core.ctrlpoint]: Received a NOTIFY request from ourselves (f2f6bf68-0275-7210-ab9d-bc89719a5c48)

2026-02-15 13:33:15.129 T:5452     info <Platinum>: [platinum.core.devicehost]: Ignoring NOTIFY request from 192.168.124.145:50676
NOTIFY * HTTP/1.1
Host: 239.255.255.250:1900
Location: http://192.168.124.145:1161/
Cache-Control: max-age=1800
Server: UPnP/1.0 DLNADOC/1.50 Kodi
NTS: ssdp:alive
USN: uuid:f2f6bf68-0275-7210-ab9d-bc89719a5c48::urn:schemas-upnp-org:device:MediaRenderer:1
NT: urn:schemas-upnp-org:device:MediaRenderer:1

2026-02-15 13:33:15.184 T:5452     info <Platinum>: [platinum.inputdatagramstream]: PLT_InputDatagramStream received 311
2026-02-15 13:33:15.184 T:5452     info <Platinum>: [platinum.inputdatagramstream]: PLT_InputDatagramStream requested 4096, consumed 311, left 0
2026-02-15 13:33:15.184 T:5452     info <Platinum>: [platinum.core.ctrlpoint]: Received a NOTIFY request from ourselves (f2f6bf68-0275-7210-ab9d-bc89719a5c48)

2026-02-15 13:33:15.184 T:5452     info <Platinum>: [platinum.core.devicehost]: Ignoring NOTIFY request from 192.168.124.145:50676
NOTIFY * HTTP/1.1
Host: 239.255.255.250:1900
Location: http://192.168.124.145:1161/
Cache-Control: max-age=1800
Server: UPnP/1.0 DLNADOC/1.50 Kodi
NTS: ssdp:alive
USN: uuid:f2f6bf68-0275-7210-ab9d-bc89719a5c48::urn:schemas-upnp-org:service:AVTransport:1
NT: urn:schemas-upnp-org:service:AVTransport:1

2026-02-15 13:33:15.231 T:5452     info <Platinum>: [platinum.inputdatagramstream]: PLT_InputDatagramStream received 323
2026-02-15 13:33:15.231 T:5452     info <Platinum>: [platinum.inputdatagramstream]: PLT_InputDatagramStream requested 4096, consumed 323, left 0
2026-02-15 13:33:15.231 T:5452     info <Platinum>: [platinum.core.ctrlpoint]: Received a NOTIFY request from ourselves (f2f6bf68-0275-7210-ab9d-bc89719a5c48)

2026-02-15 13:33:15.231 T:5452     info <Platinum>: [platinum.core.devicehost]: Ignoring NOTIFY request from 192.168.124.145:50676
NOTIFY * HTTP/1.1
Host: 239.255.255.250:1900
Location: http://192.168.124.145:1161/
Cache-Control: max-age=1800
Server: UPnP/1.0 DLNADOC/1.50 Kodi
NTS: ssdp:alive
USN: uuid:f2f6bf68-0275-7210-ab9d-bc89719a5c48::urn:schemas-upnp-org:service:ConnectionManager:1
NT: urn:schemas-upnp-org:service:ConnectionManager:1

2026-02-15 13:33:15.282 T:5452     info <Platinum>: [platinum.inputdatagramstream]: PLT_InputDatagramStream received 321
2026-02-15 13:33:15.282 T:5452     info <Platinum>: [platinum.inputdatagramstream]: PLT_InputDatagramStream requested 4096, consumed 321, left 0
2026-02-15 13:33:15.282 T:5452     info <Platinum>: [platinum.core.ctrlpoint]: Received a NOTIFY request from ourselves (f2f6bf68-0275-7210-ab9d-bc89719a5c48)

2026-02-15 13:33:15.282 T:5452     info <Platinum>: [platinum.core.devicehost]: Ignoring NOTIFY request from 192.168.124.145:50676
NOTIFY * HTTP/1.1
Host: 239.255.255.250:1900
Location: http://192.168.124.145:1161/
Cache-Control: max-age=1800
Server: UPnP/1.0 DLNADOC/1.50 Kodi
NTS: ssdp:alive
USN: uuid:f2f6bf68-0275-7210-ab9d-bc89719a5c48::urn:schemas-upnp-org:service:RenderingControl:1
NT: urn:schemas-upnp-org:service:RenderingControl:1

2026-02-15 13:33:15.960 T:10868   debug <general>: CIRServerSuite::Connect: connecting to: 127.0.0.1:24000 ...
2026-02-15 13:33:16.048 T:8572    debug <general>: Keyboard: scancode: 0x14b, sym: 0x114 (left), unicode: 0x00, modifier: 0x0
2026-02-15 13:33:16.050 T:8572    debug <general>: CInputManager::HandleKey: left (0xf082) pressed, window 10000, action is Left
2026-02-15 13:33:16.051 T:8572    debug <general>: ------ Window Deinit (Pointer.xml) ------
2026-02-15 13:33:16.156 T:8572    debug <general>: Keyboard: scancode: 0xc14b, sym: 0x114 (left), unicode: 0x00, modifier: 0x0
2026-02-15 13:33:16.764 T:8572    debug <general>: Keyboard: scancode: 0x150, sym: 0x112 (down), unicode: 0x00, modifier: 0x0
2026-02-15 13:33:16.764 T:8572    debug <general>: CInputManager::HandleKey: down (0xf081) pressed, window 10000, action is Down
2026-02-15 13:33:16.904 T:8572    debug <general>: Keyboard: scancode: 0xc150, sym: 0x112 (down), unicode: 0x00, modifier: 0x0
2026-02-15 13:33:17.712 T:8572    debug <general>: Keyboard: scancode: 0x14d, sym: 0x113 (right), unicode: 0x00, modifier: 0x0
2026-02-15 13:33:17.713 T:8572    debug <general>: CInputManager::HandleKey: right (0xf083) pressed, window 10000, action is Right
2026-02-15 13:33:17.805 T:8572    debug <general>: Keyboard: scancode: 0xc14d, sym: 0x113 (right), unicode: 0x00, modifier: 0x0
2026-02-15 13:33:17.993 T:10868   debug <general>: CIRServerSuite::Connect: failed to connect
2026-02-15 13:33:17.993 T:10868    info <general>: CIRServerSuite::Process: failed to connect to irss, will keep retrying every 5 seconds
2026-02-15 13:33:18.039 T:8572    debug <general>: Keyboard: scancode: 0x150, sym: 0x112 (down), unicode: 0x00, modifier: 0x0
2026-02-15 13:33:18.040 T:8572    debug <general>: CInputManager::HandleKey: down (0xf081) pressed, window 10000, action is Down
2026-02-15 13:33:18.151 T:8572    debug <general>: Keyboard: scancode: 0xc150, sym: 0x112 (down), unicode: 0x00, modifier: 0x0
2026-02-15 13:33:18.589 T:8572    debug <general>: Keyboard: scancode: 0x1c, sym: 0x0d (enter), unicode: 0x0d, modifier: 0x0
2026-02-15 13:33:18.746 T:8572    debug <general>: Keyboard: scancode: 0xc01c, sym: 0x0d (enter), unicode: 0x00, modifier: 0x0
2026-02-15 13:33:18.747 T:8572    debug <general>: CInputManager::HandleKey: return (0xf00d) pressed, window 10000, action is Select
2026-02-15 13:33:18.747 T:8572    debug <general>: Activating window ID: 10025
2026-02-15 13:33:19.080 T:8572    debug <general>: ------ Window Deinit (Home.xml) ------
2026-02-15 13:33:19.080 T:8572    debug <general>: FreeVisualisation() done
2026-02-15 13:33:19.116 T:8572    debug <general>: ------ Window Init (MyVideoNav.xml) ------
2026-02-15 13:33:19.116 T:8572     info <general>: Loading skin file: MyVideoNav.xml, load type: KEEP_IN_MEMORY
2026-02-15 13:33:19.136 T:8572    debug <general>: CGUIMediaWindow::GetDirectory (nfs://192.168.1.20/volume1/iso/)
2026-02-15 13:33:19.136 T:8572    debug <general>:   ParentPath = []
2026-02-15 13:33:19.166 T:8984    debug <general>: Thread BackgroundLoader start, auto delete: false
2026-02-15 13:33:19.166 T:8572    debug <general>: [threads] name: 'BackgroundLoader' priority: below normal
2026-02-15 13:33:19.222 T:8984    debug <general>: Thread BackgroundLoader 8984 terminating
2026-02-15 13:33:19.902 T:8572    debug <general>: Keyboard: scancode: 0x150, sym: 0x112 (down), unicode: 0x00, modifier: 0x0
2026-02-15 13:33:19.903 T:8572    debug <general>: CInputManager::HandleKey: down (0xf081) pressed, window 10025, action is Down
2026-02-15 13:33:20.041 T:8572    debug <general>: Keyboard: scancode: 0xc150, sym: 0x112 (down), unicode: 0x00, modifier: 0x0
2026-02-15 13:33:20.043 T:6368    debug <jsonrpc>: JSONRPC: Incoming request: {"jsonrpc": "2.0", "method": "Application.GetProperties", "params": {"properties": ["version", "name"]}, "id": 1}
2026-02-15 13:33:20.043 T:6368    debug <general>: Version Check: Version installed {'major': 22, 'minor': 0, 'revision': '20260212-f7749808ee', 'tag': 'alpha', 'tagversion': '2'}
2026-02-15 13:33:20.043 T:6368    debug <general>: CPythonInvoker(0, C:\Users\xxxxx\AppData\Roaming\Kodi\addons\service.xbmc.versioncheck\resources\lib\runner.py): script successfully run
2026-02-15 13:33:20.043 T:6368    debug <general>: CPythonInvoker::onExecutionDone(0, C:\Users\xxxxx\AppData\Roaming\Kodi\addons\service.xbmc.versioncheck\resources\lib\runner.py)
2026-02-15 13:33:20.059 T:6368    debug <general>: Python interpreter stopped
2026-02-15 13:33:20.059 T:6368    debug <general>: Thread LanguageInvoker 6368 terminating
2026-02-15 13:33:20.243 T:8572    debug <general>: Keyboard: scancode: 0x1c, sym: 0x0d (enter), unicode: 0x0d, modifier: 0x0
2026-02-15 13:33:20.369 T:8572    debug <general>: Keyboard: scancode: 0xc01c, sym: 0x0d (enter), unicode: 0x00, modifier: 0x0
2026-02-15 13:33:20.369 T:8572    debug <general>: CInputManager::HandleKey: return (0xf00d) pressed, window 10025, action is Select
2026-02-15 13:33:20.370 T:8572    debug <general>: CGUIMediaWindow::GetDirectory (nfs://192.168.1.20/volume1/iso/01/)
2026-02-15 13:33:20.370 T:8572    debug <general>:   ParentPath = [nfs://192.168.1.20/volume1/iso/]
2026-02-15 13:33:20.371 T:10244   debug <general>: Thread waiting start, auto delete: false
2026-02-15 13:33:20.394 T:10244   debug <general>: Thread waiting 10244 terminating
2026-02-15 13:33:20.431 T:8276    debug <general>: Thread BackgroundLoader start, auto delete: false
2026-02-15 13:33:20.431 T:8572    debug <general>: [threads] name: 'BackgroundLoader' priority: below normal
2026-02-15 13:33:20.503 T:8276    debug <general>: Thread BackgroundLoader 8276 terminating
2026-02-15 13:33:20.931 T:8572    debug <general>: Keyboard: scancode: 0x150, sym: 0x112 (down), unicode: 0x00, modifier: 0x0
2026-02-15 13:33:20.932 T:8572    debug <general>: CInputManager::HandleKey: down (0xf081) pressed, window 10025, action is Down
2026-02-15 13:33:21.054 T:8572    debug <general>: Keyboard: scancode: 0xc150, sym: 0x112 (down), unicode: 0x00, modifier: 0x0
2026-02-15 13:33:21.335 T:8572    debug <general>: Keyboard: scancode: 0x150, sym: 0x112 (down), unicode: 0x00, modifier: 0x0
2026-02-15 13:33:21.335 T:8572    debug <general>: CInputManager::HandleKey: down (0xf081) pressed, window 10025, action is Down
2026-02-15 13:33:21.426 T:8572    debug <general>: Keyboard: scancode: 0xc150, sym: 0x112 (down), unicode: 0x00, modifier: 0x0
2026-02-15 13:33:21.576 T:8572    debug <general>: Keyboard: scancode: 0x1c, sym: 0x0d (enter), unicode: 0x0d, modifier: 0x0
2026-02-15 13:33:21.702 T:8572    debug <general>: Keyboard: scancode: 0xc01c, sym: 0x0d (enter), unicode: 0x00, modifier: 0x0
2026-02-15 13:33:21.703 T:8572    debug <general>: CInputManager::HandleKey: return (0xf00d) pressed, window 10025, action is Select
2026-02-15 13:33:21.704 T:8572    debug <general>: CGUIMediaWindow::GetDirectory (nfs://192.168.1.20/volume1/iso/01/か/)
2026-02-15 13:33:21.704 T:8572    debug <general>:   ParentPath = [nfs://192.168.1.20/volume1/iso/01/]
2026-02-15 13:33:21.704 T:2224    debug <general>: Thread waiting start, auto delete: false
2026-02-15 13:33:21.708 T:2224    debug <general>: Thread waiting 2224 terminating
2026-02-15 13:33:21.753 T:9644    debug <general>: Thread BackgroundLoader start, auto delete: false
2026-02-15 13:33:21.754 T:8572    debug <general>: [threads] name: 'BackgroundLoader' priority: below normal
2026-02-15 13:33:21.847 T:9644    debug <general>: Thread BackgroundLoader 9644 terminating
2026-02-15 13:33:22.223 T:8572    debug <general>: Keyboard: scancode: 0x150, sym: 0x112 (down), unicode: 0x00, modifier: 0x0
2026-02-15 13:33:22.224 T:8572    debug <general>: CInputManager::HandleKey: down (0xf081) pressed, window 10025, action is Down
2026-02-15 13:33:22.302 T:8572    debug <general>: Keyboard: scancode: 0xc150, sym: 0x112 (down), unicode: 0x00, modifier: 0x0
2026-02-15 13:33:22.395 T:8572    debug <general>: Keyboard: scancode: 0x150, sym: 0x112 (down), unicode: 0x00, modifier: 0x0
2026-02-15 13:33:22.395 T:8572    debug <general>: CInputManager::HandleKey: down (0xf081) pressed, window 10025, action is Down
2026-02-15 13:33:22.487 T:8572    debug <general>: Keyboard: scancode: 0xc150, sym: 0x112 (down), unicode: 0x00, modifier: 0x0
2026-02-15 13:33:22.614 T:8572    debug <general>: Keyboard: scancode: 0x150, sym: 0x112 (down), unicode: 0x00, modifier: 0x0
2026-02-15 13:33:22.614 T:8572    debug <general>: CInputManager::HandleKey: down (0xf081) pressed, window 10025, action is Down
2026-02-15 13:33:22.709 T:8572    debug <general>: Keyboard: scancode: 0xc150, sym: 0x112 (down), unicode: 0x00, modifier: 0x0
2026-02-15 13:33:22.834 T:8572    debug <general>: Keyboard: scancode: 0x150, sym: 0x112 (down), unicode: 0x00, modifier: 0x0
2026-02-15 13:33:22.834 T:8572    debug <general>: CInputManager::HandleKey: down (0xf081) pressed, window 10025, action is Down
2026-02-15 13:33:22.912 T:8572    debug <general>: Keyboard: scancode: 0xc150, sym: 0x112 (down), unicode: 0x00, modifier: 0x0
2026-02-15 13:33:23.366 T:8572    debug <general>: Keyboard: scancode: 0x148, sym: 0x111 (up), unicode: 0x00, modifier: 0x0
2026-02-15 13:33:23.366 T:8572    debug <general>: CInputManager::HandleKey: up (0xf080) pressed, window 10025, action is Up
2026-02-15 13:33:23.522 T:8572    debug <general>: Keyboard: scancode: 0xc148, sym: 0x111 (up), unicode: 0x00, modifier: 0x0
2026-02-15 13:33:23.866 T:8572    debug <general>: Keyboard: scancode: 0x1c, sym: 0x0d (enter), unicode: 0x0d, modifier: 0x0
2026-02-15 13:33:23.974 T:8572    debug <general>: Keyboard: scancode: 0xc01c, sym: 0x0d (enter), unicode: 0x00, modifier: 0x0
2026-02-15 13:33:23.975 T:8572    debug <general>: CInputManager::HandleKey: return (0xf00d) pressed, window 10025, action is Select
2026-02-15 13:33:23.976 T:8572    debug <general>: CGUIMediaWindow::GetDirectory (nfs://192.168.1.20/volume1/iso/01/か/Kalafina/)
2026-02-15 13:33:23.976 T:8572    debug <general>:   ParentPath = [nfs://192.168.1.20/volume1/iso/01/か/]
2026-02-15 13:33:23.977 T:7828    debug <general>: Thread waiting start, auto delete: false
2026-02-15 13:33:23.999 T:7828    debug <general>: Thread waiting 7828 terminating
2026-02-15 13:33:24.016 T:3120    debug <general>: Thread BackgroundLoader start, auto delete: false
2026-02-15 13:33:24.016 T:8572    debug <general>: [threads] name: 'BackgroundLoader' priority: below normal
2026-02-15 13:33:24.047 T:3120    debug <general>: Thread BackgroundLoader 3120 terminating
2026-02-15 13:33:24.598 T:8572    debug <general>: Keyboard: scancode: 0x150, sym: 0x112 (down), unicode: 0x00, modifier: 0x0
2026-02-15 13:33:24.599 T:8572    debug <general>: CInputManager::HandleKey: down (0xf081) pressed, window 10025, action is Down
2026-02-15 13:33:24.739 T:8572    debug <general>: Keyboard: scancode: 0xc150, sym: 0x112 (down), unicode: 0x00, modifier: 0x0
2026-02-15 13:33:24.824 T:6768  warning <general>: [WS-Discovery]: The initial search for servers has failed. No servers found.
2026-02-15 13:33:25.022 T:8572    debug <general>: Keyboard: scancode: 0x1c, sym: 0x0d (enter), unicode: 0x0d, modifier: 0x0
2026-02-15 13:33:25.194 T:8572    debug <general>: Keyboard: scancode: 0xc01c, sym: 0x0d (enter), unicode: 0x00, modifier: 0x0
2026-02-15 13:33:25.195 T:8572    debug <general>: CInputManager::HandleKey: return (0xf00d) pressed, window 10025, action is Select
2026-02-15 13:33:25.196 T:8572    debug <general>: CGUIMediaWindow::GetDirectory (nfs://192.168.1.20/volume1/iso/01/か/Kalafina/[2009-03-04] Seventh Heaven (DVD)/)
2026-02-15 13:33:25.196 T:8572    debug <general>:   ParentPath = [nfs://192.168.1.20/volume1/iso/01/か/Kalafina/]
2026-02-15 13:33:25.206 T:6164    debug <general>: Thread waiting start, auto delete: false
2026-02-15 13:33:25.213 T:6164    debug <general>: Thread waiting 6164 terminating
2026-02-15 13:33:25.218 T:8572    debug <database>: CVideoDatabase::RunQuery: took 0 ms for 1 items query: SELECT  files.strFilename, files.playCount,  bookmark.timeInSeconds, bookmark.totalTimeInSeconds FROM files  LEFT JOIN bookmark ON    files.idFile = bookmark.idFile AND bookmark.type = 1 WHERE files.idPath=6
2026-02-15 13:33:25.218 T:1624    debug <general>: Thread BackgroundLoader start, auto delete: false
2026-02-15 13:33:25.218 T:8572    debug <general>: [threads] name: 'BackgroundLoader' priority: below normal
2026-02-15 13:33:25.220 T:1624    debug <general>: Thread BackgroundLoader 1624 terminating
2026-02-15 13:33:25.785 T:8572    debug <general>: Keyboard: scancode: 0x150, sym: 0x112 (down), unicode: 0x00, modifier: 0x0
2026-02-15 13:33:25.786 T:8572    debug <general>: CInputManager::HandleKey: down (0xf081) pressed, window 10025, action is Down
2026-02-15 13:33:25.942 T:8572    debug <general>: Keyboard: scancode: 0xc150, sym: 0x112 (down), unicode: 0x00, modifier: 0x0
2026-02-15 13:33:26.319 T:8572    debug <general>: Keyboard: scancode: 0x1c, sym: 0x0d (enter), unicode: 0x0d, modifier: 0x0
2026-02-15 13:33:26.397 T:8572    debug <general>: Keyboard: scancode: 0xc01c, sym: 0x0d (enter), unicode: 0x00, modifier: 0x0
2026-02-15 13:33:26.398 T:8572    debug <general>: CInputManager::HandleKey: return (0xf00d) pressed, window 10025, action is Select
2026-02-15 13:33:26.399 T:8572    debug <general>: CGUIWindowVideoBase::OnPlayMedia nfs://192.168.1.20/volume1/iso/01/か/Kalafina/[2009-03-04] Seventh Heaven (DVD)/dvd_video.iso
2026-02-15 13:33:26.404 T:8572    debug <database>: CVideoDatabase::GetMovieId: (nfs://192.168.1.20/volume1/iso/01/か/Kalafina/[2009-03-04] Seventh Heaven (DVD)/dvd_video.iso), query = SELECT idMedia FROM videoversion WHERE idFile = 4 AND media_type = 'movie' AND itemType = 1
2026-02-15 13:33:26.404 T:8572    debug <database>: CVideoDatabase::GetEpisodeId: (nfs://192.168.1.20/volume1/iso/01/か/Kalafina/[2009-03-04] Seventh Heaven (DVD)/dvd_video.iso), query = select idEpisode from episode where idFile=4
2026-02-15 13:33:26.404 T:8572    debug <database>: CVideoDatabase::GetMusicVideoId: (nfs://192.168.1.20/volume1/iso/01/か/Kalafina/[2009-03-04] Seventh Heaven (DVD)/dvd_video.iso), query = select idMVideo from musicvideo where idFile=4
2026-02-15 13:33:26.409 T:6628    debug <database>: CVideoDatabase::GetMovieId: (nfs://192.168.1.20/volume1/iso/01/か/Kalafina/[2009-03-04] Seventh Heaven (DVD)/dvd_video.iso), query = SELECT idMedia FROM videoversion WHERE idFile = 4 AND media_type = 'movie' AND itemType = 1
2026-02-15 13:33:26.409 T:6628    debug <database>: CVideoDatabase::GetEpisodeId: (nfs://192.168.1.20/volume1/iso/01/か/Kalafina/[2009-03-04] Seventh Heaven (DVD)/dvd_video.iso), query = select idEpisode from episode where idFile=4
2026-02-15 13:33:26.409 T:6628    debug <database>: CVideoDatabase::GetMusicVideoId: (nfs://192.168.1.20/volume1/iso/01/か/Kalafina/[2009-03-04] Seventh Heaven (DVD)/dvd_video.iso), query = select idMVideo from musicvideo where idFile=4
2026-02-15 13:33:26.409 T:6628  warning <announce>: ANNOUNCEMENT::CAnnouncementManager::DoAnnounce: CAnnouncementManager - Announcement: OnAdd from xbmc
2026-02-15 13:33:26.410 T:8572    debug <general>: CNFSFile::Open - opened volume1/iso/01/か/Kalafina/[2009-03-04] Seventh Heaven (DVD)/dvd_video.iso
2026-02-15 13:33:26.435 T:8572    debug <general>: CNFSFile::Close closing file volume1/iso/01/か/Kalafina/[2009-03-04] Seventh Heaven (DVD)/dvd_video.iso
2026-02-15 13:33:26.438 T:8572    debug <general>: CNFSFile::Open - opened volume1/iso/01/か/Kalafina/[2009-03-04] Seventh Heaven (DVD)/dvd_video.iso
2026-02-15 13:33:26.446 T:8572    debug <general>: CNFSFile::Close closing file volume1/iso/01/か/Kalafina/[2009-03-04] Seventh Heaven (DVD)/dvd_video.iso
2026-02-15 13:33:26.448 T:8572    debug <general>: CNFSFile::Open - opened volume1/iso/01/か/Kalafina/[2009-03-04] Seventh Heaven (DVD)/dvd_video.iso
2026-02-15 13:33:26.455 T:8572    debug <general>: CNFSFile::Close closing file volume1/iso/01/か/Kalafina/[2009-03-04] Seventh Heaven (DVD)/dvd_video.iso
2026-02-15 13:33:26.457 T:8572    debug <general>: CNFSFile::Open - opened volume1/iso/01/か/Kalafina/[2009-03-04] Seventh Heaven (DVD)/dvd_video.iso
2026-02-15 13:33:26.464 T:8572    debug <general>: CNFSFile::Close closing file volume1/iso/01/か/Kalafina/[2009-03-04] Seventh Heaven (DVD)/dvd_video.iso
2026-02-15 13:33:26.464 T:8572    debug <general>: CPlayerCoreFactory::GetPlayers(nfs://192.168.1.20/volume1/iso/01/か/Kalafina/[2009-03-04] Seventh Heaven (DVD)/dvd_video.iso)
2026-02-15 13:33:26.465 T:8572    debug <general>: CPlayerSelectionRule::GetPlayers: considering rule: system rules
2026-02-15 13:33:26.465 T:8572    debug <general>: CPlayerSelectionRule::GetPlayers: matches rule: system rules
2026-02-15 13:33:26.465 T:8572    debug <general>: CPlayerSelectionRule::GetPlayers: considering rule: mms/udp
2026-02-15 13:33:26.465 T:8572    debug <general>: CPlayerSelectionRule::GetPlayers: considering rule: lastfm/shout
2026-02-15 13:33:26.465 T:8572    debug <general>: CPlayerSelectionRule::GetPlayers: considering rule: rtmp
2026-02-15 13:33:26.465 T:8572    debug <general>: CPlayerSelectionRule::GetPlayers: considering rule: rtsp
2026-02-15 13:33:26.465 T:8572    debug <general>: CPlayerSelectionRule::GetPlayers: considering rule: streams
2026-02-15 13:33:26.465 T:8572    debug <general>: CPlayerSelectionRule::GetPlayers: considering rule: dvd
2026-02-15 13:33:26.465 T:8572    debug <general>: CPlayerSelectionRule::GetPlayers: considering rule: discimage
2026-02-15 13:33:26.465 T:8572    debug <general>: CPlayerSelectionRule::GetPlayers: matches rule: discimage
2026-02-15 13:33:26.465 T:8572    debug <general>: CPlayerSelectionRule::GetPlayers: adding player: VideoPlayer for rule: discimage
2026-02-15 13:33:26.465 T:8572    debug <general>: CPlayerSelectionRule::GetPlayers: considering rule: sdp/asf
2026-02-15 13:33:26.465 T:8572    debug <general>: CPlayerSelectionRule::GetPlayers: considering rule: nsv
2026-02-15 13:33:26.465 T:8572    debug <general>: CPlayerSelectionRule::GetPlayers: considering rule: radio
2026-02-15 13:33:26.465 T:8572    debug <general>: CPlayerCoreFactory::GetPlayers: matched 1 rules with players
2026-02-15 13:33:26.465 T:8572    debug <general>: CPlayerCoreFactory::GetPlayers: for video=true, audio=false
2026-02-15 13:33:26.465 T:8572    debug <general>: CPlayerCoreFactory::GetPlayers: for video=true, audio=true
2026-02-15 13:33:26.465 T:8572    debug <general>: CPlayerCoreFactory::GetPlayers: added 1 players
2026-02-15 13:33:26.465 T:10696   debug <general>: Thread RefClock start, auto delete: false
2026-02-15 13:33:26.465 T:10696   debug <general>: CVideoSyncD3D: Setting up Direct3d
2026-02-15 13:33:26.466 T:10696   debug <general>: CVideoReferenceClock: Detected refreshrate: 64.000 hertz
2026-02-15 13:33:26.466 T:8572    debug <general>: Radio UECP (RDS) Processor - new CDVDRadioRDSData::CDVDRadioRDSData
2026-02-15 13:33:26.466 T:8572    debug <general>: Audio ID3 tag processor - new CVideoPlayerAudioID3::CVideoPlayerAudioID3
2026-02-15 13:33:26.466 T:8572     info <general>: VideoPlayer::OpenFile: nfs://192.168.1.20/volume1/iso/01/か/Kalafina/[2009-03-04] Seventh Heaven (DVD)/dvd_video.iso
2026-02-15 13:33:26.467 T:8572    debug <general>: CWIN32Util::GetWindowsHDRStatus: Display is not HDR capable or cannot be detected
2026-02-15 13:33:26.467 T:2500    debug <general>: Thread VideoPlayer start, auto delete: false
2026-02-15 13:33:26.467 T:8572    debug <general>: CApplicationPlayerCallback::OnPlayBackStarted: call
2026-02-15 13:33:26.467 T:2500     info <general>: Creating InputStream
2026-02-15 13:33:26.467 T:8144    debug <general>: Thread BackgroundLoader start, auto delete: false
2026-02-15 13:33:26.467 T:8572    debug <general>: [threads] name: 'BackgroundLoader' priority: below normal
2026-02-15 13:33:26.469 T:9764    debug <general>: Loading settings for nfs://192.168.1.20/volume1/iso/01/か/Kalafina/[2009-03-04] Seventh Heaven (DVD)/dvd_video.iso
2026-02-15 13:33:26.470 T:8572    debug <general>: CVideoGUIInfo::InitCurrentItem(nfs://192.168.1.20/volume1/iso/01/か/Kalafina/[2009-03-04] Seventh Heaven (DVD)/dvd_video.iso)
2026-02-15 13:33:26.483 T:8572    debug <general>: CPlayerGUIInfo::InitCurrentItem(nfs://192.168.1.20/volume1/iso/01/か/Kalafina/[2009-03-04] Seventh Heaven (DVD)/dvd_video.iso)
2026-02-15 13:33:26.483 T:6628  warning <announce>: ANNOUNCEMENT::CAnnouncementManager::DoAnnounce: CAnnouncementManager - Announcement: OnChanged from xbmc
2026-02-15 13:33:26.484 T:6628    debug <database>: CVideoDatabase::GetMovieId: (nfs://192.168.1.20/volume1/iso/01/か/Kalafina/[2009-03-04] Seventh Heaven (DVD)/dvd_video.iso), query = SELECT idMedia FROM videoversion WHERE idFile = 4 AND media_type = 'movie' AND itemType = 1
2026-02-15 13:33:26.484 T:6628    debug <database>: CVideoDatabase::GetEpisodeId: (nfs://192.168.1.20/volume1/iso/01/か/Kalafina/[2009-03-04] Seventh Heaven (DVD)/dvd_video.iso), query = select idEpisode from episode where idFile=4
2026-02-15 13:33:26.485 T:6628    debug <database>: CVideoDatabase::GetMusicVideoId: (nfs://192.168.1.20/volume1/iso/01/か/Kalafina/[2009-03-04] Seventh Heaven (DVD)/dvd_video.iso), query = select idMVideo from musicvideo where idFile=4
2026-02-15 13:33:26.485 T:8144    debug <general>: Thread BackgroundLoader 8144 terminating
2026-02-15 13:33:26.485 T:6628  warning <announce>: ANNOUNCEMENT::CAnnouncementManager::DoAnnounce: CAnnouncementManager - Announcement: OnPlay from xbmc
2026-02-15 13:33:26.485 T:6628    debug <UPNP::BuildObject>: Building didl for plain object 'nfs://192.168.1.20/volume1/iso/01/か/Kalafina/[2009-03-04] Seventh Heaven (DVD)/dvd_video.iso' (encoded value: 'bmZzOi8vMTkyLjE2OC4xLjIwL3ZvbHVtZTEvaXNvLzAxL+OBiy9LYWxhZmluYS9bMjAwOS0wMy0wNF0gU2V2ZW50aCBIZWF2ZW4gKERWRCkvZHZkX3ZpZGVvLmlzbw==')
2026-02-15 13:33:26.486 T:2500    debug <general>: CNFSFile::Open - opened volume1/iso/01/か/Kalafina/[2009-03-04] Seventh Heaven (DVD)/dvd_video.iso
2026-02-15 13:33:26.494 T:2500    debug <general>: CNFSFile::Close closing file volume1/iso/01/か/Kalafina/[2009-03-04] Seventh Heaven (DVD)/dvd_video.iso
2026-02-15 13:33:26.495 T:2500    debug <general>: CNFSFile::Open - opened volume1/iso/01/か/Kalafina/[2009-03-04] Seventh Heaven (DVD)/dvd_video.iso
2026-02-15 13:33:26.503 T:2500    debug <general>: CNFSFile::Close closing file volume1/iso/01/か/Kalafina/[2009-03-04] Seventh Heaven (DVD)/dvd_video.iso
2026-02-15 13:33:26.503 T:2500    debug <general>: SECTION:LoadDLL(special://xbmcbin/libdvdnav.dll)
2026-02-15 13:33:26.504 T:2500    debug <general>: CFileCache::XFILE::CFileCache::Open - <nfs://192.168.1.20/volume1/iso/01/か/Kalafina/[2009-03-04] Seventh Heaven (DVD)/dvd_video.iso> opening
2026-02-15 13:33:26.506 T:2500    debug <general>: CNFSFile::Open - opened volume1/iso/01/か/Kalafina/[2009-03-04] Seventh Heaven (DVD)/dvd_video.iso
2026-02-15 13:33:26.507 T:2500    debug <general>: CFileCache::XFILE::CFileCache::Open - <nfs://192.168.1.20/volume1/iso/01/か/Kalafina/[2009-03-04] Seventh Heaven (DVD)/dvd_video.iso> source chunk size is 131072, setting cache chunk size to 131072
2026-02-15 13:33:26.507 T:2500    debug <general>: CFileCache::XFILE::CFileCache::Open - <nfs://192.168.1.20/volume1/iso/01/か/Kalafina/[2009-03-04] Seventh Heaven (DVD)/dvd_video.iso> using single memory cache sized 67108864 bytes
2026-02-15 13:33:26.507 T:3596    debug <general>: Thread FileCache start, auto delete: false
2026-02-15 13:33:26.511 T:3596    debug <general>: CFileCache::XFILE::CFileCache::Process - <nfs://192.168.1.20/volume1/iso/01/か/Kalafina/[2009-03-04] Seventh Heaven (DVD)/dvd_video.iso> cache completely reset for seek to position 524288
2026-02-15 13:33:26.514 T:3596    debug <general>: CFileCache::XFILE::CFileCache::Process - <nfs://192.168.1.20/volume1/iso/01/か/Kalafina/[2009-03-04] Seventh Heaven (DVD)/dvd_video.iso> cache completely reset for seek to position 65536
2026-02-15 13:33:26.518 T:3596    debug <general>: CFileCache::XFILE::CFileCache::Process - <nfs://192.168.1.20/volume1/iso/01/か/Kalafina/[2009-03-04] Seventh Heaven (DVD)/dvd_video.iso> cache completely reset for seek to position 536576
2026-02-15 13:33:26.519 T:2500    error <general>: Libdvd: Device name string NULL
2026-02-15 13:33:26.519 T:2500  warning <general>: Libdvd: vm: dvd_read_name failed
2026-02-15 13:33:26.519 T:2500     info <general>: Libdvd: DVD disk reports itself with Region mask 0x00fd0000. Regions: 02
2026-02-15 13:33:26.519 T:2500    debug <general>: CDVDInputStreamNavigator::Open - Setting region mask 02
2026-02-15 13:33:26.520 T:2500     info <general>: VideoPlayer: playing a file with menus
2026-02-15 13:33:26.520 T:2500     info <general>: Creating Demuxer
2026-02-15 13:33:26.520 T:2500    debug <general>: DVDNAV_HIGHLIGHT: Highlight button 1
2026-02-15 13:33:26.520 T:2500    debug <general>:  - DVDNAV_VTS_CHANGE (HOLDING)
2026-02-15 13:33:26.520 T:2500    debug <general>: CDVDDemuxFFmpeg::Open - avformat_find_stream_info starting
2026-02-15 13:33:26.520 T:2500    debug <general>: ffmpeg[0x1ea239b58b0]: [mpeg] Before avformat_find_stream_info() pos: 0 bytes read:0 seeks:0 nb_streams:0
2026-02-15 13:33:26.520 T:2500    debug <general>: ffmpeg[0x1ea239b58b0]: [mpeg] format: start_time: NOPTS duration: NOPTS (estimate from bit rate) bitrate=0 kb/s
2026-02-15 13:33:26.520 T:2500    debug <general>: ffmpeg[0x1ea239b58b0]: [mpeg] After avformat_find_stream_info() pos: 0 bytes read:0 seeks:0 frames:0
2026-02-15 13:33:26.520 T:2500  warning <general>: could not find codec parameters for nfs://192.168.1.20/volume1/iso/01/か/Kalafina/[2009-03-04] Seventh Heaven (DVD)/dvd_video.iso
2026-02-15 13:33:26.520 T:2500    debug <general>: CDVDDemuxFFmpeg::Open - av_find_stream_info finished
2026-02-15 13:33:26.520 T:2500     info <general>: ffmpeg[0x1ea239b58b0]: Input #0, mpeg, from 'nfs://192.168.1.20/volume1/iso/01/か/Kalafina/[2009-03-04] Seventh Heaven (DVD)/dvd_video.iso':
2026-02-15 13:33:26.520 T:2500     info <general>: ffmpeg[0x1ea239b58b0]:   Duration: N/A, bitrate: N/A
2026-02-15 13:33:26.520 T:2500     info <general>: CDVDInputStreamNavigator::GetVideoAspectRatio - Aspect wanted: 0, Scale permissions: 3
2026-02-15 13:33:26.520 T:2500     info <general>: Opening stream: 1 source: 512
2026-02-15 13:33:26.520 T:2500     info <general>: CDVDInputStreamNavigator::GetVideoAspectRatio - Aspect wanted: 0, Scale permissions: 3
2026-02-15 13:33:26.520 T:2500    error <general>: CVideoPlayerVideo::OpenStream: Codec id 0 require extradata.
2026-02-15 13:33:26.520 T:2500    debug <general>: CVideoPlayer::SetCaching - caching state 2
2026-02-15 13:33:26.520 T:2500    debug <general>: CDVDClock::SetSpeedAdjust - adjusted:0.000000
2026-02-15 13:33:26.520 T:2500     info <general>: VideoPlayer: next stream, wait for old streams to be finished
2026-02-15 13:33:26.520 T:2500     info <general>: Creating Demuxer
2026-02-15 13:33:26.520 T:2500    debug <general>: DVDNAV_VTS_CHANGE
2026-02-15 13:33:26.520 T:2500     info <general>: CDVDInputStreamNavigator::GetVideoAspectRatio - Aspect wanted: 0, Scale permissions: 3
2026-02-15 13:33:26.520 T:2500     info <general>: Skipped 1 duplicate messages..
2026-02-15 13:33:26.520 T:2500    debug <general>: CDVDInputStreamNavigator::ProcessBlock - Cell change: Title 0, Chapter 0
2026-02-15 13:33:26.520 T:2500    debug <general>: CDVDInputStreamNavigator::ProcessBlock - At position 0% inside the feature
2026-02-15 13:33:26.520 T:2500    debug <general>: DVDNAV_CELL_CHANGE
2026-02-15 13:33:26.520 T:2500    debug <general>: DVDNAV_NAV_PACKET - DISCONTINUITY FROM:0 TO:280633 DIFF:280633
2026-02-15 13:33:26.520 T:2500    debug <general>: CDVDDemuxFFmpeg::Open - avformat_find_stream_info starting
2026-02-15 13:33:26.520 T:2500    debug <general>: ffmpeg[0x1ea239b58b0]: [mpeg] Before avformat_find_stream_info() pos: 0 bytes read:2048 seeks:0 nb_streams:0
2026-02-15 13:33:26.520 T:2500    debug <general>: ffmpeg[0x1ea239b58b0]: [mpeg] probing stream 0 pp:2500
2026-02-15 13:33:26.521 T:2500    debug <general>: ffmpeg[0x1ea239b58b0]: Probing mpegvideo score:25 size:2012
2026-02-15 13:33:26.521 T:2500    debug <general>: ffmpeg[0x1ea239b58b0]: [mpeg] Probe with size=2012, packets=1 detected mpegvideo with score=25
2026-02-15 13:33:26.521 T:2500    debug <general>: ffmpeg[0x1ea239b58b0]: [mpeg] probed stream 0
2026-02-15 13:33:26.521 T:2500    debug <general>: ffmpeg[0x1ea239b58b0]: [mpeg2video] Format yuv420p chosen by get_format().
2026-02-15 13:33:26.525 T:2500    debug <general>: ffmpeg[0x1ea239b58b0]: [mpeg] parser not found for codec pcm_dvd, packets or times may be invalid.
2026-02-15 13:33:26.530 T:2500    debug <general>: ffmpeg[0x1ea239b58b0]: [mpeg] max_analyze_duration 500000 reached at 500500 microseconds st:0
2026-02-15 13:33:26.530 T:2500    debug <general>: ffmpeg[0x1ea239b58b0]: [mpeg] stream 0: start_time: 0.280633 duration: NOPTS
2026-02-15 13:33:26.530 T:2500    debug <general>: ffmpeg[0x1ea239b58b0]: [mpeg] stream 1: start_time: 0.280633 duration: NOPTS
2026-02-15 13:33:26.530 T:2500    debug <general>: ffmpeg[0x1ea239b58b0]: [mpeg] format: start_time: 0.280633 duration: NOPTS (estimate from bit rate) bitrate=0 kb/s
2026-02-15 13:33:26.530 T:2500    debug <general>: ffmpeg[0x1ea239b58b0]: [mpeg] After avformat_find_stream_info() pos: 380928 bytes read:380928 seeks:0 frames:47
2026-02-15 13:33:26.530 T:2500    debug <general>: CDVDDemuxFFmpeg::Open - av_find_stream_info finished
2026-02-15 13:33:26.530 T:2500     info <general>: ffmpeg[0x1ea239b58b0]: Input #0, mpeg, from 'nfs://192.168.1.20/volume1/iso/01/か/Kalafina/[2009-03-04] Seventh Heaven (DVD)/dvd_video.iso':
2026-02-15 13:33:26.530 T:2500     info <general>: ffmpeg[0x1ea239b58b0]:   Duration: N/A, start: 0.280633, bitrate: N/A
2026-02-15 13:33:26.530 T:2500     info <general>: ffmpeg[0x1ea239b58b0]:   Stream #0:0[0x1e0], 17, 1/90000: Video: mpeg2video (Main), yuv420p(tv, top first), 720x480 [SAR 8:9 DAR 4:3], 29.97 fps, 29.97 tbr, 90k tbn, start 0.280633
2026-02-15 13:33:26.530 T:2500     info <general>: ffmpeg[0x1ea239b58b0]:     Side data:
2026-02-15 13:33:26.530 T:2500     info <general>: ffmpeg[0x1ea239b58b0]:       cpb: bitrate max/min/avg: 8264000/0/0 buffer size: 1835008 vbv_delay: N/A
2026-02-15 13:33:26.530 T:2500     info <general>: ffmpeg[0x1ea239b58b0]:   Stream #0:1[0xa0], 30, 1/90000: Audio: pcm_dvd, 48000 Hz, stereo, s16, 1536 kb/s, start 0.280633
2026-02-15 13:33:26.530 T:2500    debug <general>: CDVDDemuxFFmpeg::AddStream ID: 0
2026-02-15 13:33:26.530 T:2500    debug <general>: CDVDDemuxFFmpeg::AddStream ID: 1
2026-02-15 13:33:26.530 T:2500     info <general>: CDVDInputStreamNavigator::GetVideoAspectRatio - Aspect wanted: 0, Scale permissions: 3
2026-02-15 13:33:26.530 T:2500     info <general>: Opening stream: 0 source: 256
2026-02-15 13:33:26.530 T:2500     info <general>: CDVDInputStreamNavigator::GetVideoAspectRatio - Aspect wanted: 0, Scale permissions: 3
2026-02-15 13:33:26.530 T:2500     info <general>: Creating video codec with codec id: 2
2026-02-15 13:33:26.530 T:2500     info <general>: CDVDVideoCodecFFmpeg::Open() Using codec: MPEG-2 video
2026-02-15 13:33:26.530 T:2500    debug <general>: CDVDVideoCodecFFmpeg - Updated codec: ff-mpeg2video
2026-02-15 13:33:26.530 T:2500    debug <general>: CVideoPlayerVideo::OpenStream - open stream with codec id: 2
2026-02-15 13:33:26.530 T:2500     info <general>: Creating video thread
2026-02-15 13:33:26.531 T:8860    debug <general>: Thread VideoPlayerVideo start, auto delete: false
2026-02-15 13:33:26.531 T:8860     info <general>: running thread: video_thread
2026-02-15 13:33:26.531 T:8860    debug <general>: CVideoPlayerVideo - CDVDMsg::GENERAL_PAUSE: false
2026-02-15 13:33:26.531 T:2500    debug <general>: CEdl::ReadEditDecisionLists: Checking for edit decision lists (EDL) for: nfs://192.168.1.20/volume1/iso/01/か/Kalafina/[2009-03-04] Seventh Heaven (DVD)/dvd_video.iso
2026-02-15 13:33:26.531 T:2500    debug <general>: CCBitstreamParserFactory: Creating MPEG2CCBitstreamParser
2026-02-15 13:33:26.531 T:2500    debug <general>: CVideoPlayer::HandleMessages - player 2 reported state: 0
2026-02-15 13:33:26.531 T:8860    debug <general>: CVideoPlayerVideo - Stillframe left, switching to normal playback
2026-02-15 13:33:26.531 T:8860    debug <video>: CVideoPlayerVideo::CalcDropRequirement - hurry: 0
2026-02-15 13:33:26.531 T:2500    debug <general>: CVideoPlayer::CheckContinuity - wrapback :2, prev:247266.666667, curr:0.000000, diff:-247266.666667
2026-02-15 13:33:26.531 T:8860    debug <general>: DXVA: open decoder.
2026-02-15 13:33:26.531 T:8860     info <general>: DXVA::CContext::CreateContext: creating discrete d3d11va device for decoding.
2026-02-15 13:33:26.531 T:2500     info <general>: Opening stream: 1 source: 256
2026-02-15 13:33:26.531 T:2500     info <general>: Finding audio codec for: 65555
2026-02-15 13:33:26.531 T:2500     info <general>: CDVDAudioCodecFFmpeg::Open() Successful opened audio decoder pcm_dvd
2026-02-15 13:33:26.531 T:2500     info <general>: Creating audio thread
2026-02-15 13:33:26.532 T:9448    debug <general>: Thread VideoPlayerAudio start, auto delete: false
2026-02-15 13:33:26.532 T:9448     info <general>: running thread: CVideoPlayerAudio::Process()
2026-02-15 13:33:26.532 T:5484    debug <general>: CApplicationPlayerCallback::OnAVChange: call
2026-02-15 13:33:26.535 T:8860  warning <general>: DXVA::CContext::CreateContext: unable to create device for decoding, fallback to using app device. Error 0x887A0004 DXGI_ERROR_UNSUPPORTED (指定されたデバイス インターフェイスまたは機能レベルがこのシステムでサポートされていません。)
2026-02-15 13:33:26.536 T:8860  warning <general>: DXVA::CContext::CreateContext: failed to get Video Device and Context.
2026-02-15 13:33:26.536 T:8860     info <general>: DXVA: closing decoder context.
2026-02-15 13:33:26.536 T:8860    debug <general>: DXVA::CDecoder::~CDecoder: destructing decoder, 0x1ea18aa41f0.
2026-02-15 13:33:26.536 T:8860    debug <general>: ffmpeg[0x1ea2321fe30]: [mpeg2video] Format yuv420p chosen by get_format().
2026-02-15 13:33:26.536 T:8860     info <general>: CDVDVideoCodecFFmpeg::Open() Using codec: MPEG-2 video
2026-02-15 13:33:26.536 T:8860    debug <general>: CDVDVideoCodecFFmpeg - open frame threaded with 12 threads
2026-02-15 13:33:26.538 T:8860    debug <general>: CDVDVideoCodecFFmpeg - Updated codec: ff-mpeg2video
2026-02-15 13:33:26.538 T:8860    debug <video>: CVideoPlayerVideo::CalcDropRequirement - hurry: 0
2026-02-15 13:33:26.538 T:8860    debug <general>: ffmpeg[0x1ea2321fe30]: [mpeg2video] Format yuv420p chosen by get_format().
2026-02-15 13:33:26.538 T:8860    debug <video>: CVideoPlayerVideo::CalcDropRequirement - hurry: 0
2026-02-15 13:33:26.538 T:8860    debug <general>: CRenderManager::Configure - change configuration. 720x480. display: 640x480. framerate: 59.94.
2026-02-15 13:33:26.542 T:9448    debug <general>: CVideoPlayerAudio - CDVDMsg::GENERAL_PAUSE: false
2026-02-15 13:33:26.542 T:9448     info <general>: Creating audio stream (codec id: 65555, channels: 2, sample rate: 48000, no pass-through)
2026-02-15 13:33:26.542 T:9448    debug <general>: CVideoPlayerAudio:: synctype set to 1: resample
2026-02-15 13:33:26.543 T:5384    debug <general>: ffmpeg[0x1ea181b9bd0]: [SWR] Using s16p internally between filters
2026-02-15 13:33:26.543 T:5384    debug <general>: ActiveAE::CActiveAE::ConfigureLowLatency: Low latency mode: true - Initial buffer level: 100ms (resample: true)
2026-02-15 13:33:26.543 T:2500    debug <general>: Skipped 1 duplicate messages..
2026-02-15 13:33:26.543 T:2500    debug <general>: CVideoPlayer::HandleMessages - player 1 reported state: 0
2026-02-15 13:33:26.543 T:2500    debug <general>: CVideoPlayer::HandleMessages - player started 1
2026-02-15 13:33:26.543 T:5484    debug <general>: CApplicationPlayerCallback::OnAVChange: call
2026-02-15 13:33:26.584 T:8572    debug <general>: ------ Window Init (DialogBusy.xml) ------
2026-02-15 13:33:26.588 T:8572    debug <general>: CRenderManager::DeleteRenderer - deleting renderer
2026-02-15 13:33:26.588 T:8572    debug <general>: CWinRenderer::SelectRenderer: requested render method: 0
2026-02-15 13:33:26.588 T:8572  warning <general>: CRendererDXVA::GetWeight: Texture format NV12 is not supported.
2026-02-15 13:33:26.588 T:8572    debug <general>: CWinRenderer::SelectRenderer: selected render method: Pixel Shaders
2026-02-15 13:33:26.588 T:8572    debug <general>: CWIN32Util::GetWindowsHDRStatus: Display is not HDR capable or cannot be detected
2026-02-15 13:33:26.588 T:8572    debug <general>: CRendererBase::CreateIntermediateTarget: creating intermediate target 720x480 format R16G16B16A16_FLOAT.
2026-02-15 13:33:26.588 T:6628    debug <database>: CVideoDatabase::GetMovieId: (nfs://192.168.1.20/volume1/iso/01/か/Kalafina/[2009-03-04] Seventh Heaven (DVD)/dvd_video.iso), query = SELECT idMedia FROM videoversion WHERE idFile = 4 AND media_type = 'movie' AND itemType = 1
2026-02-15 13:33:26.588 T:6628    debug <database>: CVideoDatabase::GetEpisodeId: (nfs://192.168.1.20/volume1/iso/01/か/Kalafina/[2009-03-04] Seventh Heaven (DVD)/dvd_video.iso), query = select idEpisode from episode where idFile=4
2026-02-15 13:33:26.588 T:6628    debug <database>: CVideoDatabase::GetMusicVideoId: (nfs://192.168.1.20/volume1/iso/01/か/Kalafina/[2009-03-04] Seventh Heaven (DVD)/dvd_video.iso), query = select idMVideo from musicvideo where idFile=4
2026-02-15 13:33:26.589 T:6628  warning <announce>: ANNOUNCEMENT::CAnnouncementManager::DoAnnounce: CAnnouncementManager - Announcement: OnAVChange from xbmc
2026-02-15 13:33:26.589 T:8572    debug <general>: CRenderManager::Configure - 6
2026-02-15 13:33:26.589 T:8572    debug <general>: CWIN32Util::GetWindowsHDRStatus: Display is not HDR capable or cannot be detected
2026-02-15 13:33:26.589 T:8572    debug <avtiming>: CRenderManager::PrepareNextRender: frameOnScreen: 83541.300000 renderPts: 150207.971753 nextFramePts: 0.000000 -> diff: 150207.971753  render: true forceNext: true
2026-02-15 13:33:26.590 T:8572    debug <general>: CWinShader::LoadEffect: loading shader special://xbmc/system/shaders/output_d3d.fx
2026-02-15 13:33:26.591 T:6628    debug <database>: CVideoDatabase::GetMovieId: (nfs://192.168.1.20/volume1/iso/01/か/Kalafina/[2009-03-04] Seventh Heaven (DVD)/dvd_video.iso), query = SELECT idMedia FROM videoversion WHERE idFile = 4 AND media_type = 'movie' AND itemType = 1
2026-02-15 13:33:26.591 T:6628    debug <database>: CVideoDatabase::GetEpisodeId: (nfs://192.168.1.20/volume1/iso/01/か/Kalafina/[2009-03-04] Seventh Heaven (DVD)/dvd_video.iso), query = select idEpisode from episode where idFile=4
2026-02-15 13:33:26.591 T:6628    debug <database>: CVideoDatabase::GetMusicVideoId: (nfs://192.168.1.20/volume1/iso/01/か/Kalafina/[2009-03-04] Seventh Heaven (DVD)/dvd_video.iso), query = select idMVideo from musicvideo where idFile=4
2026-02-15 13:33:26.591 T:6628  warning <announce>: ANNOUNCEMENT::CAnnouncementManager::DoAnnounce: CAnnouncementManager - Announcement: OnAVChange from xbmc
2026-02-15 13:33:26.591 T:2500    debug <general>: CVideoPlayer::HandleMessages - player started 2
2026-02-15 13:33:26.591 T:2500    debug <general>: VideoPlayer::Sync - Audio - pts: 293333.000000, cache: 521480.245095, totalcache: 800000.011921
2026-02-15 13:33:26.591 T:2500    debug <general>: VideoPlayer::Sync - Video - pts: 33366.666667, cache: 50000.000000, totalcache: 100000.000000
2026-02-15 13:33:26.591 T:5484    debug <general>: CApplicationPlayerCallback::OnAVChange: call
2026-02-15 13:33:26.591 T:9448    debug <general>: CVideoPlayerAudio - CDVDMsg::GENERAL_RESYNC(-228147.245095), level: 88, cache: 473078.911762
2026-02-15 13:33:26.591 T:8860    debug <general>: CVideoPlayerVideo - CDVDMsg::GENERAL_RESYNC(-228147.245095)
2026-02-15 13:33:26.591 T:8860    debug <video>: CVideoPlayerVideo::CalcDropRequirement - hurry: 0
2026-02-15 13:33:26.591 T:5484    debug <general>: CApplicationPlayerCallback::OnAVStarted: call
2026-02-15 13:33:26.591 T:9448    debug <general>: CDVDAudio::Resume - resume audio stream
2026-02-15 13:33:26.591 T:5384    debug <general>: ActiveAE - start sync of audio stream
2026-02-15 13:33:26.594 T:8860    debug <video>: CVideoPlayerVideo::CalcDropRequirement - hurry: 1
2026-02-15 13:33:26.599 T:8572    debug <general>: CWinShader::LoadEffect: loading shader special://xbmc/system/shaders/yuv2rgb_d3d.fx
2026-02-15 13:33:26.600 T:5384    debug <general>: CActiveAE::ClearDiscardedBuffers - buffer pool deleted
2026-02-15 13:33:26.612 T:8572    debug <general>: Activating window ID: 12005
2026-02-15 13:33:26.613 T:8572    debug <general>: ------ Window Deinit (MyVideoNav.xml) ------
2026-02-15 13:33:26.613 T:8572    debug <general>: FreeVisualisation() done
2026-02-15 13:33:26.613 T:8572    debug <general>: ------ Window Init (VideoFullScreen.xml) ------
2026-02-15 13:33:26.613 T:8572     info <general>: Loading skin file: VideoFullScreen.xml, load type: KEEP_IN_MEMORY
2026-02-15 13:33:26.613 T:8572    debug <avtiming>: CRenderManager::PrepareNextRender: frameOnScreen: -206591.045095 renderPts: -139924.373342 nextFramePts: 33366.000000 -> diff: -173290.373342  render: false forceNext: false
2026-02-15 13:33:26.614 T:6628    debug <database>: CVideoDatabase::GetMovieId: (nfs://192.168.1.20/volume1/iso/01/か/Kalafina/[2009-03-04] Seventh Heaven (DVD)/dvd_video.iso), query = SELECT idMedia FROM videoversion WHERE idFile = 4 AND media_type = 'movie' AND itemType = 1
2026-02-15 13:33:26.614 T:6628    debug <database>: CVideoDatabase::GetEpisodeId: (nfs://192.168.1.20/volume1/iso/01/か/Kalafina/[2009-03-04] Seventh Heaven (DVD)/dvd_video.iso), query = select idEpisode from episode where idFile=4
2026-02-15 13:33:26.614 T:6628    debug <database>: CVideoDatabase::GetMusicVideoId: (nfs://192.168.1.20/volume1/iso/01/か/Kalafina/[2009-03-04] Seventh Heaven (DVD)/dvd_video.iso), query = select idMVideo from musicvideo where idFile=4
2026-02-15 13:33:26.614 T:6628  warning <announce>: ANNOUNCEMENT::CAnnouncementManager::DoAnnounce: CAnnouncementManager - Announcement: OnAVChange from xbmc
2026-02-15 13:33:26.615 T:6628    debug <database>: CVideoDatabase::GetMovieId: (nfs://192.168.1.20/volume1/iso/01/か/Kalafina/[2009-03-04] Seventh Heaven (DVD)/dvd_video.iso), query = SELECT idMedia FROM videoversion WHERE idFile = 4 AND media_type = 'movie' AND itemType = 1
2026-02-15 13:33:26.615 T:6628    debug <database>: CVideoDatabase::GetEpisodeId: (nfs://192.168.1.20/volume1/iso/01/か/Kalafina/[2009-03-04] Seventh Heaven (DVD)/dvd_video.iso), query = select idEpisode from episode where idFile=4
2026-02-15 13:33:26.615 T:6628    debug <database>: CVideoDatabase::GetMusicVideoId: (nfs://192.168.1.20/volume1/iso/01/か/Kalafina/[2009-03-04] Seventh Heaven (DVD)/dvd_video.iso), query = select idMVideo from musicvideo where idFile=4
2026-02-15 13:33:26.616 T:6628  warning <announce>: ANNOUNCEMENT::CAnnouncementManager::DoAnnounce: CAnnouncementManager - Announcement: OnAVStart from xbmc
2026-02-15 13:33:26.631 T:8572    debug <general>: ------ Window Deinit (DialogBusy.xml) ------
2026-02-15 13:33:26.631 T:8572    debug <avtiming>: CRenderManager::PrepareNextRender: frameOnScreen: -188499.145095 renderPts: -121832.473342 nextFramePts: 33366.000000 -> diff: -155198.473342  render: false forceNext: false
2026-02-15 13:33:26.663 T:8572    debug <avtiming>: CRenderManager::PrepareNextRender: frameOnScreen: -156048.845095 renderPts: -89382.173342 nextFramePts: 33366.000000 -> diff: -122748.173342  render: false forceNext: false
2026-02-15 13:33:26.695 T:8572    debug <avtiming>: CRenderManager::PrepareNextRender: frameOnScreen: -123003.845095 renderPts: -56337.173342 nextFramePts: 33366.000000 -> diff: -89703.173342  render: false forceNext: false
2026-02-15 13:33:26.707 T:5384    debug <general>: ActiveAE::SyncStream - average error of 58.043327, start adjusting
2026-02-15 13:33:26.724 T:8572    debug <avtiming>: CRenderManager::PrepareNextRender: frameOnScreen: -93474.145095 renderPts: -26807.473342 nextFramePts: 33366.000000 -> diff: -60173.473342  render: false forceNext: false
2026-02-15 13:33:26.731 T:5384    debug <general>: ActiveAE::SyncStream - average error 18.043327 below threshold of 30.000000
2026-02-15 13:33:26.740 T:8572    debug <avtiming>: CRenderManager::PrepareNextRender: frameOnScreen: -77860.945095 renderPts: -11194.273342 nextFramePts: 33366.000000 -> diff: -44560.273342  render: false forceNext: false
2026-02-15 13:33:26.756 T:8572    debug <avtiming>: CRenderManager::PrepareNextRender: frameOnScreen: -62981.945095 renderPts: 3684.726658 nextFramePts: 33366.000000 -> diff: -29681.273342  render: false forceNext: false
2026-02-15 13:33:26.789 T:8572    debug <avtiming>: CRenderManager::PrepareNextRender: frameOnScreen: -30042.045095 renderPts: 36624.626658 nextFramePts: 33366.000000 -> diff: 3258.626658  render: true forceNext: false
2026-02-15 13:33:26.834 T:8572    debug <avtiming>: CRenderManager::PrepareNextRender: frameOnScreen: 15223.654905 renderPts: 81890.326658 nextFramePts: 66733.000000 -> diff: 15157.326658  render: true forceNext: false
2026-02-15 13:33:26.851 T:8572    debug <avtiming>: CRenderManager::PrepareNextRender: frameOnScreen: 31308.754905 renderPts: 97975.426658 nextFramePts: 100100.000000 -> diff: -2124.573342  render: false forceNext: false
2026-02-15 13:33:26.882 T:8572    debug <avtiming>: CRenderManager::PrepareNextRender: frameOnScreen: 62726.154905 renderPts: 129392.826658 nextFramePts: 133466.000000 -> diff: -4073.173342  render: false forceNext: false
2026-02-15 13:33:26.928 T:8572    debug <avtiming>: CRenderManager::PrepareNextRender: frameOnScreen: 108756.954905 renderPts: 175423.626658 nextFramePts: 133466.000000 -> diff: 41957.626658  render: true forceNext: false
2026-02-15 13:33:26.960 T:8572    debug <avtiming>: CRenderManager::PrepareNextRender: frameOnScreen: 140234.054905 renderPts: 206900.726658 nextFramePts: 166833.000000 -> diff: 40067.726658  render: true forceNext: false
2026-02-15 13:33:26.968 T:8860     info <general>: CDVDVideoCodecFFmpeg::CDropControl: calculated diff time: 33366
2026-02-15 13:33:26.992 T:8572    debug <avtiming>: CRenderManager::PrepareNextRender: frameOnScreen: 171192.254905 renderPts: 237858.926658 nextFramePts: 200200.000000 -> diff: 37658.926658  render: true forceNext: false
2026-02-15 13:33:27.024 T:8572    debug <avtiming>: CRenderManager::PrepareNextRender: frameOnScreen: 203617.054905 renderPts: 270283.726658 nextFramePts: 233566.000000 -> diff: 36717.726658  render: true forceNext: false
2026-02-15 13:33:27.054 T:8572    debug <avtiming>: CRenderManager::PrepareNextRender: frameOnScreen: 234655.554905 renderPts: 301322.226658 nextFramePts: 266933.000000 -> diff: 34389.226658  render: true forceNext: false
2026-02-15 13:33:27.071 T:8572    debug <avtiming>: CRenderManager::PrepareNextRender: frameOnScreen: 250300.154905 renderPts: 316966.826658 nextFramePts: 333666.000000 -> diff: -16699.173342  render: false forceNext: false
2026-02-15 13:33:27.111 T:8572    debug <avtiming>: CRenderManager::PrepareNextRender: frameOnScreen: 289617.754905 renderPts: 356284.426658 nextFramePts: 333666.000000 -> diff: 22618.426658  render: true forceNext: false
2026-02-15 13:33:27.133 T:8572    debug <avtiming>: CRenderManager::PrepareNextRender: frameOnScreen: 312631.954905 renderPts: 379298.626658 nextFramePts: 367033.000000 -> diff: 12265.626658  render: true forceNext: false
2026-02-15 13:33:27.165 T:8572    debug <avtiming>: CRenderManager::PrepareNextRender: frameOnScreen: 344508.754905 renderPts: 411175.426658 nextFramePts: 400400.000000 -> diff: 10775.426658  render: true forceNext: false
2026-02-15 13:33:27.196 T:8572    debug <avtiming>: CRenderManager::PrepareNextRender: frameOnScreen: 376236.254905 renderPts: 442902.926658 nextFramePts: 433766.000000 -> diff: 9136.926658  render: true forceNext: false
2026-02-15 13:33:27.226 T:8572    debug <avtiming>: CRenderManager::PrepareNextRender: frameOnScreen: 406410.654905 renderPts: 473077.326658 nextFramePts: 467133.000000 -> diff: 5944.326658  render: true forceNext: false
2026-02-15 13:33:27.272 T:8572    debug <avtiming>: CRenderManager::PrepareNextRender: frameOnScreen: 453117.754905 renderPts: 519784.426658 nextFramePts: 500500.000000 -> diff: 19284.426658  render: true forceNext: false
2026-02-15 13:33:27.303 T:8572    debug <avtiming>: CRenderManager::PrepareNextRender: frameOnScreen: 484714.054905 renderPts: 551380.726658 nextFramePts: 533866.000000 -> diff: 17514.726658  render: true forceNext: false
2026-02-15 13:33:27.335 T:8572    debug <avtiming>: CRenderManager::PrepareNextRender: frameOnScreen: 516835.254905 renderPts: 583501.926658 nextFramePts: 567233.000000 -> diff: 16268.926658  render: true forceNext: false
2026-02-15 13:33:27.364 T:8572    debug <avtiming>: CRenderManager::PrepareNextRender: frameOnScreen: 546459.554905 renderPts: 613126.226658 nextFramePts: 600600.000000 -> diff: 12526.226658  render: true forceNext: false
2026-02-15 13:33:27.381 T:8572    debug <avtiming>: CRenderManager::PrepareNextRender: frameOnScreen: 562182.254905 renderPts: 628848.926658 nextFramePts: 633966.000000 -> diff: -5117.073342  render: false forceNext: false
2026-02-15 13:33:27.412 T:8572    debug <avtiming>: CRenderManager::PrepareNextRender: frameOnScreen: 593703.654905 renderPts: 660370.326658 nextFramePts: 667333.000000 -> diff: -6962.673342  render: false forceNext: false
2026-02-15 13:33:27.443 T:8572    debug <avtiming>: CRenderManager::PrepareNextRender: frameOnScreen: 624294.854905 renderPts: 690961.526658 nextFramePts: 667333.000000 -> diff: 23628.526658  render: true forceNext: false
2026-02-15 13:33:27.475 T:8572    debug <avtiming>: CRenderManager::PrepareNextRender: frameOnScreen: 656644.454905 renderPts: 723311.126658 nextFramePts: 700700.000000 -> diff: 22611.126658  render: true forceNext: false
2026-02-15 13:33:27.522 T:8572    debug <avtiming>: CRenderManager::PrepareNextRender: frameOnScreen: 703207.454905 renderPts: 769874.126658 nextFramePts: 734066.000000 -> diff: 35808.126658  render: true forceNext: false
2026-02-15 13:33:27.568 T:8572    debug <avtiming>: CRenderManager::PrepareNextRender: frameOnScreen: 749423.254905 renderPts: 816089.926658 nextFramePts: 767433.000000 -> diff: 48656.926658  render: true forceNext: false
2026-02-15 13:33:27.622 T:8572    debug <avtiming>: CRenderManager::PrepareNextRender: frameOnScreen: 803222.154905 renderPts: 869888.826658 nextFramePts: 800800.000000 -> diff: 69088.826658  render: true forceNext: false
2026-02-15 13:33:27.647 T:8572    debug <avtiming>: CRenderManager::PrepareNextRender: frameOnScreen: 828952.054905 renderPts: 895618.726658 nextFramePts: 867533.000000 -> diff: 28085.726658  render: true forceNext: false
2026-02-15 13:33:27.678 T:8572    debug <avtiming>: CRenderManager::PrepareNextRender: frameOnScreen: 860019.954905 renderPts: 926686.626658 nextFramePts: 900900.000000 -> diff: 25786.626658  render: true forceNext: false
2026-02-15 13:33:27.724 T:8572    debug <avtiming>: CRenderManager::PrepareNextRender: frameOnScreen: 905891.854905 renderPts: 972558.526658 nextFramePts: 934266.000000 -> diff: 38292.526658  render: true forceNext: false
2026-02-15 13:33:27.749 T:5384    debug <general>: ffmpeg[0x1ea181b9bd0]: [SWR] Using fltp internally between filters
2026-02-15 13:33:27.756 T:8572    debug <avtiming>: CRenderManager::PrepareNextRender: frameOnScreen: 938582.754905 renderPts: 1005249.426658 nextFramePts: 1001000.000000 -> diff: 4249.426658  render: true forceNext: false
2026-02-15 13:33:27.771 T:8572    debug <avtiming>: CRenderManager::PrepareNextRender: frameOnScreen: 953090.654905 renderPts: 1019757.326658 nextFramePts: 1034366.000000 -> diff: -14608.673342  render: false forceNext: false
2026-02-15 13:33:27.803 T:8572    debug <avtiming>: CRenderManager::PrepareNextRender: frameOnScreen: 984096.654905 renderPts: 1050763.326658 nextFramePts: 1067733.000000 -> diff: -16969.673342  render: false forceNext: false
2026-02-15 13:33:27.835 T:8572    debug <avtiming>: CRenderManager::PrepareNextRender: frameOnScreen: 1016766.654905 renderPts: 1083433.326658 nextFramePts: 1067733.000000 -> diff: 15700.326658  render: true forceNext: false
2026-02-15 13:33:27.866 T:8572    debug <avtiming>: CRenderManager::PrepareNextRender: frameOnScreen: 1047499.854905 renderPts: 1114166.526658 nextFramePts: 1101100.000000 -> diff: 13066.526658  render: true forceNext: false
2026-02-15 13:33:27.896 T:8572    debug <avtiming>: CRenderManager::PrepareNextRender: frameOnScreen: 1078374.054905 renderPts: 1145040.726658 nextFramePts: 1134466.000000 -> diff: 10574.726658  render: true forceNext: false
2026-02-15 13:33:27.912 T:8572    debug <avtiming>: CRenderManager::PrepareNextRender: frameOnScreen: 1094002.354905 renderPts: 1160669.026658 nextFramePts: 1167833.000000 -> diff: -7163.973342  render: false forceNext: false
2026-02-15 13:33:27.928 T:8572    debug <avtiming>: CRenderManager::PrepareNextRender: frameOnScreen: 1109555.154905 renderPts: 1176221.826658 nextFramePts: 1201200.000000 -> diff: -24978.173342  render: false forceNext: false
2026-02-15 13:33:27.960 T:8572    debug <avtiming>: CRenderManager::PrepareNextRender: frameOnScreen: 1141390.554905 renderPts: 1208057.226658 nextFramePts: 1201200.000000 -> diff: 6857.226658  render: true forceNext: false
2026-02-15 13:33:27.991 T:8572    debug <avtiming>: CRenderManager::PrepareNextRender: frameOnScreen: 1171150.154905 renderPts: 1237816.826658 nextFramePts: 1234566.000000 -> diff: 3250.826658  render: true forceNext: false
2026-02-15 13:33:28.022 T:8572    debug <avtiming>: CRenderManager::PrepareNextRender: frameOnScreen: 1203321.754905 renderPts: 1269988.426658 nextFramePts: 1267933.000000 -> diff: 2055.426658  render: true forceNext: false
2026-02-15 13:33:28.053 T:8572    debug <avtiming>: CRenderManager::PrepareNextRender: frameOnScreen: 1234592.254905 renderPts: 1301258.926658 nextFramePts: 1301300.000000 -> diff: -41.073342  render: false forceNext: false
2026-02-15 13:33:28.085 T:8572    debug <avtiming>: CRenderManager::PrepareNextRender: frameOnScreen: 1265896.854905 renderPts: 1332563.526658 nextFramePts: 1334666.000000 -> diff: -2102.473342  render: false forceNext: false
2026-02-15 13:33:28.116 T:8572    debug <avtiming>: CRenderManager::PrepareNextRender: frameOnScreen: 1297186.854905 renderPts: 1363853.526658 nextFramePts: 1334666.000000 -> diff: 29187.526658  render: true forceNext: false
2026-02-15 13:33:28.171 T:8572    debug <avtiming>: CRenderManager::PrepareNextRender: frameOnScreen: 1351575.554905 renderPts: 1418242.226658 nextFramePts: 1368033.000000 -> diff: 50209.226658  render: true forceNext: false
2026-02-15 13:33:28.193 T:8572    debug <avtiming>: CRenderManager::PrepareNextRender: frameOnScreen: 1375140.654905 renderPts: 1441807.326658 nextFramePts: 1434766.000000 -> diff: 7041.326658  render: true forceNext: false
2026-02-15 13:33:28.224 T:8572    debug <avtiming>: CRenderManager::PrepareNextRender: frameOnScreen: 1406727.354905 renderPts: 1473394.026658 nextFramePts: 1468133.000000 -> diff: 5261.026658  render: true forceNext: false
2026-02-15 13:33:28.254 T:8572    debug <avtiming>: CRenderManager::PrepareNextRender: frameOnScreen: 1437601.954905 renderPts: 1504268.626658 nextFramePts: 1501500.000000 -> diff: 2768.626658  render: true forceNext: false
2026-02-15 13:33:28.286 T:8572    debug <avtiming>: CRenderManager::PrepareNextRender: frameOnScreen: 1468212.854905 renderPts: 1534879.526658 nextFramePts: 1534866.000000 -> diff: 13.526658  render: true forceNext: false
2026-02-15 13:33:28.334 T:8572    debug <avtiming>: CRenderManager::PrepareNextRender: frameOnScreen: 1515824.454905 renderPts: 1582491.126658 nextFramePts: 1568233.000000 -> diff: 14258.126658  render: true forceNext: false
2026-02-15 13:33:28.365 T:8572    debug <avtiming>: CRenderManager::PrepareNextRender: frameOnScreen: 1547637.154905 renderPts: 1614303.826658 nextFramePts: 1601600.000000 -> diff: 12703.826658  render: true forceNext: false
2026-02-15 13:33:28.381 T:8572    debug <avtiming>: CRenderManager::PrepareNextRender: frameOnScreen: 1562041.754905 renderPts: 1628708.426658 nextFramePts: 1634966.000000 -> diff: -6257.573342  render: false forceNext: false
2026-02-15 13:33:28.412 T:8572    debug <avtiming>: CRenderManager::PrepareNextRender: frameOnScreen: 1594107.554905 renderPts: 1660774.226658 nextFramePts: 1668333.000000 -> diff: -7558.773342  render: false forceNext: false
2026-02-15 13:33:28.443 T:8572    debug <avtiming>: CRenderManager::PrepareNextRender: frameOnScreen: 1624384.154905 renderPts: 1691050.826658 nextFramePts: 1668333.000000 -> diff: 22717.826658  render: true forceNext: false
2026-02-15 13:33:28.475 T:8572    debug <avtiming>: CRenderManager::PrepareNextRender: frameOnScreen: 1656473.754905 renderPts: 1723140.426658 nextFramePts: 1701700.000000 -> diff: 21440.426658  render: true forceNext: false
2026-02-15 13:33:28.506 T:8572    debug <avtiming>: CRenderManager::PrepareNextRender: frameOnScreen: 1687893.754905 renderPts: 1754560.426658 nextFramePts: 1735066.000000 -> diff: 19494.426658  render: true forceNext: false
2026-02-15 13:33:28.552 T:8572    debug <avtiming>: CRenderManager::PrepareNextRender: frameOnScreen: 1733929.754905 renderPts: 1800596.426658 nextFramePts: 1768433.000000 -> diff: 32163.426658  render: true forceNext: false
2026-02-15 13:33:28.585 T:8572    debug <avtiming>: CRenderManager::PrepareNextRender: frameOnScreen: 1765409.354905 renderPts: 1832076.026658 nextFramePts: 1801800.000000 -> diff: 30276.026658  render: true forceNext: false
2026-02-15 13:33:28.617 T:8572    debug <avtiming>: CRenderManager::PrepareNextRender: frameOnScreen: 1797999.154905 renderPts: 1864665.826658 nextFramePts: 1835166.000000 -> diff: 29499.826658  render: true forceNext: false
2026-02-15 13:33:28.647 T:8572    debug <avtiming>: CRenderManager::PrepareNextRender: frameOnScreen: 1829017.254905 renderPts: 1895683.926658 nextFramePts: 1868533.000000 -> diff: 27150.926658  render: true forceNext: false
2026-02-15 13:33:28.687 T:8572    debug <avtiming>: CRenderManager::PrepareNextRender: frameOnScreen: 1869168.854905 renderPts: 1935835.526658 nextFramePts: 1901899.000000 -> diff: 33936.526658  render: true forceNext: false
2026-02-15 13:33:28.724 T:8572    debug <avtiming>: CRenderManager::PrepareNextRender: frameOnScreen: 1905614.954905 renderPts: 1972281.626658 nextFramePts: 1968633.000000 -> diff: 3648.626658  render: true forceNext: false
2026-02-15 13:33:28.742 T:8572    debug <avtiming>: CRenderManager::PrepareNextRender: frameOnScreen: 1922277.754905 renderPts: 1988944.426658 nextFramePts: 2002000.000000 -> diff: -13055.573342  render: false forceNext: false
2026-02-15 13:33:28.772 T:8572    debug <avtiming>: CRenderManager::PrepareNextRender: frameOnScreen: 1953614.154905 renderPts: 2020280.826658 nextFramePts: 2035366.000000 -> diff: -15085.173342  render: false forceNext: false
2026-02-15 13:33:28.803 T:8572    debug <avtiming>: CRenderManager::PrepareNextRender: frameOnScreen: 1984687.254905 renderPts: 2051353.926658 nextFramePts: 2035366.000000 -> diff: 15987.926658  render: true forceNext: false
2026-02-15 13:33:28.834 T:8572    debug <avtiming>: CRenderManager::PrepareNextRender: frameOnScreen: 2015576.954905 renderPts: 2082243.626658 nextFramePts: 2068733.000000 -> diff: 13510.626658  render: true forceNext: false
2026-02-15 13:33:28.865 T:8572    debug <avtiming>: CRenderManager::PrepareNextRender: frameOnScreen: 2046540.354905 renderPts: 2113207.026658 nextFramePts: 2102100.000000 -> diff: 11107.026658  render: true forceNext: false
2026-02-15 13:33:28.881 T:8572    debug <avtiming>: CRenderManager::PrepareNextRender: frameOnScreen: 2062303.354905 renderPts: 2128970.026658 nextFramePts: 2135466.000000 -> diff: -6495.973342  render: false forceNext: false
2026-02-15 13:33:28.912 T:8572    debug <avtiming>: CRenderManager::PrepareNextRender: frameOnScreen: 2093878.454905 renderPts: 2160545.126658 nextFramePts: 2168833.000000 -> diff: -8287.873342  render: false forceNext: false
2026-02-15 13:33:28.943 T:8572    debug <avtiming>: CRenderManager::PrepareNextRender: frameOnScreen: 2125155.254905 renderPts: 2191821.926658 nextFramePts: 2168833.000000 -> diff: 22988.926658  render: true forceNext: false
2026-02-15 13:33:28.975 T:8572    debug <avtiming>: CRenderManager::PrepareNextRender: frameOnScreen: 2155872.354905 renderPts: 2222539.026658 nextFramePts: 2202199.000000 -> diff: 20340.026658  render: true forceNext: false
2026-02-15 13:33:29.006 T:8572    debug <avtiming>: CRenderManager::PrepareNextRender: frameOnScreen: 2187457.854905 renderPts: 2254124.526658 nextFramePts: 2235566.000000 -> diff: 18558.526658  render: true forceNext: false
2026-02-15 13:33:29.052 T:8572    debug <avtiming>: CRenderManager::PrepareNextRender: frameOnScreen: 2233739.654905 renderPts: 2300406.326658 nextFramePts: 2268933.000000 -> diff: 31473.326658  render: true forceNext: false
2026-02-15 13:33:29.069 T:8572    debug <avtiming>: CRenderManager::PrepareNextRender: frameOnScreen: 2250083.154905 renderPts: 2316749.826658 nextFramePts: 2302300.000000 -> diff: 14449.826658  render: true forceNext: false
2026-02-15 13:33:29.101 T:8572    debug <avtiming>: CRenderManager::PrepareNextRender: frameOnScreen: 2281105.854905 renderPts: 2347772.526658 nextFramePts: 2335666.000000 -> diff: 12106.526658  render: true forceNext: false
2026-02-15 13:33:29.133 T:8572    debug <avtiming>: CRenderManager::PrepareNextRender: frameOnScreen: 2313208.454905 renderPts: 2379875.126658 nextFramePts: 2369033.000000 -> diff: 10842.126658  render: true forceNext: false
2026-02-15 13:33:29.178 T:8572    debug <avtiming>: CRenderManager::PrepareNextRender: frameOnScreen: 2359476.754905 renderPts: 2426143.426658 nextFramePts: 2402400.000000 -> diff: 23743.426658  render: true forceNext: false
2026-02-15 13:33:29.233 T:8572    debug <avtiming>: CRenderManager::PrepareNextRender: frameOnScreen: 2413779.154905 renderPts: 2480445.826658 nextFramePts: 2435766.000000 -> diff: 44679.826658  render: true forceNext: false
2026-02-15 13:33:29.257 T:8572    debug <avtiming>: CRenderManager::PrepareNextRender: frameOnScreen: 2436904.954905 renderPts: 2503571.626658 nextFramePts: 2469133.000000 -> diff: 34438.626658  render: true forceNext: false
2026-02-15 13:33:29.289 T:8572    debug <avtiming>: CRenderManager::PrepareNextRender: frameOnScreen: 2469277.554905 renderPts: 2535944.226658 nextFramePts: 2502499.000000 -> diff: 33445.226658  render: true forceNext: false
2026-02-15 13:33:29.305 T:8572    debug <avtiming>: CRenderManager::PrepareNextRender: frameOnScreen: 2484532.854905 renderPts: 2551199.526658 nextFramePts: 2535866.000000 -> diff: 15333.526658  render: true forceNext: false
2026-02-15 13:33:29.336 T:8572    debug <avtiming>: CRenderManager::PrepareNextRender: frameOnScreen: 2516426.954905 renderPts: 2583093.626658 nextFramePts: 2569233.000000 -> diff: 13860.626658  render: true forceNext: false
2026-02-15 13:33:29.365 T:8572    debug <avtiming>: CRenderManager::PrepareNextRender: frameOnScreen: 2546054.454905 renderPts: 2612721.126658 nextFramePts: 2602600.000000 -> diff: 10121.126658  render: true forceNext: false
2026-02-15 13:33:29.382 T:8572    debug <avtiming>: CRenderManager::PrepareNextRender: frameOnScreen: 2561867.354905 renderPts: 2628534.026658 nextFramePts: 2635966.000000 -> diff: -7431.973342  render: false forceNext: false
2026-02-15 13:33:29.398 T:8572    debug <avtiming>: CRenderManager::PrepareNextRender: frameOnScreen: 2577741.454905 renderPts: 2644408.126658 nextFramePts: 2669333.000000 -> diff: -24924.873342  render: false forceNext: false
2026-02-15 13:33:29.430 T:8572    debug <avtiming>: CRenderManager::PrepareNextRender: frameOnScreen: 2609576.554905 renderPts: 2676243.226658 nextFramePts: 2669333.000000 -> diff: 6910.226658  render: true forceNext: false
2026-02-15 13:33:29.461 T:8572    debug <avtiming>: CRenderManager::PrepareNextRender: frameOnScreen: 2639968.354905 renderPts: 2706635.026658 nextFramePts: 2702700.000000 -> diff: 3935.026658  render: true forceNext: false
2026-02-15 13:33:29.492 T:8572    debug <avtiming>: CRenderManager::PrepareNextRender: frameOnScreen: 2672246.454905 renderPts: 2738913.126658 nextFramePts: 2736066.000000 -> diff: 2847.126658  render: true forceNext: false
2026-02-15 13:33:29.523 T:8572    debug <avtiming>: CRenderManager::PrepareNextRender: frameOnScreen: 2703480.954905 renderPts: 2770147.626658 nextFramePts: 2769433.000000 -> diff: 714.626658  render: true forceNext: false
2026-02-15 13:33:29.555 T:8572    debug <avtiming>: CRenderManager::PrepareNextRender: frameOnScreen: 2735857.354905 renderPts: 2802524.026658 nextFramePts: 2802799.000000 -> diff: -274.973342  render: false forceNext: false
2026-02-15 13:33:29.584 T:8572    debug <avtiming>: CRenderManager::PrepareNextRender: frameOnScreen: 2766204.254905 renderPts: 2832870.926658 nextFramePts: 2836166.000000 -> diff: -3295.073342  render: false forceNext: false
2026-02-15 13:33:29.614 T:8572    debug <avtiming>: CRenderManager::PrepareNextRender: frameOnScreen: 2797272.154905 renderPts: 2863938.826658 nextFramePts: 2836166.000000 -> diff: 27772.826658  render: true forceNext: false
2026-02-15 13:33:29.646 T:8572    debug <avtiming>: CRenderManager::PrepareNextRender: frameOnScreen: 2829103.454905 renderPts: 2895770.126658 nextFramePts: 2869533.000000 -> diff: 26237.126658  render: true forceNext: false
2026-02-15 13:33:29.677 T:8572    debug <avtiming>: CRenderManager::PrepareNextRender: frameOnScreen: 2859531.754905 renderPts: 2926198.426658 nextFramePts: 2902900.000000 -> diff: 23298.426658  render: true forceNext: false
2026-02-15 13:33:29.723 T:8572    debug <avtiming>: CRenderManager::PrepareNextRender: frameOnScreen: 2905947.554905 renderPts: 2972614.226658 nextFramePts: 2936266.000000 -> diff: 36348.226658  render: true forceNext: false
2026-02-15 13:33:29.763 T:8572    debug <avtiming>: CRenderManager::PrepareNextRender: frameOnScreen: 2945992.754905 renderPts: 3012659.426658 nextFramePts: 2969633.000000 -> diff: 43026.426658  render: true forceNext: false
2026-02-15 13:33:29.786 T:8572    debug <avtiming>: CRenderManager::PrepareNextRender: frameOnScreen: 2968596.354905 renderPts: 3035263.026658 nextFramePts: 3003000.000000 -> diff: 32263.026658  render: true forceNext: false
2026-02-15 13:33:29.803 T:8572    debug <avtiming>: CRenderManager::PrepareNextRender: frameOnScreen: 2984773.854905 renderPts: 3051440.526658 nextFramePts: 3036366.000000 -> diff: 15074.526658  render: true forceNext: false
2026-02-15 13:33:29.850 T:8572    debug <avtiming>: CRenderManager::PrepareNextRender: frameOnScreen: 3031281.754905 renderPts: 3097948.426658 nextFramePts: 3069733.000000 -> diff: 28215.426658  render: true forceNext: false
2026-02-15 13:33:29.882 T:8572    debug <avtiming>: CRenderManager::PrepareNextRender: frameOnScreen: 3062896.554905 renderPts: 3129563.226658 nextFramePts: 3103100.000000 -> diff: 26463.226658  render: true forceNext: false
2026-02-15 13:33:29.913 T:8572    debug <avtiming>: CRenderManager::PrepareNextRender: frameOnScreen: 3094194.054905 renderPts: 3160860.726658 nextFramePts: 3136466.000000 -> diff: 24394.726658  render: true forceNext: false
2026-02-15 13:33:29.943 T:8572    debug <avtiming>: CRenderManager::PrepareNextRender: frameOnScreen: 3125519.954905 renderPts: 3192186.626658 nextFramePts: 3169833.000000 -> diff: 22353.626658  render: true forceNext: false
2026-02-15 13:33:29.973 T:8572    debug <avtiming>: CRenderManager::PrepareNextRender: frameOnScreen: 3156518.554905 renderPts: 3223185.226658 nextFramePts: 3203199.000000 -> diff: 19986.226658  render: true forceNext: false
2026-02-15 13:33:30.021 T:8572    debug <avtiming>: CRenderManager::PrepareNextRender: frameOnScreen: 3203431.654905 renderPts: 3270098.326658 nextFramePts: 3236566.000000 -> diff: 33532.326658  render: true forceNext: false
2026-02-15 13:33:30.052 T:8572    debug <avtiming>: CRenderManager::PrepareNextRender: frameOnScreen: 3234049.254905 renderPts: 3300715.926658 nextFramePts: 3269933.000000 -> diff: 30782.926658  render: true forceNext: false
2026-02-15 13:33:30.084 T:8572    debug <avtiming>: CRenderManager::PrepareNextRender: frameOnScreen: 3265052.954905 renderPts: 3331719.626658 nextFramePts: 3303300.000000 -> diff: 28419.626658  render: true forceNext: false
2026-02-15 13:33:30.132 T:8572    debug <avtiming>: CRenderManager::PrepareNextRender: frameOnScreen: 3312724.854905 renderPts: 3379391.526658 nextFramePts: 3336666.000000 -> diff: 42725.526658  render: true forceNext: false
2026-02-15 13:33:30.165 T:8572    debug <avtiming>: CRenderManager::PrepareNextRender: frameOnScreen: 3344966.054905 renderPts: 3411632.726658 nextFramePts: 3403400.000000 -> diff: 8232.726658  render: true forceNext: false
2026-02-15 13:33:30.194 T:8572    debug <avtiming>: CRenderManager::PrepareNextRender: frameOnScreen: 3375238.454905 renderPts: 3441905.126658 nextFramePts: 3436766.000000 -> diff: 5139.126658  render: true forceNext: false
2026-02-15 13:33:30.203 T:8572    debug <avtiming>: CRenderManager::PrepareNextRender: frameOnScreen: 3383467.154905 renderPts: 3450133.826658 nextFramePts: 3470133.000000 -> diff: -19999.173342  render: false forceNext: false
2026-02-15 13:33:30.240 T:8572    debug <avtiming>: CRenderManager::PrepareNextRender: frameOnScreen: 3421163.354905 renderPts: 3487830.026658 nextFramePts: 3470133.000000 -> diff: 17697.026658  render: true forceNext: false
2026-02-15 13:33:30.296 T:8572    debug <avtiming>: CRenderManager::PrepareNextRender: frameOnScreen: 3476393.054905 renderPts: 3543059.726658 nextFramePts: 3503499.000000 -> diff: 39560.726658  render: true forceNext: false
2026-02-15 13:33:30.319 T:8572    debug <avtiming>: CRenderManager::PrepareNextRender: frameOnScreen: 3500524.154905 renderPts: 3567190.826658 nextFramePts: 3536866.000000 -> diff: 30324.826658  render: true forceNext: false
2026-02-15 13:33:30.335 T:8572    debug <avtiming>: CRenderManager::PrepareNextRender: frameOnScreen: 3515702.254905 renderPts: 3582368.926658 nextFramePts: 3570233.000000 -> diff: 12135.926658  render: true forceNext: false
2026-02-15 13:33:30.350 T:8572    debug <avtiming>: CRenderManager::PrepareNextRender: frameOnScreen: 3530425.554905 renderPts: 3597092.226658 nextFramePts: 3603600.000000 -> diff: -6507.773342  render: false forceNext: false
2026-02-15 13:33:30.366 T:8572    debug <avtiming>: CRenderManager::PrepareNextRender: frameOnScreen: 3546307.854905 renderPts: 3612974.526658 nextFramePts: 3636966.000000 -> diff: -23991.473342  render: false forceNext: false
2026-02-15 13:33:30.413 T:8572    debug <avtiming>: CRenderManager::PrepareNextRender: frameOnScreen: 3593311.454905 renderPts: 3659978.126658 nextFramePts: 3636966.000000 -> diff: 23012.126658  render: true forceNext: false
2026-02-15 13:33:30.444 T:8572    debug <avtiming>: CRenderManager::PrepareNextRender: frameOnScreen: 3625083.354905 renderPts: 3691750.026658 nextFramePts: 3670333.000000 -> diff: 21417.026658  render: true forceNext: false
2026-02-15 13:33:30.476 T:8572    debug <avtiming>: CRenderManager::PrepareNextRender: frameOnScreen: 3657183.854905 renderPts: 3723850.526658 nextFramePts: 3703700.000000 -> diff: 20150.526658  render: true forceNext: false
2026-02-15 13:33:30.522 T:8572    debug <avtiming>: CRenderManager::PrepareNextRender: frameOnScreen: 3702571.654905 renderPts: 3769238.326658 nextFramePts: 3737066.000000 -> diff: 32172.326658  render: true forceNext: false
2026-02-15 13:33:30.553 T:8572    debug <avtiming>: CRenderManager::PrepareNextRender: frameOnScreen: 3734904.754905 renderPts: 3801571.426658 nextFramePts: 3770433.000000 -> diff: 31138.426658  render: true forceNext: false
2026-02-15 13:33:30.570 T:8572    debug <avtiming>: CRenderManager::PrepareNextRender: frameOnScreen: 3751240.254905 renderPts: 3817906.926658 nextFramePts: 3803799.000000 -> diff: 14107.926658  render: true forceNext: false
2026-02-15 13:33:30.615 T:8572    debug <avtiming>: CRenderManager::PrepareNextRender: frameOnScreen: 3796447.554905 renderPts: 3863114.226658 nextFramePts: 3837166.000000 -> diff: 25948.226658  render: true forceNext: false
2026-02-15 13:33:30.623 T:8860    debug <general>: CPtsTracker: detected pattern of length 1: 33366.67, frameduration: 33366.666667
2026-02-15 13:33:30.671 T:8572    debug <avtiming>: CRenderManager::PrepareNextRender: frameOnScreen: 3851378.654905 renderPts: 3918045.326658 nextFramePts: 3870533.000000 -> diff: 47512.326658  render: true forceNext: false
2026-02-15 13:33:30.696 T:8572    debug <avtiming>: CRenderManager::PrepareNextRender: frameOnScreen: 3877550.654905 renderPts: 3944217.326658 nextFramePts: 3903900.000000 -> diff: 40317.326658  render: true forceNext: false
2026-02-15 13:33:30.727 T:8572    debug <avtiming>: CRenderManager::PrepareNextRender: frameOnScreen: 3908301.754905 renderPts: 3974968.426658 nextFramePts: 3937266.000000 -> diff: 37702.426658  render: true forceNext: false
2026-02-15 13:33:30.756 T:8572    debug <avtiming>: CRenderManager::PrepareNextRender: frameOnScreen: 3938088.354905 renderPts: 4004755.026658 nextFramePts: 3970633.000000 -> diff: 34122.026658  render: true forceNext: false
2026-02-15 13:33:30.787 T:8572    debug <avtiming>: CRenderManager::PrepareNextRender: frameOnScreen: 3969494.054905 renderPts: 4036160.726658 nextFramePts: 4037366.000000 -> diff: -1205.273342  render: false forceNext: false
2026-02-15 13:33:30.841 T:8572    debug <avtiming>: CRenderManager::PrepareNextRender: frameOnScreen: 4023829.854905 renderPts: 4090496.526658 nextFramePts: 4037366.000000 -> diff: 53130.526658  render: true forceNext: false
2026-02-15 13:33:30.866 T:8572    debug <avtiming>: CRenderManager::PrepareNextRender: frameOnScreen: 4048403.554905 renderPts: 4115070.226658 nextFramePts: 4104100.000000 -> diff: 10970.226658  render: true forceNext: false
2026-02-15 13:33:30.911 T:8572    debug <avtiming>: CRenderManager::PrepareNextRender: frameOnScreen: 4093508.054905 renderPts: 4160174.726658 nextFramePts: 4137466.000000 -> diff: 22708.726658  render: true forceNext: false
2026-02-15 13:33:30.942 T:8572    debug <avtiming>: CRenderManager::PrepareNextRender: frameOnScreen: 4125518.554905 renderPts: 4192185.226658 nextFramePts: 4170833.000000 -> diff: 21352.226658  render: true forceNext: false
2026-02-15 13:33:30.974 T:8572    debug <avtiming>: CRenderManager::PrepareNextRender: frameOnScreen: 4157149.254905 renderPts: 4223815.926658 nextFramePts: 4204200.000000 -> diff: 19615.926658  render: true forceNext: false
2026-02-15 13:33:31.005 T:8572    debug <avtiming>: CRenderManager::PrepareNextRender: frameOnScreen: 4188457.854905 renderPts: 4255124.526658 nextFramePts: 4237566.000000 -> diff: 17558.526658  render: true forceNext: false
2026-02-15 13:33:31.035 T:8572    debug <avtiming>: CRenderManager::PrepareNextRender: frameOnScreen: 4219214.254905 renderPts: 4285880.926658 nextFramePts: 4270933.000000 -> diff: 14947.926658  render: true forceNext: false
2026-02-15 13:33:31.065 T:8572    debug <avtiming>: CRenderManager::PrepareNextRender: frameOnScreen: 4250295.054905 renderPts: 4316961.726658 nextFramePts: 4304300.000000 -> diff: 12661.726658  render: true forceNext: false
2026-02-15 13:33:31.081 T:8572    debug <avtiming>: CRenderManager::PrepareNextRender: frameOnScreen: 4265865.054905 renderPts: 4332531.726658 nextFramePts: 4337666.000000 -> diff: -5134.273342  render: false forceNext: false
2026-02-15 13:33:31.112 T:8572    debug <avtiming>: CRenderManager::PrepareNextRender: frameOnScreen: 4297292.354905 renderPts: 4363959.026658 nextFramePts: 4371033.000000 -> diff: -7073.973342  render: false forceNext: false
2026-02-15 13:33:31.128 T:8572    debug <avtiming>: CRenderManager::PrepareNextRender: frameOnScreen: 4312671.354905 renderPts: 4379338.026658 nextFramePts: 4371033.000000 -> diff: 8305.026658  render: true forceNext: false
2026-02-15 13:33:31.159 T:8572    debug <avtiming>: CRenderManager::PrepareNextRender: frameOnScreen: 4343969.054905 renderPts: 4410635.726658 nextFramePts: 4404400.000000 -> diff: 6235.726658  render: true forceNext: false
2026-02-15 13:33:31.176 T:8572    debug <avtiming>: CRenderManager::PrepareNextRender: frameOnScreen: 4360006.254905 renderPts: 4426672.926658 nextFramePts: 4437766.000000 -> diff: -11093.073342  render: false forceNext: false
2026-02-15 13:33:31.191 T:8572    debug <avtiming>: CRenderManager::PrepareNextRender: frameOnScreen: 4375124.854905 renderPts: 4441791.526658 nextFramePts: 4471133.000000 -> diff: -29341.473342  render: false forceNext: false
2026-02-15 13:33:31.203 T:8572    debug <avtiming>: CRenderManager::PrepareNextRender: frameOnScreen: 4387386.854905 renderPts: 4454053.526658 nextFramePts: 4471133.000000 -> diff: -17079.473342  render: false forceNext: false
2026-02-15 13:33:31.221 T:8572    debug <avtiming>: CRenderManager::PrepareNextRender: frameOnScreen: 4405960.554905 renderPts: 4472627.226658 nextFramePts: 4471133.000000 -> diff: 1494.226658  render: true forceNext: false
2026-02-15 13:33:31.253 T:8572    debug <avtiming>: CRenderManager::PrepareNextRender: frameOnScreen: 4438447.754905 renderPts: 4505114.426658 nextFramePts: 4504500.000000 -> diff: 614.426658  render: true forceNext: false
2026-02-15 13:33:31.283 T:8572    debug <avtiming>: CRenderManager::PrepareNextRender: frameOnScreen: 4468902.254905 renderPts: 4535568.926658 nextFramePts: 4537866.000000 -> diff: -2297.073342  render: false forceNext: false
2026-02-15 13:33:31.314 T:8572    debug <avtiming>: CRenderManager::PrepareNextRender: frameOnScreen: 4500364.854905 renderPts: 4567031.526658 nextFramePts: 4571233.000000 -> diff: -4201.473342  render: false forceNext: false
2026-02-15 13:33:31.353 T:8572    debug <avtiming>: CRenderManager::PrepareNextRender: frameOnScreen: 4540008.354905 renderPts: 4606675.026658 nextFramePts: 4571233.000000 -> diff: 35442.026658  render: true forceNext: false
2026-02-15 13:33:31.374 T:8572    debug <avtiming>: CRenderManager::PrepareNextRender: frameOnScreen: 4561907.354905 renderPts: 4628574.026658 nextFramePts: 4604600.000000 -> diff: 23974.026658  render: true forceNext: false
2026-02-15 13:33:31.421 T:8572    debug <avtiming>: CRenderManager::PrepareNextRender: frameOnScreen: 4608907.254905 renderPts: 4675573.926658 nextFramePts: 4637966.000000 -> diff: 37607.926658  render: true forceNext: false
2026-02-15 13:33:31.453 T:8572    debug <avtiming>: CRenderManager::PrepareNextRender: frameOnScreen: 4641634.354905 renderPts: 4708301.026658 nextFramePts: 4671333.000000 -> diff: 36968.026658  render: true forceNext: false
2026-02-15 13:33:31.483 T:8572    debug <avtiming>: CRenderManager::PrepareNextRender: frameOnScreen: 4672110.254905 renderPts: 4738776.926658 nextFramePts: 4704700.000000 -> diff: 34076.926658  render: true forceNext: false
2026-02-15 13:33:31.514 T:8572    debug <avtiming>: CRenderManager::PrepareNextRender: frameOnScreen: 4703641.154905 renderPts: 4770307.826658 nextFramePts: 4771433.000000 -> diff: -1125.173342  render: false forceNext: false
2026-02-15 13:33:31.545 T:8572    debug <avtiming>: CRenderManager::PrepareNextRender: frameOnScreen: 4735233.354905 renderPts: 4801900.026658 nextFramePts: 4771433.000000 -> diff: 30467.026658  render: true forceNext: false
2026-02-15 13:33:31.575 T:8572    debug <avtiming>: CRenderManager::PrepareNextRender: frameOnScreen: 4766175.954905 renderPts: 4832842.626658 nextFramePts: 4804800.000000 -> diff: 28042.626658  render: true forceNext: false
2026-02-15 13:33:31.606 T:8572    debug <avtiming>: CRenderManager::PrepareNextRender: frameOnScreen: 4797020.054905 renderPts: 4863686.726658 nextFramePts: 4838166.000000 -> diff: 25520.726658  render: true forceNext: false
2026-02-15 13:33:31.652 T:8572    debug <avtiming>: CRenderManager::PrepareNextRender: frameOnScreen: 4843094.954905 renderPts: 4909761.626658 nextFramePts: 4871533.000000 -> diff: 38228.626658  render: true forceNext: false
2026-02-15 13:33:31.700 T:8572    debug <avtiming>: CRenderManager::PrepareNextRender: frameOnScreen: 4890284.954905 renderPts: 4956951.626658 nextFramePts: 4904900.000000 -> diff: 52051.626658  render: true forceNext: false
2026-02-15 13:33:31.732 T:8572    debug <avtiming>: CRenderManager::PrepareNextRender: frameOnScreen: 4922937.454905 renderPts: 4989604.126658 nextFramePts: 4971633.000000 -> diff: 17971.126658  render: true forceNext: false
2026-02-15 13:33:31.762 T:8572    debug <avtiming>: CRenderManager::PrepareNextRender: frameOnScreen: 4953733.054905 renderPts: 5020399.726658 nextFramePts: 5005000.000000 -> diff: 15399.726658  render: true forceNext: false
2026-02-15 13:33:31.793 T:8572    debug <avtiming>: CRenderManager::PrepareNextRender: frameOnScreen: 4984238.554905 renderPts: 5050905.226658 nextFramePts: 5038366.000000 -> diff: 12539.226658  render: true forceNext: false
2026-02-15 13:33:31.824 T:8572    debug <avtiming>: CRenderManager::PrepareNextRender: frameOnScreen: 5015774.354905 renderPts: 5082441.026658 nextFramePts: 5071733.000000 -> diff: 10708.026658  render: true forceNext: false
2026-02-15 13:33:31.878 T:8572    debug <avtiming>: CRenderManager::PrepareNextRender: frameOnScreen: 5070187.254905 renderPts: 5136853.926658 nextFramePts: 5105100.000000 -> diff: 31753.926658  render: true forceNext: false
2026-02-15 13:33:31.901 T:8572    debug <avtiming>: CRenderManager::PrepareNextRender: frameOnScreen: 5093791.954905 renderPts: 5160458.626658 nextFramePts: 5138466.000000 -> diff: 21992.626658  render: true forceNext: false
2026-02-15 13:33:31.933 T:8572    debug <avtiming>: CRenderManager::PrepareNextRender: frameOnScreen: 5125535.554905 renderPts: 5192202.226658 nextFramePts: 5171833.000000 -> diff: 20369.226658  render: true forceNext: false
2026-02-15 13:33:31.964 T:8572    debug <avtiming>: CRenderManager::PrepareNextRender: frameOnScreen: 5157094.854905 renderPts: 5223761.526658 nextFramePts: 5205200.000000 -> diff: 18561.526658  render: true forceNext: false
2026-02-15 13:33:31.995 T:8572    debug <avtiming>: CRenderManager::PrepareNextRender: frameOnScreen: 5186888.054905 renderPts: 5253554.726658 nextFramePts: 5238566.000000 -> diff: 14988.726658  render: true forceNext: false
2026-02-15 13:33:32.027 T:8572    debug <avtiming>: CRenderManager::PrepareNextRender: frameOnScreen: 5219548.454905 renderPts: 5286215.126658 nextFramePts: 5271933.000000 -> diff: 14282.126658  render: true forceNext: false
2026-02-15 13:33:32.072 T:8572    debug <avtiming>: CRenderManager::PrepareNextRender: frameOnScreen: 5265232.454905 renderPts: 5331899.126658 nextFramePts: 5305300.000000 -> diff: 26599.126658  render: true forceNext: false
2026-02-15 13:33:32.104 T:8572    debug <avtiming>: CRenderManager::PrepareNextRender: frameOnScreen: 5297260.454905 renderPts: 5363927.126658 nextFramePts: 5338666.000000 -> diff: 25261.126658  render: true forceNext: false
2026-02-15 13:33:32.136 T:8572    debug <avtiming>: CRenderManager::PrepareNextRender: frameOnScreen: 5330061.854905 renderPts: 5396728.526658 nextFramePts: 5372033.000000 -> diff: 24695.526658  render: true forceNext: false
2026-02-15 13:33:32.181 T:8572    debug <avtiming>: CRenderManager::PrepareNextRender: frameOnScreen: 5374615.054905 renderPts: 5441281.726658 nextFramePts: 5405400.000000 -> diff: 35881.726658  render: true forceNext: false
2026-02-15 13:33:32.213 T:8572    debug <avtiming>: CRenderManager::PrepareNextRender: frameOnScreen: 5407498.154905 renderPts: 5474164.826658 nextFramePts: 5438766.000000 -> diff: 35398.826658  render: true forceNext: false
2026-02-15 13:33:32.259 T:8572    debug <avtiming>: CRenderManager::PrepareNextRender: frameOnScreen: 5452736.554905 renderPts: 5519403.226658 nextFramePts: 5472133.000000 -> diff: 47270.226658  render: true forceNext: false
2026-02-15 13:33:32.290 T:8572    debug <avtiming>: CRenderManager::PrepareNextRender: frameOnScreen: 5484578.854905 renderPts: 5551245.526658 nextFramePts: 5538866.000000 -> diff: 12379.526658  render: true forceNext: false
2026-02-15 13:33:32.322 T:8572    debug <avtiming>: CRenderManager::PrepareNextRender: frameOnScreen: 5515347.654905 renderPts: 5582014.326658 nextFramePts: 5572233.000000 -> diff: 9781.326658  render: true forceNext: false
2026-02-15 13:33:32.354 T:8572    debug <avtiming>: CRenderManager::PrepareNextRender: frameOnScreen: 5546160.854905 renderPts: 5612827.526658 nextFramePts: 5605600.000000 -> diff: 7227.526658  render: true forceNext: false
2026-02-15 13:33:32.389 T:8572    debug <avtiming>: CRenderManager::PrepareNextRender: frameOnScreen: 5581277.854905 renderPts: 5647944.526658 nextFramePts: 5638966.000000 -> diff: 8978.526658  render: true forceNext: false
2026-02-15 13:33:32.432 T:8572    debug <avtiming>: CRenderManager::PrepareNextRender: frameOnScreen: 5624334.754905 renderPts: 5691001.426658 nextFramePts: 5672333.000000 -> diff: 18668.426658  render: true forceNext: false
2026-02-15 13:33:32.464 T:8572    debug <avtiming>: CRenderManager::PrepareNextRender: frameOnScreen: 5655523.654905 renderPts: 5722190.326658 nextFramePts: 5705700.000000 -> diff: 16490.326658  render: true forceNext: false
2026-02-15 13:33:32.496 T:8572    debug <avtiming>: CRenderManager::PrepareNextRender: frameOnScreen: 5687950.754905 renderPts: 5754617.426658 nextFramePts: 5739066.000000 -> diff: 15551.426658  render: true forceNext: false
2026-02-15 13:33:32.542 T:8572    debug <avtiming>: CRenderManager::PrepareNextRender: frameOnScreen: 5734057.454905 renderPts: 5800724.126658 nextFramePts: 5772433.000000 -> diff: 28291.126658  render: true forceNext: false
2026-02-15 13:33:32.574 T:8572    debug <avtiming>: CRenderManager::PrepareNextRender: frameOnScreen: 5765820.554905 renderPts: 5832487.226658 nextFramePts: 5805800.000000 -> diff: 26687.226658  render: true forceNext: false
2026-02-15 13:33:32.605 T:8572    debug <avtiming>: CRenderManager::PrepareNextRender: frameOnScreen: 5797990.154905 renderPts: 5864656.826658 nextFramePts: 5839166.000000 -> diff: 25490.826658  render: true forceNext: false
2026-02-15 13:33:32.650 T:8572    debug <avtiming>: CRenderManager::PrepareNextRender: frameOnScreen: 5843096.254905 renderPts: 5909762.926658 nextFramePts: 5872533.000000 -> diff: 37229.926658  render: true forceNext: false
2026-02-15 13:33:32.697 T:8572    debug <avtiming>: CRenderManager::PrepareNextRender: frameOnScreen: 5890053.554905 renderPts: 5956720.226658 nextFramePts: 5905900.000000 -> diff: 50820.226658  render: true forceNext: false
2026-02-15 13:33:32.729 T:8572    debug <avtiming>: CRenderManager::PrepareNextRender: frameOnScreen: 5922388.254905 renderPts: 5989054.926658 nextFramePts: 5972633.000000 -> diff: 16421.926658  render: true forceNext: false
2026-02-15 13:33:32.761 T:8572    debug <avtiming>: CRenderManager::PrepareNextRender: frameOnScreen: 5953397.454905 renderPts: 6020064.126658 nextFramePts: 6006000.000000 -> diff: 14064.126658  render: true forceNext: false
2026-02-15 13:33:32.808 T:8572    debug <avtiming>: CRenderManager::PrepareNextRender: frameOnScreen: 6000359.754905 renderPts: 6067026.426658 nextFramePts: 6039366.000000 -> diff: 27660.426658  render: true forceNext: false
2026-02-15 13:33:32.854 T:8572    debug <avtiming>: CRenderManager::PrepareNextRender: frameOnScreen: 6046764.654905 renderPts: 6113431.326658 nextFramePts: 6072733.000000 -> diff: 40698.326658  render: true forceNext: false
2026-02-15 13:33:32.886 T:8572    debug <avtiming>: CRenderManager::PrepareNextRender: frameOnScreen: 6078176.454905 renderPts: 6144843.126658 nextFramePts: 6106100.000000 -> diff: 38743.126658  render: true forceNext: false
2026-02-15 13:33:32.939 T:8572    debug <avtiming>: CRenderManager::PrepareNextRender: frameOnScreen: 6131239.054905 renderPts: 6197905.726658 nextFramePts: 6139466.000000 -> diff: 58439.726658  render: true forceNext: false
2026-02-15 13:33:32.965 T:8572    debug <avtiming>: CRenderManager::PrepareNextRender: frameOnScreen: 6157552.954905 renderPts: 6224219.626658 nextFramePts: 6206200.000000 -> diff: 18019.626658  render: true forceNext: false
2026-02-15 13:33:32.996 T:8572    debug <avtiming>: CRenderManager::PrepareNextRender: frameOnScreen: 6187502.654905 renderPts: 6254169.326658 nextFramePts: 6239566.000000 -> diff: 14603.326658  render: true forceNext: false
2026-02-15 13:33:33.027 T:8572    debug <avtiming>: CRenderManager::PrepareNextRender: frameOnScreen: 6219297.254905 renderPts: 6285963.926658 nextFramePts: 6272933.000000 -> diff: 13030.926658  render: true forceNext: false
2026-02-15 13:33:33.058 T:8572    debug <avtiming>: CRenderManager::PrepareNextRender: frameOnScreen: 6250343.654905 renderPts: 6317010.326658 nextFramePts: 6306300.000000 -> diff: 10710.326658  render: true forceNext: false
2026-02-15 13:33:33.104 T:8572    debug <avtiming>: CRenderManager::PrepareNextRender: frameOnScreen: 6296299.754905 renderPts: 6362966.426658 nextFramePts: 6339666.000000 -> diff: 23300.426658  render: true forceNext: false
2026-02-15 13:33:33.150 T:8572    debug <avtiming>: CRenderManager::PrepareNextRender: frameOnScreen: 6343147.454905 renderPts: 6409814.126658 nextFramePts: 6373033.000000 -> diff: 36781.126658  render: true forceNext: false
2026-02-15 13:33:33.183 T:8572    debug <avtiming>: CRenderManager::PrepareNextRender: frameOnScreen: 6374647.354905 renderPts: 6441314.026658 nextFramePts: 6406400.000000 -> diff: 34914.026658  render: true forceNext: false
2026-02-15 13:33:33.214 T:8572    debug <avtiming>: CRenderManager::PrepareNextRender: frameOnScreen: 6406516.754905 renderPts: 6473183.426658 nextFramePts: 6439766.000000 -> diff: 33417.426658  render: true forceNext: false
2026-02-15 13:33:33.245 T:8572    debug <avtiming>: CRenderManager::PrepareNextRender: frameOnScreen: 6437867.754905 renderPts: 6504534.426658 nextFramePts: 6473133.000000 -> diff: 31401.426658  render: true forceNext: false
2026-02-15 13:33:33.291 T:8572    debug <avtiming>: CRenderManager::PrepareNextRender: frameOnScreen: 6484417.154905 renderPts: 6551083.826658 nextFramePts: 6506500.000000 -> diff: 44583.826658  render: true forceNext: false
2026-02-15 13:33:33.322 T:8572    debug <avtiming>: CRenderManager::PrepareNextRender: frameOnScreen: 6516005.254905 renderPts: 6582671.926658 nextFramePts: 6573233.000000 -> diff: 9438.926658  render: true forceNext: false
2026-02-15 13:33:33.353 T:8572    debug <avtiming>: CRenderManager::PrepareNextRender: frameOnScreen: 6547860.754905 renderPts: 6614527.426658 nextFramePts: 6606600.000000 -> diff: 7927.426658  render: true forceNext: false
2026-02-15 13:33:33.384 T:8572    debug <avtiming>: CRenderManager::PrepareNextRender: frameOnScreen: 6577543.854905 renderPts: 6644210.526658 nextFramePts: 6639966.000000 -> diff: 4244.526658  render: true forceNext: false
2026-02-15 13:33:33.431 T:8572    debug <avtiming>: CRenderManager::PrepareNextRender: frameOnScreen: 6625271.354905 renderPts: 6691938.026658 nextFramePts: 6673333.000000 -> diff: 18605.026658  render: true forceNext: false
2026-02-15 13:33:33.472 T:8572    debug <avtiming>: CRenderManager::PrepareNextRender: frameOnScreen: 6665838.254905 renderPts: 6732504.926658 nextFramePts: 6706700.000000 -> diff: 25804.926658  render: true forceNext: false
2026-02-15 13:33:33.493 T:8572    debug <avtiming>: CRenderManager::PrepareNextRender: frameOnScreen: 6687619.254905 renderPts: 6754285.926658 nextFramePts: 6740066.000000 -> diff: 14219.926658  render: true forceNext: false
2026-02-15 13:33:33.524 T:8572    debug <avtiming>: CRenderManager::PrepareNextRender: frameOnScreen: 6719055.954905 renderPts: 6785722.626658 nextFramePts: 6773433.000000 -> diff: 12289.626658  render: true forceNext: false
2026-02-15 13:33:33.555 T:8572    debug <avtiming>: CRenderManager::PrepareNextRender: frameOnScreen: 6750650.654905 renderPts: 6817317.326658 nextFramePts: 6806800.000000 -> diff: 10517.326658  render: true forceNext: false
2026-02-15 13:33:33.585 T:8572    debug <avtiming>: CRenderManager::PrepareNextRender: frameOnScreen: 6781376.154905 renderPts: 6848042.826658 nextFramePts: 6840166.000000 -> diff: 7876.826658  render: true forceNext: false
2026-02-15 13:33:33.632 T:8572    debug <avtiming>: CRenderManager::PrepareNextRender: frameOnScreen: 6828155.754905 renderPts: 6894822.426658 nextFramePts: 6873533.000000 -> diff: 21289.426658  render: true forceNext: false
2026-02-15 13:33:33.663 T:8572    debug <avtiming>: CRenderManager::PrepareNextRender: frameOnScreen: 6859499.754905 renderPts: 6926166.426658 nextFramePts: 6906900.000000 -> diff: 19266.426658  render: true forceNext: false
2026-02-15 13:33:33.694 T:8572    debug <avtiming>: CRenderManager::PrepareNextRender: frameOnScreen: 6890791.054905 renderPts: 6957457.726658 nextFramePts: 6940266.000000 -> diff: 17191.726658  render: true forceNext: false
2026-02-15 13:33:33.725 T:8572    debug <avtiming>: CRenderManager::PrepareNextRender: frameOnScreen: 6922164.554905 renderPts: 6988831.226658 nextFramePts: 6973633.000000 -> diff: 15198.226658  render: true forceNext: false
2026-02-15 13:33:33.755 T:8572    debug <avtiming>: CRenderManager::PrepareNextRender: frameOnScreen: 6953473.954905 renderPts: 7020140.626658 nextFramePts: 7007000.000000 -> diff: 13140.626658  render: true forceNext: false
2026-02-15 13:33:33.787 T:8572    debug <avtiming>: CRenderManager::PrepareNextRender: frameOnScreen: 6984941.654905 renderPts: 7051608.326658 nextFramePts: 7040366.000000 -> diff: 11242.326658  render: true forceNext: false
2026-02-15 13:33:33.833 T:8572    debug <avtiming>: CRenderManager::PrepareNextRender: frameOnScreen: 7031366.054905 renderPts: 7098032.726658 nextFramePts: 7073733.000000 -> diff: 24299.726658  render: true forceNext: false
2026-02-15 13:33:33.864 T:8572    debug <avtiming>: CRenderManager::PrepareNextRender: frameOnScreen: 7063165.754905 renderPts: 7129832.426658 nextFramePts: 7107100.000000 -> diff: 22732.426658  render: true forceNext: false
2026-02-15 13:33:33.894 T:8572    debug <avtiming>: CRenderManager::PrepareNextRender: frameOnScreen: 7093848.454905 renderPts: 7160515.126658 nextFramePts: 7140466.000000 -> diff: 20049.126658  render: true forceNext: false
2026-02-15 13:33:33.941 T:8572    debug <avtiming>: CRenderManager::PrepareNextRender: frameOnScreen: 7140792.254905 renderPts: 7207458.926658 nextFramePts: 7173833.000000 -> diff: 33625.926658  render: true forceNext: false
2026-02-15 13:33:33.978 T:8572    debug <avtiming>: CRenderManager::PrepareNextRender: frameOnScreen: 7178342.354905 renderPts: 7245009.026658 nextFramePts: 7207200.000000 -> diff: 37809.026658  render: true forceNext: false
2026-02-15 13:33:34.003 T:8572    debug <avtiming>: CRenderManager::PrepareNextRender: frameOnScreen: 7203531.754905 renderPts: 7270198.426658 nextFramePts: 7240566.000000 -> diff: 29632.426658  render: true forceNext: false
2026-02-15 13:33:34.034 T:8572    debug <avtiming>: CRenderManager::PrepareNextRender: frameOnScreen: 7234773.254905 renderPts: 7301439.926658 nextFramePts: 7273933.000000 -> diff: 27506.926658  render: true forceNext: false
2026-02-15 13:33:34.065 T:8572    debug <avtiming>: CRenderManager::PrepareNextRender: frameOnScreen: 7265933.054905 renderPts: 7332599.726658 nextFramePts: 7307300.000000 -> diff: 25299.726658  render: true forceNext: false
2026-02-15 13:33:34.073 T:8860    debug <general>: CPtsTracker: pattern lost on diff 100100.000000, number of losses 1
2026-02-15 13:33:34.095 T:8572    debug <avtiming>: CRenderManager::PrepareNextRender: frameOnScreen: 7296955.454905 renderPts: 7363622.126658 nextFramePts: 7340666.000000 -> diff: 22956.126658  render: true forceNext: false
2026-02-15 13:33:34.103 T:8860    debug <video>: CVideoPlayerVideo::CalcDropRequirement - dropped in decoder, lateframes: 1, Bufferlevel: 5, dropped: 2
2026-02-15 13:33:34.111 T:8572    debug <avtiming>: CRenderManager::PrepareNextRender: frameOnScreen: 7312849.554905 renderPts: 7379516.226658 nextFramePts: 7374033.000000 -> diff: 5483.226658  render: true forceNext: false
2026-02-15 13:33:34.142 T:8572    debug <avtiming>: CRenderManager::PrepareNextRender: frameOnScreen: 7344037.554905 renderPts: 7410704.226658 nextFramePts: 7407400.000000 -> diff: 3304.226658  render: true forceNext: false
2026-02-15 13:33:34.174 T:8572    debug <avtiming>: CRenderManager::PrepareNextRender: frameOnScreen: 7375441.954905 renderPts: 7442108.626658 nextFramePts: 7440766.000000 -> diff: 1342.626658  render: true forceNext: false
2026-02-15 13:33:34.190 T:8572    debug <avtiming>: CRenderManager::PrepareNextRender: frameOnScreen: 7390963.354905 renderPts: 7457630.026658 nextFramePts: 7474133.000000 -> diff: -16502.973342  render: false forceNext: false
2026-02-15 13:33:34.220 T:8572    debug <avtiming>: CRenderManager::PrepareNextRender: frameOnScreen: 7421975.154905 renderPts: 7488641.826658 nextFramePts: 7574233.000000 -> diff: -85591.173342  render: false forceNext: false
2026-02-15 13:33:34.236 T:8572    debug <avtiming>: CRenderManager::PrepareNextRender: frameOnScreen: 7437540.154905 renderPts: 7504206.826658 nextFramePts: 7574233.000000 -> diff: -70026.173342  render: false forceNext: false
2026-02-15 13:33:34.252 T:8572    debug <avtiming>: CRenderManager::PrepareNextRender: frameOnScreen: 7453056.454905 renderPts: 7519723.126658 nextFramePts: 7574233.000000 -> diff: -54509.873342  render: false forceNext: false
2026-02-15 13:33:34.268 T:8572    debug <avtiming>: CRenderManager::PrepareNextRender: frameOnScreen: 7468163.154905 renderPts: 7534829.826658 nextFramePts: 7574233.000000 -> diff: -39403.173342  render: false forceNext: false
2026-02-15 13:33:34.284 T:8572    debug <avtiming>: CRenderManager::PrepareNextRender: frameOnScreen: 7483935.154905 renderPts: 7550601.826658 nextFramePts: 7574233.000000 -> diff: -23631.173342  render: false forceNext: false
2026-02-15 13:33:34.316 T:8572    debug <avtiming>: CRenderManager::PrepareNextRender: frameOnScreen: 7515654.654905 renderPts: 7582321.326658 nextFramePts: 7574233.000000 -> diff: 8088.326658  render: true forceNext: false
2026-02-15 13:33:34.332 T:8572    debug <avtiming>: CRenderManager::PrepareNextRender: frameOnScreen: 7531357.054905 renderPts: 7598023.726658 nextFramePts: 7607600.000000 -> diff: -9576.273342  render: false forceNext: false
2026-02-15 13:33:34.363 T:8572    debug <avtiming>: CRenderManager::PrepareNextRender: frameOnScreen: 7563363.354905 renderPts: 7630030.026658 nextFramePts: 7640966.000000 -> diff: -10935.973342  render: false forceNext: false
2026-02-15 13:33:34.393 T:8572    debug <avtiming>: CRenderManager::PrepareNextRender: frameOnScreen: 7593959.454905 renderPts: 7660626.126658 nextFramePts: 7640966.000000 -> diff: 19660.126658  render: true forceNext: false
2026-02-15 13:33:34.423 T:8572    debug <avtiming>: CRenderManager::PrepareNextRender: frameOnScreen: 7624558.154905 renderPts: 7691224.826658 nextFramePts: 7674333.000000 -> diff: 16891.826658  render: true forceNext: false
2026-02-15 13:33:34.455 T:8572    debug <avtiming>: CRenderManager::PrepareNextRender: frameOnScreen: 7656669.554905 renderPts: 7723336.226658 nextFramePts: 7707700.000000 -> diff: 15636.226658  render: true forceNext: false
2026-02-15 13:33:34.470 T:8572    debug <avtiming>: CRenderManager::PrepareNextRender: frameOnScreen: 7672028.554905 renderPts: 7738695.226658 nextFramePts: 7741066.000000 -> diff: -2370.773342  render: false forceNext: false
2026-02-15 13:33:34.494 T:8572    debug <avtiming>: CRenderManager::PrepareNextRender: frameOnScreen: 7694923.654905 renderPts: 7761590.326658 nextFramePts: 7774433.000000 -> diff: -12842.673342  render: false forceNext: false
2026-02-15 13:33:34.502 T:8572    debug <avtiming>: CRenderManager::PrepareNextRender: frameOnScreen: 7702873.754905 renderPts: 7769540.426658 nextFramePts: 7774433.000000 -> diff: -4892.573342  render: false forceNext: false
2026-02-15 13:33:34.533 T:8572    debug <avtiming>: CRenderManager::PrepareNextRender: frameOnScreen: 7734559.354905 renderPts: 7801226.026658 nextFramePts: 7807800.000000 -> diff: -6573.973342  render: false forceNext: false
2026-02-15 13:33:34.564 T:8572    debug <avtiming>: CRenderManager::PrepareNextRender: frameOnScreen: 7765732.254905 renderPts: 7832398.926658 nextFramePts: 7807800.000000 -> diff: 24598.926658  render: true forceNext: false
2026-02-15 13:33:34.580 T:8572    debug <avtiming>: CRenderManager::PrepareNextRender: frameOnScreen: 7781301.054905 renderPts: 7847967.726658 nextFramePts: 7841166.000000 -> diff: 6801.726658  render: true forceNext: false
2026-02-15 13:33:34.611 T:8572    debug <avtiming>: CRenderManager::PrepareNextRender: frameOnScreen: 7812661.254905 renderPts: 7879327.926658 nextFramePts: 7874533.000000 -> diff: 4794.926658  render: true forceNext: false
2026-02-15 13:33:34.642 T:8572    debug <avtiming>: CRenderManager::PrepareNextRender: frameOnScreen: 7844691.854905 renderPts: 7911358.526658 nextFramePts: 7907900.000000 -> diff: 3458.526658  render: true forceNext: false
2026-02-15 13:33:34.673 T:8572    debug <avtiming>: CRenderManager::PrepareNextRender: frameOnScreen: 7875058.254905 renderPts: 7941724.926658 nextFramePts: 7941266.000000 -> diff: 458.926658  render: true forceNext: false
2026-02-15 13:33:34.704 T:8572    debug <avtiming>: CRenderManager::PrepareNextRender: frameOnScreen: 7906502.354905 renderPts: 7973169.026658 nextFramePts: 7974633.000000 -> diff: -1463.973342  render: false forceNext: false
2026-02-15 13:33:34.720 T:8572    debug <avtiming>: CRenderManager::PrepareNextRender: frameOnScreen: 7921924.054905 renderPts: 7988590.726658 nextFramePts: 8007999.000000 -> diff: -19408.273342  render: false forceNext: false
2026-02-15 13:33:34.751 T:8572    debug <avtiming>: CRenderManager::PrepareNextRender: frameOnScreen: 7953021.954905 renderPts: 8019688.626658 nextFramePts: 8007999.000000 -> diff: 11689.626658  render: true forceNext: false
2026-02-15 13:33:34.766 T:8572    debug <avtiming>: CRenderManager::PrepareNextRender: frameOnScreen: 7968590.654905 renderPts: 8035257.326658 nextFramePts: 8041366.000000 -> diff: -6108.673342  render: false forceNext: false
2026-02-15 13:33:34.783 T:8572    debug <avtiming>: CRenderManager::PrepareNextRender: frameOnScreen: 7984368.654905 renderPts: 8051035.326658 nextFramePts: 8074733.000000 -> diff: -23697.673342  render: false forceNext: false
2026-02-15 13:33:34.813 T:8572    debug <avtiming>: CRenderManager::PrepareNextRender: frameOnScreen: 8015821.454905 renderPts: 8082488.126658 nextFramePts: 8074733.000000 -> diff: 7755.126658  render: true forceNext: false
2026-02-15 13:33:34.860 T:8572    debug <avtiming>: CRenderManager::PrepareNextRender: frameOnScreen: 8062633.054905 renderPts: 8129299.726658 nextFramePts: 8108099.000000 -> diff: 21200.726658  render: true forceNext: false
2026-02-15 13:33:34.892 T:8572    debug <avtiming>: CRenderManager::PrepareNextRender: frameOnScreen: 8094692.254905 renderPts: 8161358.926658 nextFramePts: 8141466.000000 -> diff: 19892.926658  render: true forceNext: false
2026-02-15 13:33:34.907 T:8572    debug <avtiming>: CRenderManager::PrepareNextRender: frameOnScreen: 8109624.454905 renderPts: 8176291.126658 nextFramePts: 8174833.000000 -> diff: 1458.126658  render: true forceNext: false
2026-02-15 13:33:34.938 T:8572    debug <avtiming>: CRenderManager::PrepareNextRender: frameOnScreen: 8140679.754905 renderPts: 8207346.426658 nextFramePts: 8208200.000000 -> diff: -853.573342  render: false forceNext: false
2026-02-15 13:33:34.954 T:8572    debug <avtiming>: CRenderManager::PrepareNextRender: frameOnScreen: 8156679.454905 renderPts: 8223346.126658 nextFramePts: 8241566.000000 -> diff: -18219.873342  render: false forceNext: false
2026-02-15 13:33:34.970 T:8572    debug <avtiming>: CRenderManager::PrepareNextRender: frameOnScreen: 8171777.654905 renderPts: 8238444.326658 nextFramePts: 8241566.000000 -> diff: -3121.673342  render: false forceNext: false
2026-02-15 13:33:35.010 T:8572    debug <avtiming>: CRenderManager::PrepareNextRender: frameOnScreen: 8211975.354905 renderPts: 8278642.026658 nextFramePts: 8274933.000000 -> diff: 3709.026658  render: true forceNext: false
2026-02-15 13:33:35.032 T:8572    debug <avtiming>: CRenderManager::PrepareNextRender: frameOnScreen: 8234772.154905 renderPts: 8301438.826658 nextFramePts: 8308300.000000 -> diff: -6861.173342  render: false forceNext: false
2026-02-15 13:33:35.062 T:8572    debug <avtiming>: CRenderManager::PrepareNextRender: frameOnScreen: 8265858.854905 renderPts: 8332525.526658 nextFramePts: 8341666.000000 -> diff: -9140.473342  render: false forceNext: false
2026-02-15 13:33:35.093 T:8572    debug <avtiming>: CRenderManager::PrepareNextRender: frameOnScreen: 8297566.354905 renderPts: 8364233.026658 nextFramePts: 8341666.000000 -> diff: 22567.026658  render: true forceNext: false
2026-02-15 13:33:35.124 T:8572    debug <avtiming>: CRenderManager::PrepareNextRender: frameOnScreen: 8329097.254905 renderPts: 8395763.926658 nextFramePts: 8375033.000000 -> diff: 20730.926658  render: true forceNext: false
2026-02-15 13:33:35.154 T:8572    debug <avtiming>: CRenderManager::PrepareNextRender: frameOnScreen: 8359522.754905 renderPts: 8426189.426658 nextFramePts: 8408399.000000 -> diff: 17790.426658  render: true forceNext: false
2026-02-15 13:33:35.185 T:8572    debug <avtiming>: CRenderManager::PrepareNextRender: frameOnScreen: 8390282.454905 renderPts: 8456949.126658 nextFramePts: 8441766.000000 -> diff: 15183.126658  render: true forceNext: false
2026-02-15 13:33:35.232 T:8572    debug <avtiming>: CRenderManager::PrepareNextRender: frameOnScreen: 8437144.054905 renderPts: 8503810.726658 nextFramePts: 8475133.000000 -> diff: 28677.726658  render: true forceNext: false
2026-02-15 13:33:35.263 T:8572    debug <avtiming>: CRenderManager::PrepareNextRender: frameOnScreen: 8468808.054905 renderPts: 8535474.726658 nextFramePts: 8508500.000000 -> diff: 26974.726658  render: true forceNext: false
2026-02-15 13:33:35.310 T:8572    debug <avtiming>: CRenderManager::PrepareNextRender: frameOnScreen: 8515390.454905 renderPts: 8582057.126658 nextFramePts: 8541866.000000 -> diff: 40191.126658  render: true forceNext: false
2026-02-15 13:33:35.341 T:8572    debug <avtiming>: CRenderManager::PrepareNextRender: frameOnScreen: 8547043.054905 renderPts: 8613709.726658 nextFramePts: 8575233.000000 -> diff: 38476.726658  render: true forceNext: false
2026-02-15 13:33:35.372 T:8572    debug <avtiming>: CRenderManager::PrepareNextRender: frameOnScreen: 8578684.354905 renderPts: 8645351.026658 nextFramePts: 8608600.000000 -> diff: 36751.026658  render: true forceNext: false
2026-02-15 13:33:35.403 T:8572    debug <avtiming>: CRenderManager::PrepareNextRender: frameOnScreen: 8610104.654905 renderPts: 8676771.326658 nextFramePts: 8641966.000000 -> diff: 34805.326658  render: true forceNext: false
2026-02-15 13:33:35.432 T:8572    debug <avtiming>: CRenderManager::PrepareNextRender: frameOnScreen: 8640246.554905 renderPts: 8706913.226658 nextFramePts: 8708699.000000 -> diff: -1785.773342  render: false forceNext: false
2026-02-15 13:33:35.464 T:8572    debug <avtiming>: CRenderManager::PrepareNextRender: frameOnScreen: 8672425.554905 renderPts: 8739092.226658 nextFramePts: 8708699.000000 -> diff: 30393.226658  render: true forceNext: false
2026-02-15 13:33:35.509 T:8572    debug <avtiming>: CRenderManager::PrepareNextRender: frameOnScreen: 8718187.054905 renderPts: 8784853.726658 nextFramePts: 8742066.000000 -> diff: 42787.726658  render: true forceNext: false
2026-02-15 13:33:35.549 T:8572    debug <avtiming>: CRenderManager::PrepareNextRender: frameOnScreen: 8757342.454905 renderPts: 8824009.126658 nextFramePts: 8775433.000000 -> diff: 48576.126658  render: true forceNext: false
2026-02-15 13:33:35.572 T:8572    debug <avtiming>: CRenderManager::PrepareNextRender: frameOnScreen: 8781222.554905 renderPts: 8847889.226658 nextFramePts: 8808800.000000 -> diff: 39089.226658  render: true forceNext: false
2026-02-15 13:33:35.603 T:8572    debug <avtiming>: CRenderManager::PrepareNextRender: frameOnScreen: 8812723.954905 renderPts: 8879390.626658 nextFramePts: 8842166.000000 -> diff: 37224.626658  render: true forceNext: false
2026-02-15 13:33:35.633 T:8572    debug <avtiming>: CRenderManager::PrepareNextRender: frameOnScreen: 8843758.654905 renderPts: 8910425.326658 nextFramePts: 8908900.000000 -> diff: 1525.326658  render: true forceNext: false
2026-02-15 13:33:35.664 T:8572    debug <avtiming>: CRenderManager::PrepareNextRender: frameOnScreen: 8875526.754905 renderPts: 8942193.426658 nextFramePts: 8942266.000000 -> diff: -72.573342  render: false forceNext: false
2026-02-15 13:33:35.695 T:8572    debug <avtiming>: CRenderManager::PrepareNextRender: frameOnScreen: 8905672.454905 renderPts: 8972339.126658 nextFramePts: 8975633.000000 -> diff: -3293.873342  render: false forceNext: false
2026-02-15 13:33:35.743 T:8572    debug <avtiming>: CRenderManager::PrepareNextRender: frameOnScreen: 8953079.654905 renderPts: 9019746.326658 nextFramePts: 8975633.000000 -> diff: 44113.326658  render: true forceNext: false
2026-02-15 13:33:35.774 T:8572    debug <avtiming>: CRenderManager::PrepareNextRender: frameOnScreen: 8984687.554905 renderPts: 9051354.226658 nextFramePts: 9008999.000000 -> diff: 42355.226658  render: true forceNext: false
2026-02-15 13:33:35.805 T:8572    debug <avtiming>: CRenderManager::PrepareNextRender: frameOnScreen: 9016563.054905 renderPts: 9083229.726658 nextFramePts: 9042366.000000 -> diff: 40863.726658  render: true forceNext: false
2026-02-15 13:33:35.835 T:8572    debug <avtiming>: CRenderManager::PrepareNextRender: frameOnScreen: 9046147.054905 renderPts: 9112813.726658 nextFramePts: 9075733.000000 -> diff: 37080.726658  render: true forceNext: false
2026-02-15 13:33:35.889 T:8572    debug <avtiming>: CRenderManager::PrepareNextRender: frameOnScreen: 9100282.154905 renderPts: 9166948.826658 nextFramePts: 9109100.000000 -> diff: 57848.826658  render: true forceNext: false
2026-02-15 13:33:35.914 T:8572    debug <avtiming>: CRenderManager::PrepareNextRender: frameOnScreen: 9125330.154905 renderPts: 9191996.826658 nextFramePts: 9175833.000000 -> diff: 16163.826658  render: true forceNext: false
2026-02-15 13:33:35.944 T:8572    debug <avtiming>: CRenderManager::PrepareNextRender: frameOnScreen: 9156582.954905 renderPts: 9223249.626658 nextFramePts: 9209200.000000 -> diff: 14049.626658  render: true forceNext: false
2026-02-15 13:33:35.990 T:8572    debug <avtiming>: CRenderManager::PrepareNextRender: frameOnScreen: 9202881.454905 renderPts: 9269548.126658 nextFramePts: 9242566.000000 -> diff: 26982.126658  render: true forceNext: false
2026-02-15 13:33:36.022 T:8572    debug <avtiming>: CRenderManager::PrepareNextRender: frameOnScreen: 9234790.354905 renderPts: 9301457.026658 nextFramePts: 9275933.000000 -> diff: 25524.026658  render: true forceNext: false
2026-02-15 13:33:36.060 T:8572    debug <avtiming>: CRenderManager::PrepareNextRender: frameOnScreen: 9274169.854905 renderPts: 9340836.526658 nextFramePts: 9309299.000000 -> diff: 31537.526658  render: true forceNext: false
2026-02-15 13:33:36.083 T:8572    debug <avtiming>: CRenderManager::PrepareNextRender: frameOnScreen: 9297174.754905 renderPts: 9363841.426658 nextFramePts: 9342666.000000 -> diff: 21175.426658  render: true forceNext: false
2026-02-15 13:33:36.113 T:8572    debug <avtiming>: CRenderManager::PrepareNextRender: frameOnScreen: 9328292.054905 renderPts: 9394958.726658 nextFramePts: 9376033.000000 -> diff: 18925.726658  render: true forceNext: false
2026-02-15 13:33:36.145 T:8572    debug <avtiming>: CRenderManager::PrepareNextRender: frameOnScreen: 9360096.154905 renderPts: 9426762.826658 nextFramePts: 9409400.000000 -> diff: 17362.826658  render: true forceNext: false
2026-02-15 13:33:36.175 T:8572    debug <avtiming>: CRenderManager::PrepareNextRender: frameOnScreen: 9389987.054905 renderPts: 9456653.726658 nextFramePts: 9442766.000000 -> diff: 13887.726658  render: true forceNext: false
2026-02-15 13:33:36.192 T:8572    debug <avtiming>: CRenderManager::PrepareNextRender: frameOnScreen: 9406074.654905 renderPts: 9472741.326658 nextFramePts: 9476133.000000 -> diff: -3391.673342  render: false forceNext: false
2026-02-15 13:33:36.223 T:8572    debug <avtiming>: CRenderManager::PrepareNextRender: frameOnScreen: 9437896.354905 renderPts: 9504563.026658 nextFramePts: 9509500.000000 -> diff: -4936.973342  render: false forceNext: false
2026-02-15 13:33:36.253 T:8572    debug <avtiming>: CRenderManager::PrepareNextRender: frameOnScreen: 9468909.554905 renderPts: 9535576.226658 nextFramePts: 9509500.000000 -> diff: 26076.226658  render: true forceNext: false
2026-02-15 13:33:36.284 T:8572    debug <avtiming>: CRenderManager::PrepareNextRender: frameOnScreen: 9500073.254905 renderPts: 9566739.926658 nextFramePts: 9542866.000000 -> diff: 23873.926658  render: true forceNext: false
2026-02-15 13:33:36.330 T:8572    debug <avtiming>: CRenderManager::PrepareNextRender: frameOnScreen: 9546414.554905 renderPts: 9613081.226658 nextFramePts: 9576233.000000 -> diff: 36848.226658  render: true forceNext: false
2026-02-15 13:33:36.361 T:8572    debug <avtiming>: CRenderManager::PrepareNextRender: frameOnScreen: 9578146.754905 renderPts: 9644813.426658 nextFramePts: 9609599.000000 -> diff: 35214.426658  render: true forceNext: false
2026-02-15 13:33:36.377 T:8572    debug <avtiming>: CRenderManager::PrepareNextRender: frameOnScreen: 9593759.254905 renderPts: 9660425.926658 nextFramePts: 9642966.000000 -> diff: 17459.926658  render: true forceNext: false
2026-02-15 13:33:36.393 T:8572    debug <avtiming>: CRenderManager::PrepareNextRender: frameOnScreen: 9608835.454905 renderPts: 9675502.126658 nextFramePts: 9676333.000000 -> diff: -830.873342  render: false forceNext: false
2026-02-15 13:33:36.425 T:8572    debug <avtiming>: CRenderManager::PrepareNextRender: frameOnScreen: 9641232.954905 renderPts: 9707899.626658 nextFramePts: 9709700.000000 -> diff: -1800.373342  render: false forceNext: false
2026-02-15 13:33:36.441 T:8572    debug <avtiming>: CRenderManager::PrepareNextRender: frameOnScreen: 9656639.554905 renderPts: 9723306.226658 nextFramePts: 9709700.000000 -> diff: 13606.226658  render: true forceNext: false
2026-02-15 13:33:36.472 T:8572    debug <avtiming>: CRenderManager::PrepareNextRender: frameOnScreen: 9688440.054905 renderPts: 9755106.726658 nextFramePts: 9743066.000000 -> diff: 12040.726658  render: true forceNext: false
2026-02-15 13:33:36.502 T:8572    debug <avtiming>: CRenderManager::PrepareNextRender: frameOnScreen: 9719683.454905 renderPts: 9786350.126658 nextFramePts: 9776433.000000 -> diff: 9917.126658  render: true forceNext: false
2026-02-15 13:33:36.533 T:8572    debug <avtiming>: CRenderManager::PrepareNextRender: frameOnScreen: 9751212.754905 renderPts: 9817879.426658 nextFramePts: 9809800.000000 -> diff: 8079.426658  render: true forceNext: false
2026-02-15 13:33:36.571 T:8572    debug <avtiming>: CRenderManager::PrepareNextRender: frameOnScreen: 9790016.754905 renderPts: 9856683.426658 nextFramePts: 9843166.000000 -> diff: 13517.426658  render: true forceNext: false
2026-02-15 13:33:36.609 T:8572    debug <avtiming>: CRenderManager::PrepareNextRender: frameOnScreen: 9827548.054905 renderPts: 9894214.726658 nextFramePts: 9876533.000000 -> diff: 17681.726658  render: true forceNext: false
2026-02-15 13:33:36.641 T:8572    debug <avtiming>: CRenderManager::PrepareNextRender: frameOnScreen: 9858713.354905 renderPts: 9925380.026658 nextFramePts: 9909899.000000 -> diff: 15481.026658  render: true forceNext: false
2026-02-15 13:33:36.658 T:8572    debug <avtiming>: CRenderManager::PrepareNextRender: frameOnScreen: 9875118.754905 renderPts: 9941785.426658 nextFramePts: 9943266.000000 -> diff: -1480.573342  render: false forceNext: false
2026-02-15 13:33:36.689 T:8572    debug <avtiming>: CRenderManager::PrepareNextRender: frameOnScreen: 9906719.954905 renderPts: 9973386.626658 nextFramePts: 9976633.000000 -> diff: -3246.373342  render: false forceNext: false
2026-02-15 13:33:36.705 T:8572    debug <avtiming>: CRenderManager::PrepareNextRender: frameOnScreen: 9922298.854905 renderPts: 9988965.526658 nextFramePts: 9976633.000000 -> diff: 12332.526658  render: true forceNext: false
2026-02-15 13:33:36.736 T:8572    debug <avtiming>: CRenderManager::PrepareNextRender: frameOnScreen: 9953462.054905 renderPts: 10020128.726658 nextFramePts: 10010000.000000 -> diff: 10128.726658  render: true forceNext: false
2026-02-15 13:33:36.751 T:8572    debug <avtiming>: CRenderManager::PrepareNextRender: frameOnScreen: 9968990.654905 renderPts: 10035657.326658 nextFramePts: 10043366.000000 -> diff: -7708.673342  render: false forceNext: false
2026-02-15 13:33:36.782 T:8572    debug <avtiming>: CRenderManager::PrepareNextRender: frameOnScreen: 10000288.254905 renderPts: 10066954.926658 nextFramePts: 10076733.000000 -> diff: -9778.073342  render: false forceNext: false
2026-02-15 13:33:36.813 T:8572    debug <avtiming>: CRenderManager::PrepareNextRender: frameOnScreen: 10031740.754905 renderPts: 10098407.426658 nextFramePts: 10076733.000000 -> diff: 21674.426658  render: true forceNext: false
2026-02-15 13:33:36.843 T:8572    debug <avtiming>: CRenderManager::PrepareNextRender: frameOnScreen: 10062694.054905 renderPts: 10129360.726658 nextFramePts: 10110100.000000 -> diff: 19260.726658  render: true forceNext: false
2026-02-15 13:33:36.874 T:8572    debug <avtiming>: CRenderManager::PrepareNextRender: frameOnScreen: 10094232.954905 renderPts: 10160899.626658 nextFramePts: 10143466.000000 -> diff: 17433.626658  render: true forceNext: false
2026-02-15 13:33:36.919 T:8572    debug <avtiming>: CRenderManager::PrepareNextRender: frameOnScreen: 10140322.654905 renderPts: 10206989.326658 nextFramePts: 10176833.000000 -> diff: 30156.326658  render: true forceNext: false
2026-02-15 13:33:36.952 T:8572    debug <avtiming>: CRenderManager::PrepareNextRender: frameOnScreen: 10171481.754905 renderPts: 10238148.426658 nextFramePts: 10210199.000000 -> diff: 27949.426658  render: true forceNext: false
2026-02-15 13:33:36.984 T:8572    debug <avtiming>: CRenderManager::PrepareNextRender: frameOnScreen: 10204681.754905 renderPts: 10271348.426658 nextFramePts: 10243566.000000 -> diff: 27782.426658  render: true forceNext: false
2026-02-15 13:33:37.015 T:8572    debug <avtiming>: CRenderManager::PrepareNextRender: frameOnScreen: 10236553.254905 renderPts: 10303219.926658 nextFramePts: 10276933.000000 -> diff: 26286.926658  render: true forceNext: false
2026-02-15 13:33:37.045 T:8572    debug <avtiming>: CRenderManager::PrepareNextRender: frameOnScreen: 10265275.454905 renderPts: 10331942.126658 nextFramePts: 10310300.000000 -> diff: 21642.126658  render: true forceNext: false
2026-02-15 13:33:37.100 T:8572    debug <avtiming>: CRenderManager::PrepareNextRender: frameOnScreen: 10320388.254905 renderPts: 10387054.926658 nextFramePts: 10343666.000000 -> diff: 43388.926658  render: true forceNext: false
2026-02-15 13:33:37.123 T:8572    debug <avtiming>: CRenderManager::PrepareNextRender: frameOnScreen: 10344259.554905 renderPts: 10410926.226658 nextFramePts: 10410400.000000 -> diff: 526.226658  render: true forceNext: false
2026-02-15 13:33:37.154 T:8572    debug <avtiming>: CRenderManager::PrepareNextRender: frameOnScreen: 10375596.154905 renderPts: 10442262.826658 nextFramePts: 10443766.000000 -> diff: -1503.173342  render: false forceNext: false
2026-02-15 13:33:37.184 T:8572    debug <avtiming>: CRenderManager::PrepareNextRender: frameOnScreen: 10406353.854905 renderPts: 10473020.526658 nextFramePts: 10477133.000000 -> diff: -4112.473342  render: false forceNext: false
2026-02-15 13:33:37.216 T:8572    debug <avtiming>: CRenderManager::PrepareNextRender: frameOnScreen: 10438348.254905 renderPts: 10505014.926658 nextFramePts: 10477133.000000 -> diff: 27881.926658  render: true forceNext: false
2026-02-15 13:33:37.261 T:8572    debug <avtiming>: CRenderManager::PrepareNextRender: frameOnScreen: 10484118.554905 renderPts: 10550785.226658 nextFramePts: 10510499.000000 -> diff: 40286.226658  render: true forceNext: false
2026-02-15 13:33:37.294 T:8572    debug <avtiming>: CRenderManager::PrepareNextRender: frameOnScreen: 10515824.154905 renderPts: 10582490.826658 nextFramePts: 10543866.000000 -> diff: 38624.826658  render: true forceNext: false
2026-02-15 13:33:37.325 T:8572    debug <avtiming>: CRenderManager::PrepareNextRender: frameOnScreen: 10547267.554905 renderPts: 10613934.226658 nextFramePts: 10577233.000000 -> diff: 36701.226658  render: true forceNext: false
2026-02-15 13:33:37.356 T:8572    debug <avtiming>: CRenderManager::PrepareNextRender: frameOnScreen: 10579187.854905 renderPts: 10645854.526658 nextFramePts: 10610600.000000 -> diff: 35254.526658  render: true forceNext: false
2026-02-15 13:33:37.401 T:8572    debug <avtiming>: CRenderManager::PrepareNextRender: frameOnScreen: 10624761.954905 renderPts: 10691428.626658 nextFramePts: 10677333.000000 -> diff: 14095.626658  render: true forceNext: false
2026-02-15 13:33:37.434 T:8572    debug <avtiming>: CRenderManager::PrepareNextRender: frameOnScreen: 10656446.654905 renderPts: 10723113.326658 nextFramePts: 10710700.000000 -> diff: 12413.326658  render: true forceNext: false
2026-02-15 13:33:37.463 T:8572    debug <avtiming>: CRenderManager::PrepareNextRender: frameOnScreen: 10686930.654905 renderPts: 10753597.326658 nextFramePts: 10744066.000000 -> diff: 9531.326658  render: true forceNext: false
2026-02-15 13:33:37.496 T:8572    debug <avtiming>: CRenderManager::PrepareNextRender: frameOnScreen: 10718172.954905 renderPts: 10784839.626658 nextFramePts: 10777433.000000 -> diff: 7406.626658  render: true forceNext: false
2026-02-15 13:33:37.528 T:8572    debug <avtiming>: CRenderManager::PrepareNextRender: frameOnScreen: 10749543.254905 renderPts: 10816209.926658 nextFramePts: 10810799.000000 -> diff: 5410.926658  render: true forceNext: false
2026-02-15 13:33:37.561 T:8572    debug <avtiming>: CRenderManager::PrepareNextRender: frameOnScreen: 10782430.154905 renderPts: 10849096.826658 nextFramePts: 10844166.000000 -> diff: 4930.826658  render: true forceNext: false
2026-02-15 13:33:37.591 T:8572    debug <avtiming>: CRenderManager::PrepareNextRender: frameOnScreen: 10812608.354905 renderPts: 10879275.026658 nextFramePts: 10877533.000000 -> diff: 1742.026658  render: true forceNext: false
2026-02-15 13:33:37.630 T:8572    debug <avtiming>: CRenderManager::PrepareNextRender: frameOnScreen: 10852592.354905 renderPts: 10919259.026658 nextFramePts: 10910900.000000 -> diff: 8359.026658  render: true forceNext: false
2026-02-15 13:33:37.668 T:8572    debug <avtiming>: CRenderManager::PrepareNextRender: frameOnScreen: 10890293.254905 renderPts: 10956959.926658 nextFramePts: 10944266.000000 -> diff: 12693.926658  render: true forceNext: false
2026-02-15 13:33:37.715 T:8572    debug <avtiming>: CRenderManager::PrepareNextRender: frameOnScreen: 10937794.654905 renderPts: 11004461.326658 nextFramePts: 10977633.000000 -> diff: 26828.326658  render: true forceNext: false
2026-02-15 13:33:37.762 T:8572    debug <avtiming>: CRenderManager::PrepareNextRender: frameOnScreen: 10984375.254905 renderPts: 11051041.926658 nextFramePts: 11011000.000000 -> diff: 40041.926658  render: true forceNext: false
2026-02-15 13:33:37.793 T:8572    debug <avtiming>: CRenderManager::PrepareNextRender: frameOnScreen: 11016489.554905 renderPts: 11083156.226658 nextFramePts: 11044366.000000 -> diff: 38790.226658  render: true forceNext: false
2026-02-15 13:33:37.823 T:8572    debug <avtiming>: CRenderManager::PrepareNextRender: frameOnScreen: 11047034.454905 renderPts: 11113701.126658 nextFramePts: 11077733.000000 -> diff: 35968.126658  render: true forceNext: false
2026-02-15 13:33:37.870 T:8572    debug <avtiming>: CRenderManager::PrepareNextRender: frameOnScreen: 11093858.054905 renderPts: 11160524.726658 nextFramePts: 11111099.000000 -> diff: 49425.726658  render: true forceNext: false
2026-02-15 13:33:37.901 T:8572    debug <avtiming>: CRenderManager::PrepareNextRender: frameOnScreen: 11125042.754905 renderPts: 11191709.426658 nextFramePts: 11177833.000000 -> diff: 13876.426658  render: true forceNext: false
2026-02-15 13:33:37.932 T:8572    debug <avtiming>: CRenderManager::PrepareNextRender: frameOnScreen: 11156824.654905 renderPts: 11223491.326658 nextFramePts: 11211200.000000 -> diff: 12291.326658  render: true forceNext: false
2026-02-15 13:33:37.962 T:8572    debug <avtiming>: CRenderManager::PrepareNextRender: frameOnScreen: 11187495.254905 renderPts: 11254161.926658 nextFramePts: 11244566.000000 -> diff: 9595.926658  render: true forceNext: false
2026-02-15 13:33:38.009 T:8572    debug <avtiming>: CRenderManager::PrepareNextRender: frameOnScreen: 11234266.854905 renderPts: 11300933.526658 nextFramePts: 11277933.000000 -> diff: 23000.526658  render: true forceNext: false
2026-02-15 13:33:38.056 T:8572    debug <avtiming>: CRenderManager::PrepareNextRender: frameOnScreen: 11281348.254905 renderPts: 11348014.926658 nextFramePts: 11311300.000000 -> diff: 36714.926658  render: true forceNext: false
2026-02-15 13:33:38.103 T:8572    debug <avtiming>: CRenderManager::PrepareNextRender: frameOnScreen: 11328164.654905 renderPts: 11394831.326658 nextFramePts: 11344666.000000 -> diff: 50165.326658  render: true forceNext: false
2026-02-15 13:33:38.143 T:8572    debug <avtiming>: CRenderManager::PrepareNextRender: frameOnScreen: 11369474.854905 renderPts: 11436141.526658 nextFramePts: 11411399.000000 -> diff: 24742.526658  render: true forceNext: false
2026-02-15 13:33:38.181 T:8572    debug <avtiming>: CRenderManager::PrepareNextRender: frameOnScreen: 11405945.454905 renderPts: 11472612.126658 nextFramePts: 11444766.000000 -> diff: 27846.126658  render: true forceNext: false
2026-02-15 13:33:38.190 T:8860    debug <general>: CPtsTracker: detected pattern of length 1: 33366.67, frameduration: 33366.666667
2026-02-15 13:33:38.212 T:8572    debug <avtiming>: CRenderManager::PrepareNextRender: frameOnScreen: 11437820.754905 renderPts: 11504487.426658 nextFramePts: 11478133.000000 -> diff: 26354.426658  render: true forceNext: false
2026-02-15 13:33:38.243 T:8572    debug <avtiming>: CRenderManager::PrepareNextRender: frameOnScreen: 11469305.354905 renderPts: 11535972.026658 nextFramePts: 11511500.000000 -> diff: 24472.026658  render: true forceNext: false
2026-02-15 13:33:38.273 T:8572    debug <avtiming>: CRenderManager::PrepareNextRender: frameOnScreen: 11500464.954905 renderPts: 11567131.626658 nextFramePts: 11544866.000000 -> diff: 22265.626658  render: true forceNext: false
2026-02-15 13:33:38.304 T:8572    debug <avtiming>: CRenderManager::PrepareNextRender: frameOnScreen: 11532063.054905 renderPts: 11598729.726658 nextFramePts: 11578233.000000 -> diff: 20496.726658  render: true forceNext: false
2026-02-15 13:33:38.350 T:8572    debug <avtiming>: CRenderManager::PrepareNextRender: frameOnScreen: 11577565.154905 renderPts: 11644231.826658 nextFramePts: 11611600.000000 -> diff: 32631.826658  render: true forceNext: false
2026-02-15 13:33:38.358 T:8860    debug <general>: CPtsTracker: pattern lost on diff 100100.000000, number of losses 2
2026-02-15 13:33:38.382 T:8572    debug <avtiming>: CRenderManager::PrepareNextRender: frameOnScreen: 11609905.154905 renderPts: 11676571.826658 nextFramePts: 11644966.000000 -> diff: 31605.826658  render: true forceNext: false
2026-02-15 13:33:38.391 T:8860    debug <video>: CVideoPlayerVideo::CalcDropRequirement - dropped in decoder, lateframes: 1, Bufferlevel: 5, dropped: 2
2026-02-15 13:33:38.413 T:8572    debug <avtiming>: CRenderManager::PrepareNextRender: frameOnScreen: 11640595.454905 renderPts: 11707262.126658 nextFramePts: 11678333.000000 -> diff: 28929.126658  render: true forceNext: false
2026-02-15 13:33:38.444 T:8572    debug <avtiming>: CRenderManager::PrepareNextRender: frameOnScreen: 11671863.854905 renderPts: 11738530.526658 nextFramePts: 11711699.000000 -> diff: 26831.526658  render: true forceNext: false
2026-02-15 13:33:38.490 T:8572    debug <avtiming>: CRenderManager::PrepareNextRender: frameOnScreen: 11718428.454905 renderPts: 11785095.126658 nextFramePts: 11745066.000000 -> diff: 40029.126658  render: true forceNext: false
2026-02-15 13:33:38.523 T:8572    debug <avtiming>: CRenderManager::PrepareNextRender: frameOnScreen: 11751349.654905 renderPts: 11818016.326658 nextFramePts: 11878533.000000 -> diff: -60516.673342  render: false forceNext: false
2026-02-15 13:33:38.554 T:8572    debug <avtiming>: CRenderManager::PrepareNextRender: frameOnScreen: 11783004.754905 renderPts: 11849671.426658 nextFramePts: 11878533.000000 -> diff: -28861.573342  render: false forceNext: false
2026-02-15 13:33:38.583 T:8572    debug <avtiming>: CRenderManager::PrepareNextRender: frameOnScreen: 11812796.954905 renderPts: 11879463.626658 nextFramePts: 11878533.000000 -> diff: 930.626658  render: true forceNext: false
2026-02-15 13:33:38.613 T:8572    debug <avtiming>: CRenderManager::PrepareNextRender: frameOnScreen: 11844074.154905 renderPts: 11910740.826658 nextFramePts: 11911900.000000 -> diff: -1159.173342  render: false forceNext: false
2026-02-15 13:33:38.653 T:8572    debug <avtiming>: CRenderManager::PrepareNextRender: frameOnScreen: 11884285.554905 renderPts: 11950952.226658 nextFramePts: 11945266.000000 -> diff: 5686.226658  render: true forceNext: false
2026-02-15 13:33:38.690 T:8572    debug <avtiming>: CRenderManager::PrepareNextRender: frameOnScreen: 11921584.054905 renderPts: 11988250.726658 nextFramePts: 11978633.000000 -> diff: 9617.726658  render: true forceNext: false
2026-02-15 13:33:38.723 T:8572    debug <avtiming>: CRenderManager::PrepareNextRender: frameOnScreen: 11955049.454905 renderPts: 12021716.126658 nextFramePts: 12011999.000000 -> diff: 9717.126658  render: true forceNext: false
2026-02-15 13:33:38.753 T:8572    debug <avtiming>: CRenderManager::PrepareNextRender: frameOnScreen: 11985288.454905 renderPts: 12051955.126658 nextFramePts: 12045366.000000 -> diff: 6589.126658  render: true forceNext: false
2026-02-15 13:33:38.783 T:8572    debug <avtiming>: CRenderManager::PrepareNextRender: frameOnScreen: 12015752.854905 renderPts: 12082419.526658 nextFramePts: 12078733.000000 -> diff: 3686.526658  render: true forceNext: false
2026-02-15 13:33:38.814 T:8572    debug <avtiming>: CRenderManager::PrepareNextRender: frameOnScreen: 12047739.954905 renderPts: 12114406.626658 nextFramePts: 12112100.000000 -> diff: 2306.626658  render: true forceNext: false
2026-02-15 13:33:38.844 T:8572    debug <avtiming>: CRenderManager::PrepareNextRender: frameOnScreen: 12078277.654905 renderPts: 12144944.326658 nextFramePts: 12145466.000000 -> diff: -521.673342  render: false forceNext: false
2026-02-15 13:33:38.876 T:8572    debug <avtiming>: CRenderManager::PrepareNextRender: frameOnScreen: 12110194.454905 renderPts: 12176861.126658 nextFramePts: 12178833.000000 -> diff: -1971.873342  render: false forceNext: false
2026-02-15 13:33:38.921 T:8572    debug <avtiming>: CRenderManager::PrepareNextRender: frameOnScreen: 12155870.654905 renderPts: 12222537.326658 nextFramePts: 12178833.000000 -> diff: 43704.326658  render: true forceNext: false
2026-02-15 13:33:38.953 T:8572    debug <avtiming>: CRenderManager::PrepareNextRender: frameOnScreen: 12187945.854905 renderPts: 12254612.526658 nextFramePts: 12212200.000000 -> diff: 42412.526658  render: true forceNext: false
2026-02-15 13:33:38.983 T:8572    debug <avtiming>: CRenderManager::PrepareNextRender: frameOnScreen: 12219192.054905 renderPts: 12285858.726658 nextFramePts: 12245566.000000 -> diff: 40292.726658  render: true forceNext: false
2026-02-15 13:33:39.014 T:8572    debug <avtiming>: CRenderManager::PrepareNextRender: frameOnScreen: 12250279.654905 renderPts: 12316946.326658 nextFramePts: 12278933.000000 -> diff: 38013.326658  render: true forceNext: false
2026-02-15 13:33:39.045 T:8572    debug <avtiming>: CRenderManager::PrepareNextRender: frameOnScreen: 12282126.154905 renderPts: 12348792.826658 nextFramePts: 12312299.000000 -> diff: 36493.826658  render: true forceNext: false
2026-02-15 13:33:39.075 T:8572    debug <avtiming>: CRenderManager::PrepareNextRender: frameOnScreen: 12312929.454905 renderPts: 12379596.126658 nextFramePts: 12379033.000000 -> diff: 563.126658  render: true forceNext: false
2026-02-15 13:33:39.122 T:8572    debug <avtiming>: CRenderManager::PrepareNextRender: frameOnScreen: 12359497.654905 renderPts: 12426164.326658 nextFramePts: 12412400.000000 -> diff: 13764.326658  render: true forceNext: false
2026-02-15 13:33:39.161 T:8572    debug <avtiming>: CRenderManager::PrepareNextRender: frameOnScreen: 12399221.254905 renderPts: 12465887.926658 nextFramePts: 12445766.000000 -> diff: 20121.926658  render: true forceNext: false
2026-02-15 13:33:39.183 T:8572    debug <avtiming>: CRenderManager::PrepareNextRender: frameOnScreen: 12422310.154905 renderPts: 12488976.826658 nextFramePts: 12479133.000000 -> diff: 9843.826658  render: true forceNext: false
2026-02-15 13:33:39.230 T:8572    debug <avtiming>: CRenderManager::PrepareNextRender: frameOnScreen: 12468462.854905 renderPts: 12535129.526658 nextFramePts: 12512500.000000 -> diff: 22629.526658  render: true forceNext: false
2026-02-15 13:33:39.276 T:8572    debug <avtiming>: CRenderManager::PrepareNextRender: frameOnScreen: 12515091.854905 renderPts: 12581758.526658 nextFramePts: 12545866.000000 -> diff: 35892.526658  render: true forceNext: false
2026-02-15 13:33:39.323 T:8572    debug <avtiming>: CRenderManager::PrepareNextRender: frameOnScreen: 12562195.854905 renderPts: 12628862.526658 nextFramePts: 12579233.000000 -> diff: 49629.526658  render: true forceNext: false
2026-02-15 13:33:39.355 T:8572    debug <avtiming>: CRenderManager::PrepareNextRender: frameOnScreen: 12594244.054905 renderPts: 12660910.726658 nextFramePts: 12612599.000000 -> diff: 48311.726658  render: true forceNext: false
2026-02-15 13:33:39.385 T:8572    debug <avtiming>: CRenderManager::PrepareNextRender: frameOnScreen: 12625243.254905 renderPts: 12691909.926658 nextFramePts: 12645966.000000 -> diff: 45943.926658  render: true forceNext: false
2026-02-15 13:33:39.431 T:8572    debug <avtiming>: CRenderManager::PrepareNextRender: frameOnScreen: 12671569.254905 renderPts: 12738235.926658 nextFramePts: 12712700.000000 -> diff: 25535.926658  render: true forceNext: false
2026-02-15 13:33:39.462 T:8572    debug <avtiming>: CRenderManager::PrepareNextRender: frameOnScreen: 12702769.654905 renderPts: 12769436.326658 nextFramePts: 12746066.000000 -> diff: 23370.326658  render: true forceNext: false
2026-02-15 13:33:39.493 T:8572    debug <avtiming>: CRenderManager::PrepareNextRender: frameOnScreen: 12734962.954905 renderPts: 12801629.626658 nextFramePts: 12779433.000000 -> diff: 22196.626658  render: true forceNext: false
2026-02-15 13:33:39.524 T:8572    debug <avtiming>: CRenderManager::PrepareNextRender: frameOnScreen: 12766171.754905 renderPts: 12832838.426658 nextFramePts: 12812800.000000 -> diff: 20038.426658  render: true forceNext: false
2026-02-15 13:33:39.556 T:8572    debug <avtiming>: CRenderManager::PrepareNextRender: frameOnScreen: 12798475.354905 renderPts: 12865142.026658 nextFramePts: 12846166.000000 -> diff: 18976.026658  render: true forceNext: false
2026-02-15 13:33:39.586 T:8572    debug <avtiming>: CRenderManager::PrepareNextRender: frameOnScreen: 12829092.654905 renderPts: 12895759.326658 nextFramePts: 12879533.000000 -> diff: 16226.326658  render: true forceNext: false
2026-02-15 13:33:39.631 T:8572    debug <avtiming>: CRenderManager::PrepareNextRender: frameOnScreen: 12874616.454905 renderPts: 12941283.126658 nextFramePts: 12912899.000000 -> diff: 28384.126658  render: true forceNext: false
2026-02-15 13:33:39.670 T:8572    debug <avtiming>: CRenderManager::PrepareNextRender: frameOnScreen: 12912974.154905 renderPts: 12979640.826658 nextFramePts: 12946266.000000 -> diff: 33374.826658  render: true forceNext: false
2026-02-15 13:33:39.694 T:8572    debug <avtiming>: CRenderManager::PrepareNextRender: frameOnScreen: 12937927.954905 renderPts: 13004594.626658 nextFramePts: 12979633.000000 -> diff: 24961.626658  render: true forceNext: false
2026-02-15 13:33:39.710 T:8572    debug <avtiming>: CRenderManager::PrepareNextRender: frameOnScreen: 12953609.754905 renderPts: 13020276.426658 nextFramePts: 13013000.000000 -> diff: 7276.426658  render: true forceNext: false
2026-02-15 13:33:39.741 T:8572    debug <avtiming>: CRenderManager::PrepareNextRender: frameOnScreen: 12984711.254905 renderPts: 13051377.926658 nextFramePts: 13046366.000000 -> diff: 5011.926658  render: true forceNext: false
2026-02-15 13:33:39.772 T:8572    debug <avtiming>: CRenderManager::PrepareNextRender: frameOnScreen: 13016565.954905 renderPts: 13083232.626658 nextFramePts: 13079733.000000 -> diff: 3499.626658  render: true forceNext: false
2026-02-15 13:33:39.802 T:8572    debug <avtiming>: CRenderManager::PrepareNextRender: frameOnScreen: 13047019.154905 renderPts: 13113685.826658 nextFramePts: 13113100.000000 -> diff: 585.826658  render: true forceNext: false
2026-02-15 13:33:39.833 T:8572    debug <avtiming>: CRenderManager::PrepareNextRender: frameOnScreen: 13078299.554905 renderPts: 13144966.226658 nextFramePts: 13146466.000000 -> diff: -1499.773342  render: false forceNext: false
2026-02-15 13:33:39.864 T:8572    debug <avtiming>: CRenderManager::PrepareNextRender: frameOnScreen: 13109597.154905 renderPts: 13176263.826658 nextFramePts: 13179833.000000 -> diff: -3569.173342  render: false forceNext: false
2026-02-15 13:33:39.895 T:8572    debug <avtiming>: CRenderManager::PrepareNextRender: frameOnScreen: 13140997.554905 renderPts: 13207664.226658 nextFramePts: 13179833.000000 -> diff: 27831.226658  render: true forceNext: false
2026-02-15 13:33:39.941 T:8572    debug <avtiming>: CRenderManager::PrepareNextRender: frameOnScreen: 13187205.054905 renderPts: 13253871.726658 nextFramePts: 13213199.000000 -> diff: 40672.726658  render: true forceNext: false
2026-02-15 13:33:39.973 T:8572    debug <avtiming>: CRenderManager::PrepareNextRender: frameOnScreen: 13219179.454905 renderPts: 13285846.126658 nextFramePts: 13246566.000000 -> diff: 39280.126658  render: true forceNext: false
2026-02-15 13:33:40.004 T:8572    debug <avtiming>: CRenderManager::PrepareNextRender: frameOnScreen: 13250949.354905 renderPts: 13317616.026658 nextFramePts: 13279933.000000 -> diff: 37683.026658  render: true forceNext: false
2026-02-15 13:33:40.034 T:8572    debug <avtiming>: CRenderManager::PrepareNextRender: frameOnScreen: 13281697.354905 renderPts: 13348364.026658 nextFramePts: 13313300.000000 -> diff: 35064.026658  render: true forceNext: false
2026-02-15 13:33:40.080 T:8572    debug <avtiming>: CRenderManager::PrepareNextRender: frameOnScreen: 13328188.654905 renderPts: 13394855.326658 nextFramePts: 13380033.000000 -> diff: 14822.326658  render: true forceNext: false
2026-02-15 13:33:40.111 T:8572    debug <avtiming>: CRenderManager::PrepareNextRender: frameOnScreen: 13359789.554905 renderPts: 13426456.226658 nextFramePts: 13413400.000000 -> diff: 13056.226658  render: true forceNext: false
2026-02-15 13:33:40.142 T:8572    debug <avtiming>: CRenderManager::PrepareNextRender: frameOnScreen: 13391406.554905 renderPts: 13458073.226658 nextFramePts: 13446766.000000 -> diff: 11307.226658  render: true forceNext: false
2026-02-15 13:33:40.180 T:8572    debug <avtiming>: CRenderManager::PrepareNextRender: frameOnScreen: 13429593.554905 renderPts: 13496260.226658 nextFramePts: 13480133.000000 -> diff: 16127.226658  render: true forceNext: false
2026-02-15 13:33:40.203 T:8572    debug <avtiming>: CRenderManager::PrepareNextRender: frameOnScreen: 13453383.954905 renderPts: 13520050.626658 nextFramePts: 13513499.000000 -> diff: 6551.626658  render: true forceNext: false
2026-02-15 13:33:40.236 T:8572    debug <avtiming>: CRenderManager::PrepareNextRender: frameOnScreen: 13486813.454905 renderPts: 13553480.126658 nextFramePts: 13546866.000000 -> diff: 6614.126658  render: true forceNext: false
2026-02-15 13:33:40.281 T:8572    debug <avtiming>: CRenderManager::PrepareNextRender: frameOnScreen: 13531021.154905 renderPts: 13597687.826658 nextFramePts: 13580233.000000 -> diff: 17454.826658  render: true forceNext: false
2026-02-15 13:33:40.312 T:8572    debug <avtiming>: CRenderManager::PrepareNextRender: frameOnScreen: 13562850.054905 renderPts: 13629516.726658 nextFramePts: 13613600.000000 -> diff: 15916.726658  render: true forceNext: false
2026-02-15 13:33:40.343 T:8572    debug <avtiming>: CRenderManager::PrepareNextRender: frameOnScreen: 13594381.754905 renderPts: 13661048.426658 nextFramePts: 13646966.000000 -> diff: 14082.426658  render: true forceNext: false
2026-02-15 13:33:40.374 T:8572    debug <avtiming>: CRenderManager::PrepareNextRender: frameOnScreen: 13625606.254905 renderPts: 13692272.926658 nextFramePts: 13680333.000000 -> diff: 11939.926658  render: true forceNext: false
2026-02-15 13:33:40.421 T:8572    debug <avtiming>: CRenderManager::PrepareNextRender: frameOnScreen: 13672297.154905 renderPts: 13738963.826658 nextFramePts: 13713700.000000 -> diff: 25263.826658  render: true forceNext: false
2026-02-15 13:33:40.451 T:8572    debug <avtiming>: CRenderManager::PrepareNextRender: frameOnScreen: 13703480.854905 renderPts: 13770147.526658 nextFramePts: 13747066.000000 -> diff: 23081.526658  render: true forceNext: false
2026-02-15 13:33:40.498 T:8572    debug <avtiming>: CRenderManager::PrepareNextRender: frameOnScreen: 13749496.054905 renderPts: 13816162.726658 nextFramePts: 13780433.000000 -> diff: 35729.726658  render: true forceNext: false
2026-02-15 13:33:40.544 T:8572    debug <avtiming>: CRenderManager::PrepareNextRender: frameOnScreen: 13796462.054905 renderPts: 13863128.726658 nextFramePts: 13813799.000000 -> diff: 49329.726658  render: true forceNext: false
2026-02-15 13:33:40.591 T:8572    debug <avtiming>: CRenderManager::PrepareNextRender: frameOnScreen: 13843319.854905 renderPts: 13909986.526658 nextFramePts: 13847166.000000 -> diff: 62820.526658  render: true forceNext: false
2026-02-15 13:33:40.623 T:8572    debug <avtiming>: CRenderManager::PrepareNextRender: frameOnScreen: 13875491.354905 renderPts: 13942158.026658 nextFramePts: 13913900.000000 -> diff: 28258.026658  render: true forceNext: false
2026-02-15 13:33:40.653 T:8572    debug <avtiming>: CRenderManager::PrepareNextRender: frameOnScreen: 13906809.454905 renderPts: 13973476.126658 nextFramePts: 13947266.000000 -> diff: 26210.126658  render: true forceNext: false
2026-02-15 13:33:40.692 T:8572    debug <avtiming>: CRenderManager::PrepareNextRender: frameOnScreen: 13944785.254905 renderPts: 14011451.926658 nextFramePts: 13980633.000000 -> diff: 30818.926658  render: true forceNext: false
2026-02-15 13:33:40.731 T:8572    debug <avtiming>: CRenderManager::PrepareNextRender: frameOnScreen: 13984136.854905 renderPts: 14050803.526658 nextFramePts: 14014000.000000 -> diff: 36803.526658  render: true forceNext: false
2026-02-15 13:33:40.763 T:8572    debug <avtiming>: CRenderManager::PrepareNextRender: frameOnScreen: 14015940.654905 renderPts: 14082607.326658 nextFramePts: 14080733.000000 -> diff: 1874.326658  render: true forceNext: false
2026-02-15 13:33:40.794 T:8572    debug <avtiming>: CRenderManager::PrepareNextRender: frameOnScreen: 14047497.254905 renderPts: 14114163.926658 nextFramePts: 14114099.000000 -> diff: 64.926658  render: true forceNext: false
2026-02-15 13:33:40.840 T:8572    debug <avtiming>: CRenderManager::PrepareNextRender: frameOnScreen: 14093215.654905 renderPts: 14159882.326658 nextFramePts: 14147466.000000 -> diff: 12416.326658  render: true forceNext: false
2026-02-15 13:33:40.871 T:8572    debug <avtiming>: CRenderManager::PrepareNextRender: frameOnScreen: 14125561.154905 renderPts: 14192227.826658 nextFramePts: 14180833.000000 -> diff: 11394.826658  render: true forceNext: false
2026-02-15 13:33:40.903 T:8572    debug <avtiming>: CRenderManager::PrepareNextRender: frameOnScreen: 14155647.654905 renderPts: 14222314.326658 nextFramePts: 14214200.000000 -> diff: 8114.326658  render: true forceNext: false
2026-02-15 13:33:40.934 T:8572    debug <avtiming>: CRenderManager::PrepareNextRender: frameOnScreen: 14188441.554905 renderPts: 14255108.226658 nextFramePts: 14247566.000000 -> diff: 7542.226658  render: true forceNext: false
2026-02-15 13:33:40.980 T:8572    debug <avtiming>: CRenderManager::PrepareNextRender: frameOnScreen: 14234382.554905 renderPts: 14301049.226658 nextFramePts: 14280933.000000 -> diff: 20116.226658  render: true forceNext: false
2026-02-15 13:33:41.011 T:8572    debug <avtiming>: CRenderManager::PrepareNextRender: frameOnScreen: 14266033.754905 renderPts: 14332700.426658 nextFramePts: 14314300.000000 -> diff: 18400.426658  render: true forceNext: false
2026-02-15 13:33:41.042 T:8572    debug <avtiming>: CRenderManager::PrepareNextRender: frameOnScreen: 14297643.654905 renderPts: 14364310.326658 nextFramePts: 14347666.000000 -> diff: 16644.326658  render: true forceNext: false
2026-02-15 13:33:41.073 T:8572    debug <avtiming>: CRenderManager::PrepareNextRender: frameOnScreen: 14329021.254905 renderPts: 14395687.926658 nextFramePts: 14381033.000000 -> diff: 14654.926658  render: true forceNext: false
2026-02-15 13:33:41.104 T:8572    debug <avtiming>: CRenderManager::PrepareNextRender: frameOnScreen: 14360471.054905 renderPts: 14427137.726658 nextFramePts: 14414399.000000 -> diff: 12738.726658  render: true forceNext: false
2026-02-15 13:33:41.134 T:8572    debug <avtiming>: CRenderManager::PrepareNextRender: frameOnScreen: 14391119.454905 renderPts: 14457786.126658 nextFramePts: 14447766.000000 -> diff: 10020.126658  render: true forceNext: false
2026-02-15 13:33:41.180 T:8572    debug <avtiming>: CRenderManager::PrepareNextRender: frameOnScreen: 14437684.954905 renderPts: 14504351.626658 nextFramePts: 14481133.000000 -> diff: 23218.626658  render: true forceNext: false
2026-02-15 13:33:41.220 T:8572    debug <avtiming>: CRenderManager::PrepareNextRender: frameOnScreen: 14476270.554905 renderPts: 14542937.226658 nextFramePts: 14514500.000000 -> diff: 28437.226658  render: true forceNext: false
2026-02-15 13:33:41.243 T:8572    debug <avtiming>: CRenderManager::PrepareNextRender: frameOnScreen: 14500008.154905 renderPts: 14566674.826658 nextFramePts: 14547866.000000 -> diff: 18808.826658  render: true forceNext: false
2026-02-15 13:33:41.274 T:8572    debug <avtiming>: CRenderManager::PrepareNextRender: frameOnScreen: 14531597.554905 renderPts: 14598264.226658 nextFramePts: 14581233.000000 -> diff: 17031.226658  render: true forceNext: false
2026-02-15 13:33:41.306 T:8572    debug <avtiming>: CRenderManager::PrepareNextRender: frameOnScreen: 14562589.754905 renderPts: 14629256.426658 nextFramePts: 14614600.000000 -> diff: 14656.426658  render: true forceNext: false
2026-02-15 13:33:41.352 T:8572    debug <avtiming>: CRenderManager::PrepareNextRender: frameOnScreen: 14608933.454905 renderPts: 14675600.126658 nextFramePts: 14647966.000000 -> diff: 27634.126658  render: true forceNext: false
2026-02-15 13:33:41.384 T:8572    debug <avtiming>: CRenderManager::PrepareNextRender: frameOnScreen: 14641067.354905 renderPts: 14707734.026658 nextFramePts: 14681333.000000 -> diff: 26401.026658  render: true forceNext: false
2026-02-15 13:33:41.414 T:8572    debug <avtiming>: CRenderManager::PrepareNextRender: frameOnScreen: 14672232.854905 renderPts: 14738899.526658 nextFramePts: 14714699.000000 -> diff: 24200.526658  render: true forceNext: false
2026-02-15 13:33:41.460 T:8572    debug <avtiming>: CRenderManager::PrepareNextRender: frameOnScreen: 14718546.954905 renderPts: 14785213.626658 nextFramePts: 14748066.000000 -> diff: 37147.626658  render: true forceNext: false
2026-02-15 13:33:41.491 T:8572    debug <avtiming>: CRenderManager::PrepareNextRender: frameOnScreen: 14749740.254905 renderPts: 14816406.926658 nextFramePts: 14781433.000000 -> diff: 34973.926658  render: true forceNext: false
2026-02-15 13:33:41.522 T:8572    debug <avtiming>: CRenderManager::PrepareNextRender: frameOnScreen: 14781289.354905 renderPts: 14847956.026658 nextFramePts: 14814800.000000 -> diff: 33156.026658  render: true forceNext: false
2026-02-15 13:33:41.553 T:8572    debug <avtiming>: CRenderManager::PrepareNextRender: frameOnScreen: 14813289.254905 renderPts: 14879955.926658 nextFramePts: 14848166.000000 -> diff: 31789.926658  render: true forceNext: false
2026-02-15 13:33:41.583 T:8572    debug <avtiming>: CRenderManager::PrepareNextRender: frameOnScreen: 14843991.854905 renderPts: 14910658.526658 nextFramePts: 14881533.000000 -> diff: 29125.526658  render: true forceNext: false
2026-02-15 13:33:41.614 T:8572    debug <avtiming>: CRenderManager::PrepareNextRender: frameOnScreen: 14875428.554905 renderPts: 14942095.226658 nextFramePts: 14914900.000000 -> diff: 27195.226658  render: true forceNext: false
2026-02-15 13:33:41.661 T:8572    debug <avtiming>: CRenderManager::PrepareNextRender: frameOnScreen: 14921581.554905 renderPts: 14988248.226658 nextFramePts: 14948266.000000 -> diff: 39982.226658  render: true forceNext: false
2026-02-15 13:33:41.669 T:8860    debug <video>: CVideoPlayerVideo::CalcDropRequirement - dropped in decoder, lateframes: 0, Bufferlevel: 4, dropped: 2
2026-02-15 13:33:41.692 T:8572    debug <avtiming>: CRenderManager::PrepareNextRender: frameOnScreen: 14953739.154905 renderPts: 15020405.826658 nextFramePts: 15014999.000000 -> diff: 5406.826658  render: true forceNext: false
2026-02-15 13:33:41.732 T:8572    debug <avtiming>: CRenderManager::PrepareNextRender: frameOnScreen: 14994291.154905 renderPts: 15060957.826658 nextFramePts: 15048366.000000 -> diff: 12591.826658  render: true forceNext: false
2026-02-15 13:33:41.754 T:8572    debug <avtiming>: CRenderManager::PrepareNextRender: frameOnScreen: 15016451.254905 renderPts: 15083117.926658 nextFramePts: 15081733.000000 -> diff: 1384.926658  render: true forceNext: false
2026-02-15 13:33:41.784 T:8572    debug <avtiming>: CRenderManager::PrepareNextRender: frameOnScreen: 15047531.954905 renderPts: 15114198.626658 nextFramePts: 15181833.000000 -> diff: -67634.373342  render: false forceNext: false
2026-02-15 13:33:41.830 T:8572    debug <avtiming>: CRenderManager::PrepareNextRender: frameOnScreen: 15093489.454905 renderPts: 15160156.126658 nextFramePts: 15181833.000000 -> diff: -21676.873342  render: false forceNext: false
2026-02-15 13:33:41.861 T:8572    debug <avtiming>: CRenderManager::PrepareNextRender: frameOnScreen: 15125164.354905 renderPts: 15191831.026658 nextFramePts: 15181833.000000 -> diff: 9998.026658  render: true forceNext: false
2026-02-15 13:33:41.892 T:8572    debug <avtiming>: CRenderManager::PrepareNextRender: frameOnScreen: 15156549.954905 renderPts: 15223216.626658 nextFramePts: 15215200.000000 -> diff: 8016.626658  render: true forceNext: false
2026-02-15 13:33:41.923 T:8572    debug <avtiming>: CRenderManager::PrepareNextRender: frameOnScreen: 15188223.154905 renderPts: 15254889.826658 nextFramePts: 15248566.000000 -> diff: 6323.826658  render: true forceNext: false
2026-02-15 13:33:41.939 T:8572    debug <avtiming>: CRenderManager::PrepareNextRender: frameOnScreen: 15203665.854905 renderPts: 15270332.526658 nextFramePts: 15281933.000000 -> diff: -11600.473342  render: false forceNext: false
2026-02-15 13:33:41.969 T:8572    debug <avtiming>: CRenderManager::PrepareNextRender: frameOnScreen: 15235374.554905 renderPts: 15302041.226658 nextFramePts: 15315299.000000 -> diff: -13257.773342  render: false forceNext: false
2026-02-15 13:33:42.014 T:8572    debug <avtiming>: CRenderManager::PrepareNextRender: frameOnScreen: 15280604.654905 renderPts: 15347271.326658 nextFramePts: 15315299.000000 -> diff: 31972.326658  render: true forceNext: false
2026-02-15 13:33:42.061 T:8572    debug <avtiming>: CRenderManager::PrepareNextRender: frameOnScreen: 15327727.154905 renderPts: 15394393.826658 nextFramePts: 15348666.000000 -> diff: 45727.826658  render: true forceNext: false
2026-02-15 13:33:42.093 T:8572    debug <avtiming>: CRenderManager::PrepareNextRender: frameOnScreen: 15360244.854905 renderPts: 15426911.526658 nextFramePts: 15382033.000000 -> diff: 44878.526658  render: true forceNext: false
2026-02-15 13:33:42.124 T:8572    debug <avtiming>: CRenderManager::PrepareNextRender: frameOnScreen: 15391444.854905 renderPts: 15458111.526658 nextFramePts: 15415400.000000 -> diff: 42711.526658  render: true forceNext: false
2026-02-15 13:33:42.154 T:8572    debug <avtiming>: CRenderManager::PrepareNextRender: frameOnScreen: 15422564.154905 renderPts: 15489230.826658 nextFramePts: 15448766.000000 -> diff: 40464.826658  render: true forceNext: false
2026-02-15 13:33:42.200 T:8572    debug <avtiming>: CRenderManager::PrepareNextRender: frameOnScreen: 15468744.254905 renderPts: 15535410.926658 nextFramePts: 15515500.000000 -> diff: 19910.926658  render: true forceNext: false
2026-02-15 13:33:42.231 T:8572    debug <avtiming>: CRenderManager::PrepareNextRender: frameOnScreen: 15500079.054905 renderPts: 15566745.726658 nextFramePts: 15548866.000000 -> diff: 17879.726658  render: true forceNext: false
2026-02-15 13:33:42.270 T:8572    debug <avtiming>: CRenderManager::PrepareNextRender: frameOnScreen: 15539562.354905 renderPts: 15606229.026658 nextFramePts: 15582233.000000 -> diff: 23996.026658  render: true forceNext: false
2026-02-15 13:33:42.292 T:8572    debug <avtiming>: CRenderManager::PrepareNextRender: frameOnScreen: 15562656.054905 renderPts: 15629322.726658 nextFramePts: 15615599.000000 -> diff: 13723.726658  render: true forceNext: false
2026-02-15 13:33:42.323 T:8572    debug <avtiming>: CRenderManager::PrepareNextRender: frameOnScreen: 15593919.554905 renderPts: 15660586.226658 nextFramePts: 15648966.000000 -> diff: 11620.226658  render: true forceNext: false
2026-02-15 13:33:42.354 T:8572    debug <avtiming>: CRenderManager::PrepareNextRender: frameOnScreen: 15625231.754905 renderPts: 15691898.426658 nextFramePts: 15682333.000000 -> diff: 9565.426658  render: true forceNext: false
2026-02-15 13:33:42.400 T:8572    debug <avtiming>: CRenderManager::PrepareNextRender: frameOnScreen: 15672054.254905 renderPts: 15738720.926658 nextFramePts: 15715700.000000 -> diff: 23020.926658  render: true forceNext: false
2026-02-15 13:33:42.447 T:8572    debug <avtiming>: CRenderManager::PrepareNextRender: frameOnScreen: 15718503.154905 renderPts: 15785169.826658 nextFramePts: 15749066.000000 -> diff: 36103.826658  render: true forceNext: false
2026-02-15 13:33:42.480 T:8572    debug <avtiming>: CRenderManager::PrepareNextRender: frameOnScreen: 15750210.554905 renderPts: 15816877.226658 nextFramePts: 15782433.000000 -> diff: 34444.226658  render: true forceNext: false
2026-02-15 13:33:42.511 T:8572    debug <avtiming>: CRenderManager::PrepareNextRender: frameOnScreen: 15780486.454905 renderPts: 15847153.126658 nextFramePts: 15815800.000000 -> diff: 31353.126658  render: true forceNext: false
2026-02-15 13:33:42.542 T:8572    debug <avtiming>: CRenderManager::PrepareNextRender: frameOnScreen: 15812680.954905 renderPts: 15879347.626658 nextFramePts: 15849166.000000 -> diff: 30181.626658  render: true forceNext: false
2026-02-15 13:33:42.574 T:8572    debug <avtiming>: CRenderManager::PrepareNextRender: frameOnScreen: 15844009.654905 renderPts: 15910676.326658 nextFramePts: 15882533.000000 -> diff: 28143.326658  render: true forceNext: false
2026-02-15 13:33:42.620 T:8572    debug <avtiming>: CRenderManager::PrepareNextRender: frameOnScreen: 15890103.754905 renderPts: 15956770.426658 nextFramePts: 15915900.000000 -> diff: 40870.426658  render: true forceNext: false
2026-02-15 13:33:42.651 T:8572    debug <avtiming>: CRenderManager::PrepareNextRender: frameOnScreen: 15922538.854905 renderPts: 15989205.526658 nextFramePts: 15982633.000000 -> diff: 6572.526658  render: true forceNext: false
2026-02-15 13:33:42.682 T:8572    debug <avtiming>: CRenderManager::PrepareNextRender: frameOnScreen: 15953525.354905 renderPts: 16020192.026658 nextFramePts: 16015999.000000 -> diff: 4193.026658  render: true forceNext: false
2026-02-15 13:33:42.713 T:8572    debug <avtiming>: CRenderManager::PrepareNextRender: frameOnScreen: 15984898.254905 renderPts: 16051564.926658 nextFramePts: 16049366.000000 -> diff: 2198.926658  render: true forceNext: false
2026-02-15 13:33:42.743 T:8572    debug <avtiming>: CRenderManager::PrepareNextRender: frameOnScreen: 16016246.754905 renderPts: 16082913.426658 nextFramePts: 16082733.000000 -> diff: 180.426658  render: true forceNext: false
2026-02-15 13:33:42.783 T:8572    debug <avtiming>: CRenderManager::PrepareNextRender: frameOnScreen: 16056163.754905 renderPts: 16122830.426658 nextFramePts: 16116100.000000 -> diff: 6730.426658  render: true forceNext: false
2026-02-15 13:33:42.820 T:8572    debug <avtiming>: CRenderManager::PrepareNextRender: frameOnScreen: 16093520.454905 renderPts: 16160187.126658 nextFramePts: 16149466.000000 -> diff: 10721.126658  render: true forceNext: false
2026-02-15 13:33:42.867 T:8572    debug <avtiming>: CRenderManager::PrepareNextRender: frameOnScreen: 16140013.354905 renderPts: 16206680.026658 nextFramePts: 16182833.000000 -> diff: 23847.026658  render: true forceNext: false
2026-02-15 13:33:42.899 T:8572    debug <avtiming>: CRenderManager::PrepareNextRender: frameOnScreen: 16171168.354905 renderPts: 16237835.026658 nextFramePts: 16216200.000000 -> diff: 21635.026658  render: true forceNext: false
2026-02-15 13:33:42.930 T:8572    debug <avtiming>: CRenderManager::PrepareNextRender: frameOnScreen: 16203193.754905 renderPts: 16269860.426658 nextFramePts: 16249566.000000 -> diff: 20294.426658  render: true forceNext: false
2026-02-15 13:33:42.962 T:8572    debug <avtiming>: CRenderManager::PrepareNextRender: frameOnScreen: 16235167.754905 renderPts: 16301834.426658 nextFramePts: 16282933.000000 -> diff: 18901.426658  render: true forceNext: false
2026-02-15 13:33:42.993 T:8572    debug <avtiming>: CRenderManager::PrepareNextRender: frameOnScreen: 16266398.454905 renderPts: 16333065.126658 nextFramePts: 16316299.000000 -> diff: 16766.126658  render: true forceNext: false
2026-02-15 13:33:43.023 T:8572    debug <avtiming>: CRenderManager::PrepareNextRender: frameOnScreen: 16297015.854905 renderPts: 16363682.526658 nextFramePts: 16349666.000000 -> diff: 14016.526658  render: true forceNext: false
2026-02-15 13:33:43.054 T:8572    debug <avtiming>: CRenderManager::PrepareNextRender: frameOnScreen: 16328672.554905 renderPts: 16395339.226658 nextFramePts: 16383033.000000 -> diff: 12306.226658  render: true forceNext: false
2026-02-15 13:33:43.085 T:8572    debug <avtiming>: CRenderManager::PrepareNextRender: frameOnScreen: 16360141.054905 renderPts: 16426807.726658 nextFramePts: 16416400.000000 -> diff: 10407.726658  render: true forceNext: false
2026-02-15 13:33:43.115 T:8572    debug <avtiming>: CRenderManager::PrepareNextRender: frameOnScreen: 16391071.354905 renderPts: 16457738.026658 nextFramePts: 16449766.000000 -> diff: 7972.026658  render: true forceNext: false
2026-02-15 13:33:43.162 T:8572    debug <avtiming>: CRenderManager::PrepareNextRender: frameOnScreen: 16437291.854905 renderPts: 16503958.526658 nextFramePts: 16483133.000000 -> diff: 20825.526658  render: true forceNext: false
2026-02-15 13:33:43.193 T:8572    debug <avtiming>: CRenderManager::PrepareNextRender: frameOnScreen: 16469174.854905 renderPts: 16535841.526658 nextFramePts: 16516500.000000 -> diff: 19341.526658  render: true forceNext: false
2026-02-15 13:33:43.224 T:8572    debug <avtiming>: CRenderManager::PrepareNextRender: frameOnScreen: 16501035.454905 renderPts: 16567702.126658 nextFramePts: 16549866.000000 -> diff: 17836.126658  render: true forceNext: false
2026-02-15 13:33:43.254 T:8572    debug <avtiming>: CRenderManager::PrepareNextRender: frameOnScreen: 16531774.054905 renderPts: 16598440.726658 nextFramePts: 16583233.000000 -> diff: 15207.726658  render: true forceNext: false
2026-02-15 13:33:43.294 T:8572    debug <avtiming>: CRenderManager::PrepareNextRender: frameOnScreen: 16571783.454905 renderPts: 16638450.126658 nextFramePts: 16616599.000000 -> diff: 21851.126658  render: true forceNext: false
2026-02-15 13:33:43.331 T:8572    debug <avtiming>: CRenderManager::PrepareNextRender: frameOnScreen: 16609003.754905 renderPts: 16675670.426658 nextFramePts: 16649966.000000 -> diff: 25704.426658  render: true forceNext: false
2026-02-15 13:33:43.349 T:8572    debug <avtiming>: CRenderManager::PrepareNextRender: frameOnScreen: 16625443.954905 renderPts: 16692110.626658 nextFramePts: 16683333.000000 -> diff: 8777.626658  render: true forceNext: false
2026-02-15 13:33:43.379 T:8572    debug <avtiming>: CRenderManager::PrepareNextRender: frameOnScreen: 16656527.954905 renderPts: 16723194.626658 nextFramePts: 16716700.000000 -> diff: 6494.626658  render: true forceNext: false
2026-02-15 13:33:43.410 T:8572    debug <avtiming>: CRenderManager::PrepareNextRender: frameOnScreen: 16687069.954905 renderPts: 16753736.626658 nextFramePts: 16750066.000000 -> diff: 3670.626658  render: true forceNext: false
2026-02-15 13:33:43.442 T:8572    debug <avtiming>: CRenderManager::PrepareNextRender: frameOnScreen: 16719158.354905 renderPts: 16785825.026658 nextFramePts: 16783433.000000 -> diff: 2392.026658  render: true forceNext: false
2026-02-15 13:33:43.488 T:8572    debug <avtiming>: CRenderManager::PrepareNextRender: frameOnScreen: 16765469.454905 renderPts: 16832136.126658 nextFramePts: 16816800.000000 -> diff: 15336.126658  render: true forceNext: false
2026-02-15 13:33:43.520 T:8572    debug <avtiming>: CRenderManager::PrepareNextRender: frameOnScreen: 16796116.854905 renderPts: 16862783.526658 nextFramePts: 16850166.000000 -> diff: 12617.526658  render: true forceNext: false
2026-02-15 13:33:43.551 T:8572    debug <avtiming>: CRenderManager::PrepareNextRender: frameOnScreen: 16828254.654905 renderPts: 16894921.326658 nextFramePts: 16883533.000000 -> diff: 11388.326658  render: true forceNext: false
2026-02-15 13:33:43.582 T:8572    debug <avtiming>: CRenderManager::PrepareNextRender: frameOnScreen: 16859612.254905 renderPts: 16926278.926658 nextFramePts: 16916900.000000 -> diff: 9378.926658  render: true forceNext: false
2026-02-15 13:33:43.613 T:8572    debug <avtiming>: CRenderManager::PrepareNextRender: frameOnScreen: 16890731.954905 renderPts: 16957398.626658 nextFramePts: 16950266.000000 -> diff: 7132.626658  render: true forceNext: false
2026-02-15 13:33:43.644 T:8572    debug <avtiming>: CRenderManager::PrepareNextRender: frameOnScreen: 16922300.854905 renderPts: 16988967.526658 nextFramePts: 16983633.000000 -> diff: 5334.526658  render: true forceNext: false
2026-02-15 13:33:43.660 T:8572    debug <avtiming>: CRenderManager::PrepareNextRender: frameOnScreen: 16938306.854905 renderPts: 17004973.526658 nextFramePts: 17017000.000000 -> diff: -12026.473342  render: false forceNext: false
2026-02-15 13:33:43.696 T:8572    debug <avtiming>: CRenderManager::PrepareNextRender: frameOnScreen: 16975110.254905 renderPts: 17041776.926658 nextFramePts: 17050366.000000 -> diff: -8589.073342  render: false forceNext: false
2026-02-15 13:33:43.721 T:8572    debug <avtiming>: CRenderManager::PrepareNextRender: frameOnScreen: 17001163.854905 renderPts: 17067830.526658 nextFramePts: 17050366.000000 -> diff: 17464.526658  render: true forceNext: false
2026-02-15 13:33:43.752 T:8572    debug <avtiming>: CRenderManager::PrepareNextRender: frameOnScreen: 17032154.754905 renderPts: 17098821.426658 nextFramePts: 17083733.000000 -> diff: 15088.426658  render: true forceNext: false
2026-02-15 13:33:43.782 T:8572    debug <avtiming>: CRenderManager::PrepareNextRender: frameOnScreen: 17063328.454905 renderPts: 17129995.126658 nextFramePts: 17117100.000000 -> diff: 12895.126658  render: true forceNext: false
2026-02-15 13:33:43.821 T:8572    debug <avtiming>: CRenderManager::PrepareNextRender: frameOnScreen: 17102817.154905 renderPts: 17169483.826658 nextFramePts: 17150466.000000 -> diff: 19017.826658  render: true forceNext: false
2026-02-15 13:33:43.843 T:8572    debug <avtiming>: CRenderManager::PrepareNextRender: frameOnScreen: 17125130.954905 renderPts: 17191797.626658 nextFramePts: 17183833.000000 -> diff: 7964.626658  render: true forceNext: false
2026-02-15 13:33:43.889 T:8572    debug <avtiming>: CRenderManager::PrepareNextRender: frameOnScreen: 17171287.454905 renderPts: 17237954.126658 nextFramePts: 17217200.000000 -> diff: 20754.126658  render: true forceNext: false
2026-02-15 13:33:43.937 T:8572    debug <avtiming>: CRenderManager::PrepareNextRender: frameOnScreen: 17218826.554905 renderPts: 17285493.226658 nextFramePts: 17250566.000000 -> diff: 34927.226658  render: true forceNext: false
2026-02-15 13:33:43.969 T:8572    debug <avtiming>: CRenderManager::PrepareNextRender: frameOnScreen: 17249586.154905 renderPts: 17316252.826658 nextFramePts: 17283933.000000 -> diff: 32319.826658  render: true forceNext: false
2026-02-15 13:33:44.001 T:8572    debug <avtiming>: CRenderManager::PrepareNextRender: frameOnScreen: 17282306.654905 renderPts: 17348973.326658 nextFramePts: 17317300.000000 -> diff: 31673.326658  render: true forceNext: false
2026-02-15 13:33:44.031 T:8572    debug <avtiming>: CRenderManager::PrepareNextRender: frameOnScreen: 17313015.854905 renderPts: 17379682.526658 nextFramePts: 17350666.000000 -> diff: 29016.526658  render: true forceNext: false
2026-02-15 13:33:44.077 T:8572    debug <avtiming>: CRenderManager::PrepareNextRender: frameOnScreen: 17358867.554905 renderPts: 17425534.226658 nextFramePts: 17384033.000000 -> diff: 41501.226658  render: true forceNext: false
2026-02-15 13:33:44.124 T:8572    debug <avtiming>: CRenderManager::PrepareNextRender: frameOnScreen: 17405860.954905 renderPts: 17472527.626658 nextFramePts: 17417400.000000 -> diff: 55127.626658  render: true forceNext: false
2026-02-15 13:33:44.171 T:8572    debug <avtiming>: CRenderManager::PrepareNextRender: frameOnScreen: 17452740.954905 renderPts: 17519407.626658 nextFramePts: 17484133.000000 -> diff: 35274.626658  render: true forceNext: false
2026-02-15 13:33:44.203 T:8572    debug <avtiming>: CRenderManager::PrepareNextRender: frameOnScreen: 17485127.854905 renderPts: 17551794.526658 nextFramePts: 17550866.000000 -> diff: 928.526658  render: true forceNext: false
2026-02-15 13:33:44.234 T:8572    debug <avtiming>: CRenderManager::PrepareNextRender: frameOnScreen: 17516179.854905 renderPts: 17582846.526658 nextFramePts: 17584233.000000 -> diff: -1386.473342  render: false forceNext: false
2026-02-15 13:33:44.264 T:8572    debug <avtiming>: CRenderManager::PrepareNextRender: frameOnScreen: 17547218.254905 renderPts: 17613884.926658 nextFramePts: 17617600.000000 -> diff: -3715.073342  render: false forceNext: false
2026-02-15 13:33:44.295 T:8572    debug <avtiming>: CRenderManager::PrepareNextRender: frameOnScreen: 17578972.754905 renderPts: 17645639.426658 nextFramePts: 17617600.000000 -> diff: 28039.426658  render: true forceNext: false
2026-02-15 13:33:44.348 T:8572    debug <avtiming>: CRenderManager::PrepareNextRender: frameOnScreen: 17632125.154905 renderPts: 17698791.826658 nextFramePts: 17650966.000000 -> diff: 47825.826658  render: true forceNext: false
2026-02-15 13:33:44.373 T:8572    debug <avtiming>: CRenderManager::PrepareNextRender: frameOnScreen: 17656491.354905 renderPts: 17723158.026658 nextFramePts: 17684333.000000 -> diff: 38825.026658  render: true forceNext: false
2026-02-15 13:33:44.404 T:8572    debug <avtiming>: CRenderManager::PrepareNextRender: frameOnScreen: 17688570.954905 renderPts: 17755237.626658 nextFramePts: 17717700.000000 -> diff: 37537.626658  render: true forceNext: false
2026-02-15 13:33:44.434 T:8572    debug <avtiming>: CRenderManager::PrepareNextRender: frameOnScreen: 17719098.254905 renderPts: 17785764.926658 nextFramePts: 17751066.000000 -> diff: 34698.926658  render: true forceNext: false
2026-02-15 13:33:44.481 T:8572    debug <avtiming>: CRenderManager::PrepareNextRender: frameOnScreen: 17765280.554905 renderPts: 17831947.226658 nextFramePts: 17817800.000000 -> diff: 14147.226658  render: true forceNext: false
2026-02-15 13:33:44.511 T:8572    debug <avtiming>: CRenderManager::PrepareNextRender: frameOnScreen: 17796212.654905 renderPts: 17862879.326658 nextFramePts: 17851166.000000 -> diff: 11713.326658  render: true forceNext: false
2026-02-15 13:33:44.543 T:8572    debug <avtiming>: CRenderManager::PrepareNextRender: frameOnScreen: 17828808.954905 renderPts: 17895475.626658 nextFramePts: 17884533.000000 -> diff: 10942.626658  render: true forceNext: false
2026-02-15 13:33:44.589 T:8572    debug <avtiming>: CRenderManager::PrepareNextRender: frameOnScreen: 17874321.754905 renderPts: 17940988.426658 nextFramePts: 17917900.000000 -> diff: 23088.426658  render: true forceNext: false
2026-02-15 13:33:44.621 T:8572    debug <avtiming>: CRenderManager::PrepareNextRender: frameOnScreen: 17905630.754905 renderPts: 17972297.426658 nextFramePts: 17951266.000000 -> diff: 21031.426658  render: true forceNext: false
2026-02-15 13:33:44.653 T:8572    debug <avtiming>: CRenderManager::PrepareNextRender: frameOnScreen: 17937827.254905 renderPts: 18004493.926658 nextFramePts: 17984633.000000 -> diff: 19860.926658  render: true forceNext: false
2026-02-15 13:33:44.700 T:8572    debug <avtiming>: CRenderManager::PrepareNextRender: frameOnScreen: 17984024.454905 renderPts: 18050691.126658 nextFramePts: 18018000.000000 -> diff: 32691.126658  render: true forceNext: false
2026-02-15 13:33:44.732 T:8572    debug <avtiming>: CRenderManager::PrepareNextRender: frameOnScreen: 18016542.854905 renderPts: 18083209.526658 nextFramePts: 18051366.000000 -> diff: 31843.526658  render: true forceNext: false
2026-02-15 13:33:44.762 T:8572    debug <avtiming>: CRenderManager::PrepareNextRender: frameOnScreen: 18047253.554905 renderPts: 18113920.226658 nextFramePts: 18084733.000000 -> diff: 29187.226658  render: true forceNext: false
2026-02-15 13:33:44.793 T:8572    debug <avtiming>: CRenderManager::PrepareNextRender: frameOnScreen: 18078795.954905 renderPts: 18145462.626658 nextFramePts: 18118100.000000 -> diff: 27362.626658  render: true forceNext: false
2026-02-15 13:33:44.839 T:8572    debug <avtiming>: CRenderManager::PrepareNextRender: frameOnScreen: 18124858.954905 renderPts: 18191525.626658 nextFramePts: 18151466.000000 -> diff: 40059.626658  render: true forceNext: false
2026-02-15 13:33:44.878 T:8572    debug <avtiming>: CRenderManager::PrepareNextRender: frameOnScreen: 18162848.054905 renderPts: 18229514.726658 nextFramePts: 18218200.000000 -> diff: 11314.726658  render: true forceNext: false
2026-02-15 13:33:44.902 T:8572    debug <avtiming>: CRenderManager::PrepareNextRender: frameOnScreen: 18187576.754905 renderPts: 18254243.426658 nextFramePts: 18251566.000000 -> diff: 2677.426658  render: true forceNext: false
2026-02-15 13:33:44.934 T:8572    debug <avtiming>: CRenderManager::PrepareNextRender: frameOnScreen: 18218420.454905 renderPts: 18285087.126658 nextFramePts: 18284933.000000 -> diff: 154.126658  render: true forceNext: false
2026-02-15 13:33:44.965 T:8572    debug <avtiming>: CRenderManager::PrepareNextRender: frameOnScreen: 18250271.554905 renderPts: 18316938.226658 nextFramePts: 18318300.000000 -> diff: -1361.773342  render: false forceNext: false
2026-02-15 13:33:45.011 T:8572    debug <avtiming>: CRenderManager::PrepareNextRender: frameOnScreen: 18296282.954905 renderPts: 18362949.626658 nextFramePts: 18351666.000000 -> diff: 11283.626658  render: true forceNext: false
2026-02-15 13:33:45.044 T:8572    debug <avtiming>: CRenderManager::PrepareNextRender: frameOnScreen: 18327698.254905 renderPts: 18394364.926658 nextFramePts: 18385033.000000 -> diff: 9331.926658  render: true forceNext: false
2026-02-15 13:33:45.075 T:8572    debug <avtiming>: CRenderManager::PrepareNextRender: frameOnScreen: 18360703.754905 renderPts: 18427370.426658 nextFramePts: 18418400.000000 -> diff: 8970.426658  render: true forceNext: false
2026-02-15 13:33:45.120 T:8572    debug <avtiming>: CRenderManager::PrepareNextRender: frameOnScreen: 18405801.554905 renderPts: 18472468.226658 nextFramePts: 18451766.000000 -> diff: 20702.226658  render: true forceNext: false
2026-02-15 13:33:45.169 T:8572    debug <avtiming>: CRenderManager::PrepareNextRender: frameOnScreen: 18453574.054905 renderPts: 18520240.726658 nextFramePts: 18485133.000000 -> diff: 35107.726658  render: true forceNext: false
2026-02-15 13:33:45.215 T:8572    debug <avtiming>: CRenderManager::PrepareNextRender: frameOnScreen: 18500045.054905 renderPts: 18566711.726658 nextFramePts: 18518500.000000 -> diff: 48211.726658  render: true forceNext: false
2026-02-15 13:33:45.262 T:8572    debug <avtiming>: CRenderManager::PrepareNextRender: frameOnScreen: 18546917.654905 renderPts: 18613584.326658 nextFramePts: 18551866.000000 -> diff: 61718.326658  render: true forceNext: false
2026-02-15 13:33:45.293 T:8572    debug <avtiming>: CRenderManager::PrepareNextRender: frameOnScreen: 18578732.454905 renderPts: 18645399.126658 nextFramePts: 18618600.000000 -> diff: 26799.126658  render: true forceNext: false
2026-02-15 13:33:45.323 T:8572    debug <avtiming>: CRenderManager::PrepareNextRender: frameOnScreen: 18609596.154905 renderPts: 18676262.826658 nextFramePts: 18651966.000000 -> diff: 24296.826658  render: true forceNext: false
2026-02-15 13:33:45.354 T:8572    debug <avtiming>: CRenderManager::PrepareNextRender: frameOnScreen: 18640874.354905 renderPts: 18707541.026658 nextFramePts: 18685333.000000 -> diff: 22208.026658  render: true forceNext: false
2026-02-15 13:33:45.408 T:8572    debug <avtiming>: CRenderManager::PrepareNextRender: frameOnScreen: 18695093.654905 renderPts: 18761760.326658 nextFramePts: 18718700.000000 -> diff: 43060.326658  render: true forceNext: false
2026-02-15 13:33:45.431 T:8572    debug <avtiming>: CRenderManager::PrepareNextRender: frameOnScreen: 18718949.054905 renderPts: 18785615.726658 nextFramePts: 18785433.000000 -> diff: 182.726658  render: true forceNext: false
2026-02-15 13:33:45.479 T:8572    debug <avtiming>: CRenderManager::PrepareNextRender: frameOnScreen: 18765425.554905 renderPts: 18832092.226658 nextFramePts: 18818800.000000 -> diff: 13292.226658  render: true forceNext: false
2026-02-15 13:33:45.510 T:8572    debug <avtiming>: CRenderManager::PrepareNextRender: frameOnScreen: 18797051.054905 renderPts: 18863717.726658 nextFramePts: 18852166.000000 -> diff: 11551.726658  render: true forceNext: false
2026-02-15 13:33:45.539 T:8572    debug <avtiming>: CRenderManager::PrepareNextRender: frameOnScreen: 18827323.354905 renderPts: 18893990.026658 nextFramePts: 18885533.000000 -> diff: 8457.026658  render: true forceNext: false
2026-02-15 13:33:45.571 T:8572    debug <avtiming>: CRenderManager::PrepareNextRender: frameOnScreen: 18859889.254905 renderPts: 18926555.926658 nextFramePts: 18918900.000000 -> diff: 7655.926658  render: true forceNext: false
2026-02-15 13:33:45.602 T:8572    debug <avtiming>: CRenderManager::PrepareNextRender: frameOnScreen: 18890985.454905 renderPts: 18957652.126658 nextFramePts: 18952266.000000 -> diff: 5386.126658  render: true forceNext: false
2026-02-15 13:33:45.632 T:8572    debug <avtiming>: CRenderManager::PrepareNextRender: frameOnScreen: 18921907.654905 renderPts: 18988574.326658 nextFramePts: 18985633.000000 -> diff: 2941.326658  render: true forceNext: false
2026-02-15 13:33:45.663 T:8572    debug <avtiming>: CRenderManager::PrepareNextRender: frameOnScreen: 18953717.254905 renderPts: 19020383.926658 nextFramePts: 19019000.000000 -> diff: 1383.926658  render: true forceNext: false
2026-02-15 13:33:45.694 T:8572    debug <avtiming>: CRenderManager::PrepareNextRender: frameOnScreen: 18983791.154905 renderPts: 19050457.826658 nextFramePts: 19052366.000000 -> diff: -1908.173342  render: false forceNext: false
2026-02-15 13:33:45.725 T:8572    debug <avtiming>: CRenderManager::PrepareNextRender: frameOnScreen: 19016044.954905 renderPts: 19082711.626658 nextFramePts: 19085733.000000 -> diff: -3021.373342  render: false forceNext: false
2026-02-15 13:33:45.732 T:8860    debug <general>: CPtsTracker: detected pattern of length 1: 33366.67, frameduration: 33366.666667
2026-02-15 13:33:45.742 T:8572    debug <avtiming>: CRenderManager::PrepareNextRender: frameOnScreen: 19032298.454905 renderPts: 19098965.126658 nextFramePts: 19085733.000000 -> diff: 13232.126658  render: true forceNext: false
2026-02-15 13:33:45.773 T:8572    debug <avtiming>: CRenderManager::PrepareNextRender: frameOnScreen: 19063361.054905 renderPts: 19130027.726658 nextFramePts: 19119100.000000 -> diff: 10927.726658  render: true forceNext: false
2026-02-15 13:33:45.803 T:8572    debug <avtiming>: CRenderManager::PrepareNextRender: frameOnScreen: 19094093.354905 renderPts: 19160760.026658 nextFramePts: 19152466.000000 -> diff: 8294.026658  render: true forceNext: false
2026-02-15 13:33:45.849 T:8572    debug <avtiming>: CRenderManager::PrepareNextRender: frameOnScreen: 19140810.154905 renderPts: 19207476.826658 nextFramePts: 19185833.000000 -> diff: 21643.826658  render: true forceNext: false
2026-02-15 13:33:45.896 T:8572    debug <avtiming>: CRenderManager::PrepareNextRender: frameOnScreen: 19186804.854905 renderPts: 19253471.526658 nextFramePts: 19219200.000000 -> diff: 34271.526658  render: true forceNext: false
2026-02-15 13:33:45.936 T:8572    debug <avtiming>: CRenderManager::PrepareNextRender: frameOnScreen: 19226369.154905 renderPts: 19293035.826658 nextFramePts: 19252566.000000 -> diff: 40469.826658  render: true forceNext: false
2026-02-15 13:33:45.960 T:8572    debug <avtiming>: CRenderManager::PrepareNextRender: frameOnScreen: 19250104.054905 renderPts: 19316770.726658 nextFramePts: 19285933.000000 -> diff: 30837.726658  render: true forceNext: false
2026-02-15 13:33:45.990 T:8572    debug <avtiming>: CRenderManager::PrepareNextRender: frameOnScreen: 19281352.454905 renderPts: 19348019.126658 nextFramePts: 19319300.000000 -> diff: 28719.126658  render: true forceNext: false
2026-02-15 13:33:46.021 T:8572    debug <avtiming>: CRenderManager::PrepareNextRender: frameOnScreen: 19312609.454905 renderPts: 19379276.126658 nextFramePts: 19352666.000000 -> diff: 26610.126658  render: true forceNext: false
2026-02-15 13:33:46.052 T:8572    debug <avtiming>: CRenderManager::PrepareNextRender: frameOnScreen: 19344137.654905 renderPts: 19410804.326658 nextFramePts: 19386033.000000 -> diff: 24771.326658  render: true forceNext: false
2026-02-15 13:33:46.082 T:8572    debug <avtiming>: CRenderManager::PrepareNextRender: frameOnScreen: 19375283.754905 renderPts: 19441950.426658 nextFramePts: 19419400.000000 -> diff: 22550.426658  render: true forceNext: false
2026-02-15 13:33:46.091 T:8860    debug <general>: CPtsTracker: pattern lost on diff 100100.000000, number of losses 3
2026-02-15 13:33:46.129 T:8572    debug <avtiming>: CRenderManager::PrepareNextRender: frameOnScreen: 19422014.954905 renderPts: 19488681.626658 nextFramePts: 19452766.000000 -> diff: 35915.626658  render: true forceNext: false
2026-02-15 13:33:46.139 T:8860    debug <video>: CVideoPlayerVideo::CalcDropRequirement - dropped in decoder, lateframes: 0, Bufferlevel: 4, dropped: 2
2026-02-15 13:33:46.160 T:8572    debug <avtiming>: CRenderManager::PrepareNextRender: frameOnScreen: 19453287.854905 renderPts: 19519954.526658 nextFramePts: 19519500.000000 -> diff: 454.526658  render: true forceNext: false
2026-02-15 13:33:46.191 T:8572    debug <avtiming>: CRenderManager::PrepareNextRender: frameOnScreen: 19485124.454905 renderPts: 19551791.126658 nextFramePts: 19552866.000000 -> diff: -1074.873342  render: false forceNext: false
2026-02-15 13:33:46.222 T:8572    debug <avtiming>: CRenderManager::PrepareNextRender: frameOnScreen: 19515881.854905 renderPts: 19582548.526658 nextFramePts: 19586233.000000 -> diff: -3684.473342  render: false forceNext: false
2026-02-15 13:33:46.253 T:8572    debug <avtiming>: CRenderManager::PrepareNextRender: frameOnScreen: 19547596.754905 renderPts: 19614263.426658 nextFramePts: 19586233.000000 -> diff: 28030.426658  render: true forceNext: false
2026-02-15 13:33:46.269 T:8572    debug <avtiming>: CRenderManager::PrepareNextRender: frameOnScreen: 19563351.354905 renderPts: 19630018.026658 nextFramePts: 19686333.000000 -> diff: -56314.973342  render: false forceNext: false
2026-02-15 13:33:46.300 T:8572    debug <avtiming>: CRenderManager::PrepareNextRender: frameOnScreen: 19594438.354905 renderPts: 19661105.026658 nextFramePts: 19686333.000000 -> diff: -25227.973342  render: false forceNext: false
2026-02-15 13:33:46.330 T:8572    debug <avtiming>: CRenderManager::PrepareNextRender: frameOnScreen: 19625335.354905 renderPts: 19692002.026658 nextFramePts: 19686333.000000 -> diff: 5669.026658  render: true forceNext: false
2026-02-15 13:33:46.361 T:8572    debug <avtiming>: CRenderManager::PrepareNextRender: frameOnScreen: 19656317.954905 renderPts: 19722984.626658 nextFramePts: 19719700.000000 -> diff: 3284.626658  render: true forceNext: false
2026-02-15 13:33:46.392 T:8572    debug <avtiming>: CRenderManager::PrepareNextRender: frameOnScreen: 19687982.654905 renderPts: 19754649.326658 nextFramePts: 19753066.000000 -> diff: 1583.326658  render: true forceNext: false
2026-02-15 13:33:46.422 T:8572    debug <avtiming>: CRenderManager::PrepareNextRender: frameOnScreen: 19718882.454905 renderPts: 19785549.126658 nextFramePts: 19786433.000000 -> diff: -883.873342  render: false forceNext: false
2026-02-15 13:33:46.448 T:8572    debug <avtiming>: CRenderManager::PrepareNextRender: frameOnScreen: 19743706.354905 renderPts: 19810373.026658 nextFramePts: 19819800.000000 -> diff: -9426.973342  render: false forceNext: false
2026-02-15 13:33:46.455 T:8572    debug <avtiming>: CRenderManager::PrepareNextRender: frameOnScreen: 19749783.054905 renderPts: 19816449.726658 nextFramePts: 19819800.000000 -> diff: -3350.273342  render: false forceNext: false
2026-02-15 13:33:46.485 T:8572    debug <avtiming>: CRenderManager::PrepareNextRender: frameOnScreen: 19780770.054905 renderPts: 19847436.726658 nextFramePts: 19853166.000000 -> diff: -5729.273342  render: false forceNext: false
2026-02-15 13:33:46.502 T:8572    debug <avtiming>: CRenderManager::PrepareNextRender: frameOnScreen: 19797138.254905 renderPts: 19863804.926658 nextFramePts: 19853166.000000 -> diff: 10638.926658  render: true forceNext: false
2026-02-15 13:33:46.532 T:8572    debug <avtiming>: CRenderManager::PrepareNextRender: frameOnScreen: 19828499.654905 renderPts: 19895166.326658 nextFramePts: 19886533.000000 -> diff: 8633.326658  render: true forceNext: false
2026-02-15 13:33:46.548 T:8572    debug <avtiming>: CRenderManager::PrepareNextRender: frameOnScreen: 19843933.854905 renderPts: 19910600.526658 nextFramePts: 19919900.000000 -> diff: -9299.473342  render: false forceNext: false
2026-02-15 13:33:46.564 T:8572    debug <avtiming>: CRenderManager::PrepareNextRender: frameOnScreen: 19859563.354905 renderPts: 19926230.026658 nextFramePts: 19953266.000000 -> diff: -27035.973342  render: false forceNext: false
2026-02-15 13:33:46.596 T:8572    debug <avtiming>: CRenderManager::PrepareNextRender: frameOnScreen: 19891664.154905 renderPts: 19958330.826658 nextFramePts: 19953266.000000 -> diff: 5064.826658  render: true forceNext: false
2026-02-15 13:33:46.612 T:8572    debug <avtiming>: CRenderManager::PrepareNextRender: frameOnScreen: 19906750.554905 renderPts: 19973417.226658 nextFramePts: 19986633.000000 -> diff: -13215.773342  render: false forceNext: false
2026-02-15 13:33:46.643 T:8572    debug <avtiming>: CRenderManager::PrepareNextRender: frameOnScreen: 19938255.054905 renderPts: 20004921.726658 nextFramePts: 20020000.000000 -> diff: -15078.273342  render: false forceNext: false
2026-02-15 13:33:46.658 T:8572    debug <avtiming>: CRenderManager::PrepareNextRender: frameOnScreen: 19952888.654905 renderPts: 20019555.326658 nextFramePts: 20020000.000000 -> diff: -444.673342  render: false forceNext: false
2026-02-15 13:33:46.674 T:8572    debug <avtiming>: CRenderManager::PrepareNextRender: frameOnScreen: 19968485.154905 renderPts: 20035151.826658 nextFramePts: 20053366.000000 -> diff: -18214.173342  render: false forceNext: false
2026-02-15 13:33:46.690 T:8572    debug <avtiming>: CRenderManager::PrepareNextRender: frameOnScreen: 19984322.954905 renderPts: 20050989.626658 nextFramePts: 20053366.000000 -> diff: -2376.373342  render: false forceNext: false
2026-02-15 13:33:46.721 T:8572    debug <avtiming>: CRenderManager::PrepareNextRender: frameOnScreen: 20015773.754905 renderPts: 20082440.426658 nextFramePts: 20086733.000000 -> diff: -4292.573342  render: false forceNext: false
2026-02-15 13:33:46.752 T:8572    debug <avtiming>: CRenderManager::PrepareNextRender: frameOnScreen: 20047301.754905 renderPts: 20113968.426658 nextFramePts: 20086733.000000 -> diff: 27235.426658  render: true forceNext: false
2026-02-15 13:33:46.768 T:8572    debug <avtiming>: CRenderManager::PrepareNextRender: frameOnScreen: 20062907.954905 renderPts: 20129574.626658 nextFramePts: 20120100.000000 -> diff: 9474.626658  render: true forceNext: false
2026-02-15 13:33:46.800 T:8572    debug <avtiming>: CRenderManager::PrepareNextRender: frameOnScreen: 20095167.054905 renderPts: 20161833.726658 nextFramePts: 20153466.000000 -> diff: 8367.726658  render: true forceNext: false
2026-02-15 13:33:46.829 T:8572    debug <avtiming>: CRenderManager::PrepareNextRender: frameOnScreen: 20125196.254905 renderPts: 20191862.926658 nextFramePts: 20186833.000000 -> diff: 5029.926658  render: true forceNext: false
2026-02-15 13:33:46.861 T:8572    debug <avtiming>: CRenderManager::PrepareNextRender: frameOnScreen: 20157163.954905 renderPts: 20223830.626658 nextFramePts: 20220200.000000 -> diff: 3630.626658  render: true forceNext: false
2026-02-15 13:33:46.876 T:8572    debug <avtiming>: CRenderManager::PrepareNextRender: frameOnScreen: 20171893.154905 renderPts: 20238559.826658 nextFramePts: 20253566.000000 -> diff: -15006.173342  render: false forceNext: false
2026-02-15 13:33:46.907 T:8572    debug <avtiming>: CRenderManager::PrepareNextRender: frameOnScreen: 20203245.854905 renderPts: 20269912.526658 nextFramePts: 20286933.000000 -> diff: -17020.473342  render: false forceNext: false
2026-02-15 13:33:46.939 T:8572    debug <avtiming>: CRenderManager::PrepareNextRender: frameOnScreen: 20234933.354905 renderPts: 20301600.026658 nextFramePts: 20286933.000000 -> diff: 14667.026658  render: true forceNext: false
2026-02-15 13:33:46.978 T:8572    debug <avtiming>: CRenderManager::PrepareNextRender: frameOnScreen: 20273703.354905 renderPts: 20340370.026658 nextFramePts: 20320300.000000 -> diff: 20070.026658  render: true forceNext: false
2026-02-15 13:33:47.000 T:8572    debug <avtiming>: CRenderManager::PrepareNextRender: frameOnScreen: 20296831.854905 renderPts: 20363498.526658 nextFramePts: 20353666.000000 -> diff: 9832.526658  render: true forceNext: false
2026-02-15 13:33:47.031 T:8572    debug <avtiming>: CRenderManager::PrepareNextRender: frameOnScreen: 20328449.754905 renderPts: 20395116.426658 nextFramePts: 20387033.000000 -> diff: 8083.426658  render: true forceNext: false
2026-02-15 13:33:47.062 T:8572    debug <avtiming>: CRenderManager::PrepareNextRender: frameOnScreen: 20359808.454905 renderPts: 20426475.126658 nextFramePts: 20420400.000000 -> diff: 6075.126658  render: true forceNext: false
2026-02-15 13:33:47.109 T:8572    debug <avtiming>: CRenderManager::PrepareNextRender: frameOnScreen: 20406173.554905 renderPts: 20472840.226658 nextFramePts: 20453766.000000 -> diff: 19074.226658  render: true forceNext: false
2026-02-15 13:33:47.139 T:8572    debug <avtiming>: CRenderManager::PrepareNextRender: frameOnScreen: 20437358.354905 renderPts: 20504025.026658 nextFramePts: 20487133.000000 -> diff: 16892.026658  render: true forceNext: false
2026-02-15 13:33:47.170 T:8572    debug <avtiming>: CRenderManager::PrepareNextRender: frameOnScreen: 20469021.854905 renderPts: 20535688.526658 nextFramePts: 20520500.000000 -> diff: 15188.526658  render: true forceNext: false
2026-02-15 13:33:47.216 T:8572    debug <avtiming>: CRenderManager::PrepareNextRender: frameOnScreen: 20515611.854905 renderPts: 20582278.526658 nextFramePts: 20553866.000000 -> diff: 28412.526658  render: true forceNext: false
2026-02-15 13:33:47.247 T:8572    debug <avtiming>: CRenderManager::PrepareNextRender: frameOnScreen: 20547200.554905 renderPts: 20613867.226658 nextFramePts: 20587233.000000 -> diff: 26634.226658  render: true forceNext: false
2026-02-15 13:33:47.279 T:8572    debug <avtiming>: CRenderManager::PrepareNextRender: frameOnScreen: 20578592.854905 renderPts: 20645259.526658 nextFramePts: 20620600.000000 -> diff: 24659.526658  render: true forceNext: false
2026-02-15 13:33:47.309 T:8572    debug <avtiming>: CRenderManager::PrepareNextRender: frameOnScreen: 20610208.354905 renderPts: 20676875.026658 nextFramePts: 20653966.000000 -> diff: 22909.026658  render: true forceNext: false
2026-02-15 13:33:47.340 T:8572    debug <avtiming>: CRenderManager::PrepareNextRender: frameOnScreen: 20640055.054905 renderPts: 20706721.726658 nextFramePts: 20687333.000000 -> diff: 19388.726658  render: true forceNext: false
2026-02-15 13:33:47.373 T:8572    debug <avtiming>: CRenderManager::PrepareNextRender: frameOnScreen: 20672864.754905 renderPts: 20739531.426658 nextFramePts: 20720700.000000 -> diff: 18831.426658  render: true forceNext: false
2026-02-15 13:33:47.402 T:8572    debug <avtiming>: CRenderManager::PrepareNextRender: frameOnScreen: 20703208.154905 renderPts: 20769874.826658 nextFramePts: 20754066.000000 -> diff: 15808.826658  render: true forceNext: false
2026-02-15 13:33:47.448 T:8572    debug <avtiming>: CRenderManager::PrepareNextRender: frameOnScreen: 20749439.754905 renderPts: 20816106.426658 nextFramePts: 20787433.000000 -> diff: 28673.426658  render: true forceNext: false
2026-02-15 13:33:47.457 T:2500    debug <general>: DVDNAV_HIGHLIGHT: Highlight button 8
2026-02-15 13:33:47.457 T:2500    debug <general>:  - DVDNAV_VTS_CHANGE (HOLDING)
2026-02-15 13:33:47.457 T:2500     info <general>: VideoPlayer: next stream, wait for old streams to be finished
2026-02-15 13:33:47.457 T:2500     info <general>: Closing stream player 1
2026-02-15 13:33:47.457 T:2500     info <general>: CDVDMessageQueue(audio)::WaitUntilEmpty
2026-02-15 13:33:47.489 T:8572    debug <avtiming>: CRenderManager::PrepareNextRender: frameOnScreen: 20790452.854905 renderPts: 20857119.526658 nextFramePts: 20820800.000000 -> diff: 36319.526658  render: true forceNext: false
2026-02-15 13:33:47.511 T:8572    debug <avtiming>: CRenderManager::PrepareNextRender: frameOnScreen: 20812665.654905 renderPts: 20879332.326658 nextFramePts: 20854166.000000 -> diff: 25166.326658  render: true forceNext: false
2026-02-15 13:33:47.541 T:8572    debug <avtiming>: CRenderManager::PrepareNextRender: frameOnScreen: 20842938.854905 renderPts: 20909605.526658 nextFramePts: 20887533.000000 -> diff: 22072.526658  render: true forceNext: false
2026-02-15 13:33:47.573 T:8572    debug <avtiming>: CRenderManager::PrepareNextRender: frameOnScreen: 20875520.854905 renderPts: 20942187.526658 nextFramePts: 20920900.000000 -> diff: 21287.526658  render: true forceNext: false
2026-02-15 13:33:47.603 T:8572    debug <avtiming>: CRenderManager::PrepareNextRender: frameOnScreen: 20906527.154905 renderPts: 20973193.826658 nextFramePts: 20954266.000000 -> diff: 18927.826658  render: true forceNext: false
2026-02-15 13:33:47.650 T:8572    debug <avtiming>: CRenderManager::PrepareNextRender: frameOnScreen: 20952773.554905 renderPts: 21019440.226658 nextFramePts: 20987633.000000 -> diff: 31807.226658  render: true forceNext: false
2026-02-15 13:33:47.696 T:8572    debug <avtiming>: CRenderManager::PrepareNextRender: frameOnScreen: 20999710.954905 renderPts: 21066377.626658 nextFramePts: 21021000.000000 -> diff: 45377.626658  render: true forceNext: false
2026-02-15 13:33:47.744 T:8572    debug <avtiming>: CRenderManager::PrepareNextRender: frameOnScreen: 21047011.354905 renderPts: 21113678.026658 nextFramePts: 21087733.000000 -> diff: 25945.026658  render: true forceNext: false
2026-02-15 13:33:47.775 T:8572    debug <avtiming>: CRenderManager::PrepareNextRender: frameOnScreen: 21078505.654905 renderPts: 21145172.326658 nextFramePts: 21121100.000000 -> diff: 24072.326658  render: true forceNext: false
2026-02-15 13:33:47.821 T:8572    debug <avtiming>: CRenderManager::PrepareNextRender: frameOnScreen: 21124654.954905 renderPts: 21191321.626658 nextFramePts: 21154466.000000 -> diff: 36855.626658  render: true forceNext: false
2026-02-15 13:33:47.852 T:8572    debug <avtiming>: CRenderManager::PrepareNextRender: frameOnScreen: 21156458.454905 renderPts: 21223125.126658 nextFramePts: 21187833.000000 -> diff: 35292.126658  render: true forceNext: false
2026-02-15 13:33:47.884 T:8572    debug <avtiming>: CRenderManager::PrepareNextRender: frameOnScreen: 21187624.454905 renderPts: 21254291.126658 nextFramePts: 21221200.000000 -> diff: 33091.126658  render: true forceNext: false
2026-02-15 13:33:47.916 T:8572    debug <avtiming>: CRenderManager::PrepareNextRender: frameOnScreen: 21217998.754905 renderPts: 21284665.426658 nextFramePts: 21254566.000000 -> diff: 30099.426658  render: true forceNext: false
2026-02-15 13:33:47.948 T:8572    debug <avtiming>: CRenderManager::PrepareNextRender: frameOnScreen: 21250193.254905 renderPts: 21316859.926658 nextFramePts: 21287933.000000 -> diff: 28926.926658  render: true forceNext: false
2026-02-15 13:33:47.978 T:8572    debug <avtiming>: CRenderManager::PrepareNextRender: frameOnScreen: 21280575.654905 renderPts: 21347242.326658 nextFramePts: 21321300.000000 -> diff: 25942.326658  render: true forceNext: false
2026-02-15 13:33:48.017 T:8572    debug <avtiming>: CRenderManager::PrepareNextRender: frameOnScreen: 21319623.554905 renderPts: 21386290.226658 nextFramePts: 21354666.000000 -> diff: 31624.226658  render: true forceNext: false
2026-02-15 13:33:48.019 T:8860    debug <video>: CVideoPlayerVideo::CalcDropRequirement - dropped in decoder, lateframes: 1, Bufferlevel: 5, dropped: 2
2026-02-15 13:33:48.056 T:8572    debug <avtiming>: CRenderManager::PrepareNextRender: frameOnScreen: 21358845.954905 renderPts: 21425512.626658 nextFramePts: 21388033.000000 -> diff: 37479.626658  render: true forceNext: false
2026-02-15 13:33:48.103 T:8572    debug <avtiming>: CRenderManager::PrepareNextRender: frameOnScreen: 21405553.954905 renderPts: 21472220.626658 nextFramePts: 21454766.000000 -> diff: 17454.626658  render: true forceNext: false
2026-02-15 13:33:48.150 T:8572    debug <avtiming>: CRenderManager::PrepareNextRender: frameOnScreen: 21452746.554905 renderPts: 21519413.226658 nextFramePts: 21488133.000000 -> diff: 31280.226658  render: true forceNext: false
2026-02-15 13:33:48.182 T:8572    debug <avtiming>: CRenderManager::PrepareNextRender: frameOnScreen: 21483646.554905 renderPts: 21550313.226658 nextFramePts: 21588233.000000 -> diff: -37919.773342  render: false forceNext: false
2026-02-15 13:33:48.213 T:8572    debug <avtiming>: CRenderManager::PrepareNextRender: frameOnScreen: 21515761.754905 renderPts: 21582428.426658 nextFramePts: 21588233.000000 -> diff: -5804.573342  render: false forceNext: false
2026-02-15 13:33:48.261 T:8572    debug <avtiming>: CRenderManager::PrepareNextRender: frameOnScreen: 21562499.454905 renderPts: 21629166.126658 nextFramePts: 21621600.000000 -> diff: 7566.126658  render: true forceNext: false
2026-02-15 13:33:48.292 T:8572    debug <avtiming>: CRenderManager::PrepareNextRender: frameOnScreen: 21594142.654905 renderPts: 21660809.326658 nextFramePts: 21654966.000000 -> diff: 5843.326658  render: true forceNext: false
2026-02-15 13:33:48.322 T:8572    debug <avtiming>: CRenderManager::PrepareNextRender: frameOnScreen: 21625729.354905 renderPts: 21692396.026658 nextFramePts: 21688333.000000 -> diff: 4063.026658  render: true forceNext: false
2026-02-15 13:33:48.353 T:8572    debug <avtiming>: CRenderManager::PrepareNextRender: frameOnScreen: 21656814.954905 renderPts: 21723481.626658 nextFramePts: 21721700.000000 -> diff: 1781.626658  render: true forceNext: false
2026-02-15 13:33:48.399 T:8572    debug <avtiming>: CRenderManager::PrepareNextRender: frameOnScreen: 21702622.754905 renderPts: 21769289.426658 nextFramePts: 21755066.000000 -> diff: 14223.426658  render: true forceNext: false
2026-02-15 13:33:48.430 T:8572    debug <avtiming>: CRenderManager::PrepareNextRender: frameOnScreen: 21734469.954905 renderPts: 21801136.626658 nextFramePts: 21788433.000000 -> diff: 12703.626658  render: true forceNext: false
2026-02-15 13:33:48.461 T:8572    debug <avtiming>: CRenderManager::PrepareNextRender: frameOnScreen: 21765896.354905 renderPts: 21832563.026658 nextFramePts: 21821800.000000 -> diff: 10763.026658  render: true forceNext: false
2026-02-15 13:33:48.492 T:8572    debug <avtiming>: CRenderManager::PrepareNextRender: frameOnScreen: 21797491.754905 renderPts: 21864158.426658 nextFramePts: 21855166.000000 -> diff: 8992.426658  render: true forceNext: false
2026-02-15 13:33:48.531 T:8572    debug <avtiming>: CRenderManager::PrepareNextRender: frameOnScreen: 21836953.854905 renderPts: 21903620.526658 nextFramePts: 21888533.000000 -> diff: 15087.526658  render: true forceNext: false
2026-02-15 13:33:48.569 T:8572    debug <avtiming>: CRenderManager::PrepareNextRender: frameOnScreen: 21874257.254905 renderPts: 21940923.926658 nextFramePts: 21921900.000000 -> diff: 19023.926658  render: true forceNext: false
2026-02-15 13:33:48.601 T:8572    debug <avtiming>: CRenderManager::PrepareNextRender: frameOnScreen: 21906764.054905 renderPts: 21973430.726658 nextFramePts: 21955266.000000 -> diff: 18164.726658  render: true forceNext: false
2026-02-15 13:33:48.631 T:8572    debug <avtiming>: CRenderManager::PrepareNextRender: frameOnScreen: 21937753.454905 renderPts: 22004420.126658 nextFramePts: 21988633.000000 -> diff: 15787.126658  render: true forceNext: false
2026-02-15 13:33:48.663 T:8572    debug <avtiming>: CRenderManager::PrepareNextRender: frameOnScreen: 21969603.754905 renderPts: 22036270.426658 nextFramePts: 22022000.000000 -> diff: 14270.426658  render: true forceNext: false
2026-02-15 13:33:48.695 T:8572    debug <avtiming>: CRenderManager::PrepareNextRender: frameOnScreen: 21999600.954905 renderPts: 22066267.626658 nextFramePts: 22055366.000000 -> diff: 10901.626658  render: true forceNext: false
2026-02-15 13:33:48.742 T:8572    debug <avtiming>: CRenderManager::PrepareNextRender: frameOnScreen: 22047079.354905 renderPts: 22113746.026658 nextFramePts: 22088733.000000 -> diff: 25013.026658  render: true forceNext: false
2026-02-15 13:33:48.773 T:8572    debug <avtiming>: CRenderManager::PrepareNextRender: frameOnScreen: 22078389.454905 renderPts: 22145056.126658 nextFramePts: 22122100.000000 -> diff: 22956.126658  render: true forceNext: false
2026-02-15 13:33:48.804 T:8572    debug <avtiming>: CRenderManager::PrepareNextRender: frameOnScreen: 22110276.554905 renderPts: 22176943.226658 nextFramePts: 22155466.000000 -> diff: 21477.226658  render: true forceNext: false
2026-02-15 13:33:48.835 T:8572    debug <avtiming>: CRenderManager::PrepareNextRender: frameOnScreen: 22141238.254905 renderPts: 22207904.926658 nextFramePts: 22188833.000000 -> diff: 19071.926658  render: true forceNext: false
2026-02-15 13:33:48.851 T:8572    debug <avtiming>: CRenderManager::PrepareNextRender: frameOnScreen: 22156317.554905 renderPts: 22222984.226658 nextFramePts: 22222200.000000 -> diff: 784.226658  render: true forceNext: false
2026-02-15 13:33:48.883 T:8572    debug <avtiming>: CRenderManager::PrepareNextRender: frameOnScreen: 22187147.854905 renderPts: 22253814.526658 nextFramePts: 22255566.000000 -> diff: -1751.473342  render: false forceNext: false
2026-02-15 13:33:48.914 T:8572    debug <avtiming>: CRenderManager::PrepareNextRender: frameOnScreen: 22218862.154905 renderPts: 22285528.826658 nextFramePts: 22288933.000000 -> diff: -3404.173342  render: false forceNext: false
2026-02-15 13:33:48.960 T:8572    debug <avtiming>: CRenderManager::PrepareNextRender: frameOnScreen: 22265167.354905 renderPts: 22331834.026658 nextFramePts: 22288933.000000 -> diff: 42901.026658  render: true forceNext: false
2026-02-15 13:33:48.991 T:8572    debug <avtiming>: CRenderManager::PrepareNextRender: frameOnScreen: 22296952.354905 renderPts: 22363619.026658 nextFramePts: 22322300.000000 -> diff: 41319.026658  render: true forceNext: false
2026-02-15 13:33:49.046 T:8572    debug <avtiming>: CRenderManager::PrepareNextRender: frameOnScreen: 22350747.254905 renderPts: 22417413.926658 nextFramePts: 22355666.000000 -> diff: 61747.926658  render: true forceNext: false
2026-02-15 13:33:49.070 T:8572    debug <avtiming>: CRenderManager::PrepareNextRender: frameOnScreen: 22375110.054905 renderPts: 22441776.726658 nextFramePts: 22422400.000000 -> diff: 19376.726658  render: true forceNext: false
2026-02-15 13:33:49.102 T:8572    debug <avtiming>: CRenderManager::PrepareNextRender: frameOnScreen: 22405633.854905 renderPts: 22472300.526658 nextFramePts: 22455766.000000 -> diff: 16534.526658  render: true forceNext: false
2026-02-15 13:33:49.133 T:8572    debug <avtiming>: CRenderManager::PrepareNextRender: frameOnScreen: 22437702.054905 renderPts: 22504368.726658 nextFramePts: 22489133.000000 -> diff: 15235.726658  render: true forceNext: false
2026-02-15 13:33:49.166 T:8572    debug <avtiming>: CRenderManager::PrepareNextRender: frameOnScreen: 22469120.654905 renderPts: 22535787.326658 nextFramePts: 22522500.000000 -> diff: 13287.326658  render: true forceNext: false
2026-02-15 13:33:49.211 T:8572    debug <avtiming>: CRenderManager::PrepareNextRender: frameOnScreen: 22514894.454905 renderPts: 22581561.126658 nextFramePts: 22555866.000000 -> diff: 25695.126658  render: true forceNext: false
2026-02-15 13:33:49.258 T:8572    debug <avtiming>: CRenderManager::PrepareNextRender: frameOnScreen: 22562077.854905 renderPts: 22628744.526658 nextFramePts: 22589233.000000 -> diff: 39511.526658  render: true forceNext: false
2026-02-15 13:33:49.290 T:8572    debug <avtiming>: CRenderManager::PrepareNextRender: frameOnScreen: 22593350.154905 renderPts: 22660016.826658 nextFramePts: 22622600.000000 -> diff: 37416.826658  render: true forceNext: false
2026-02-15 13:33:49.321 T:8572    debug <avtiming>: CRenderManager::PrepareNextRender: frameOnScreen: 22625466.354905 renderPts: 22692133.026658 nextFramePts: 22655966.000000 -> diff: 36167.026658  render: true forceNext: false
2026-02-15 13:33:49.352 T:8572    debug <avtiming>: CRenderManager::PrepareNextRender: frameOnScreen: 22656988.554905 renderPts: 22723655.226658 nextFramePts: 22689333.000000 -> diff: 34322.226658  render: true forceNext: false
2026-02-15 13:33:49.399 T:8572    debug <avtiming>: CRenderManager::PrepareNextRender: frameOnScreen: 22702887.854905 renderPts: 22769554.526658 nextFramePts: 22756066.000000 -> diff: 13488.526658  render: true forceNext: false
2026-02-15 13:33:49.430 T:8572    debug <avtiming>: CRenderManager::PrepareNextRender: frameOnScreen: 22734835.654905 renderPts: 22801502.326658 nextFramePts: 22789433.000000 -> diff: 12069.326658  render: true forceNext: false
2026-02-15 13:33:49.461 T:8572    debug <avtiming>: CRenderManager::PrepareNextRender: frameOnScreen: 22765769.854905 renderPts: 22832436.526658 nextFramePts: 22822800.000000 -> diff: 9636.526658  render: true forceNext: false
2026-02-15 13:33:49.509 T:8572    debug <avtiming>: CRenderManager::PrepareNextRender: frameOnScreen: 22812599.654905 renderPts: 22879266.326658 nextFramePts: 22856166.000000 -> diff: 23100.326658  render: true forceNext: false
2026-02-15 13:33:49.540 T:8572    debug <avtiming>: CRenderManager::PrepareNextRender: frameOnScreen: 22844577.354905 renderPts: 22911244.026658 nextFramePts: 22889533.000000 -> diff: 21711.026658  render: true forceNext: false
2026-02-15 13:33:49.594 T:8572    debug <avtiming>: CRenderManager::PrepareNextRender: frameOnScreen: 22898475.154905 renderPts: 22965141.826658 nextFramePts: 22922900.000000 -> diff: 42241.826658  render: true forceNext: false
2026-02-15 13:33:49.618 T:8572    debug <avtiming>: CRenderManager::PrepareNextRender: frameOnScreen: 22921523.854905 renderPts: 22988190.526658 nextFramePts: 22956266.000000 -> diff: 31924.526658  render: true forceNext: false
2026-02-15 13:33:49.664 T:8572    debug <avtiming>: CRenderManager::PrepareNextRender: frameOnScreen: 22968230.454905 renderPts: 23034897.126658 nextFramePts: 22989633.000000 -> diff: 45264.126658  render: true forceNext: false
2026-02-15 13:33:49.711 T:8572    debug <avtiming>: CRenderManager::PrepareNextRender: frameOnScreen: 23015535.954905 renderPts: 23082202.626658 nextFramePts: 23023000.000000 -> diff: 59202.626658  render: true forceNext: false
2026-02-15 13:33:49.743 T:8572    debug <avtiming>: CRenderManager::PrepareNextRender: frameOnScreen: 23047840.354905 renderPts: 23114507.026658 nextFramePts: 23089733.000000 -> diff: 24774.026658  render: true forceNext: false
2026-02-15 13:33:49.788 T:8572    debug <avtiming>: CRenderManager::PrepareNextRender: frameOnScreen: 23093135.054905 renderPts: 23159801.726658 nextFramePts: 23123100.000000 -> diff: 36701.726658  render: true forceNext: false
2026-02-15 13:33:49.819 T:8572    debug <avtiming>: CRenderManager::PrepareNextRender: frameOnScreen: 23125359.654905 renderPts: 23192026.326658 nextFramePts: 23189833.000000 -> diff: 2193.326658  render: true forceNext: false
2026-02-15 13:33:49.850 T:8572    debug <avtiming>: CRenderManager::PrepareNextRender: frameOnScreen: 23156479.854905 renderPts: 23223146.526658 nextFramePts: 23223200.000000 -> diff: -53.473342  render: false forceNext: false
2026-02-15 13:33:49.884 T:8572    debug <avtiming>: CRenderManager::PrepareNextRender: frameOnScreen: 23189604.954905 renderPts: 23256271.626658 nextFramePts: 23256566.000000 -> diff: -294.373342  render: false forceNext: false
2026-02-15 13:33:49.929 T:8572    debug <avtiming>: CRenderManager::PrepareNextRender: frameOnScreen: 23234596.654905 renderPts: 23301263.326658 nextFramePts: 23256566.000000 -> diff: 44697.326658  render: true forceNext: false
2026-02-15 13:33:49.975 T:8572    debug <avtiming>: CRenderManager::PrepareNextRender: frameOnScreen: 23280586.354905 renderPts: 23347253.026658 nextFramePts: 23289933.000000 -> diff: 57320.026658  render: true forceNext: false
2026-02-15 13:33:50.022 T:8572    debug <avtiming>: CRenderManager::PrepareNextRender: frameOnScreen: 23327547.554905 renderPts: 23394214.226658 nextFramePts: 23356666.000000 -> diff: 37548.226658  render: true forceNext: false
2026-02-15 13:33:50.069 T:8572    debug <avtiming>: CRenderManager::PrepareNextRender: frameOnScreen: 23374402.754905 renderPts: 23441069.426658 nextFramePts: 23390033.000000 -> diff: 51036.426658  render: true forceNext: false
2026-02-15 13:33:50.109 T:8572    debug <avtiming>: CRenderManager::PrepareNextRender: frameOnScreen: 23414911.154905 renderPts: 23481577.826658 nextFramePts: 23456766.000000 -> diff: 24811.826658  render: true forceNext: false
2026-02-15 13:33:50.131 T:8572    debug <avtiming>: CRenderManager::PrepareNextRender: frameOnScreen: 23437569.054905 renderPts: 23504235.726658 nextFramePts: 23490133.000000 -> diff: 14102.726658  render: true forceNext: false
2026-02-15 13:33:50.162 T:8572    debug <avtiming>: CRenderManager::PrepareNextRender: frameOnScreen: 23468896.954905 renderPts: 23535563.626658 nextFramePts: 23523500.000000 -> diff: 12063.626658  render: true forceNext: false
2026-02-15 13:33:50.208 T:8572    debug <avtiming>: CRenderManager::PrepareNextRender: frameOnScreen: 23515304.654905 renderPts: 23581971.326658 nextFramePts: 23556866.000000 -> diff: 25105.326658  render: true forceNext: false
2026-02-15 13:33:50.240 T:8572    debug <avtiming>: CRenderManager::PrepareNextRender: frameOnScreen: 23546190.154905 renderPts: 23612856.826658 nextFramePts: 23590233.000000 -> diff: 22623.826658  render: true forceNext: false
2026-02-15 13:33:50.272 T:8572    debug <avtiming>: CRenderManager::PrepareNextRender: frameOnScreen: 23578899.854905 renderPts: 23645566.526658 nextFramePts: 23623600.000000 -> diff: 21966.526658  render: true forceNext: false
2026-02-15 13:33:50.303 T:8572    debug <avtiming>: CRenderManager::PrepareNextRender: frameOnScreen: 23610304.554905 renderPts: 23676971.226658 nextFramePts: 23656966.000000 -> diff: 20005.226658  render: true forceNext: false
2026-02-15 13:33:50.349 T:8572    debug <avtiming>: CRenderManager::PrepareNextRender: frameOnScreen: 23656176.254905 renderPts: 23722842.926658 nextFramePts: 23690333.000000 -> diff: 32509.926658  render: true forceNext: false
2026-02-15 13:33:50.381 T:8572    debug <avtiming>: CRenderManager::PrepareNextRender: frameOnScreen: 23687186.354905 renderPts: 23753853.026658 nextFramePts: 23723700.000000 -> diff: 30153.026658  render: true forceNext: false
2026-02-15 13:33:50.413 T:8572    debug <avtiming>: CRenderManager::PrepareNextRender: frameOnScreen: 23719759.454905 renderPts: 23786426.126658 nextFramePts: 23757066.000000 -> diff: 29360.126658  render: true forceNext: false
2026-02-15 13:33:50.429 T:8572    debug <avtiming>: CRenderManager::PrepareNextRender: frameOnScreen: 23734930.154905 renderPts: 23801596.826658 nextFramePts: 23790433.000000 -> diff: 11163.826658  render: true forceNext: false
2026-02-15 13:33:50.461 T:8572    debug <avtiming>: CRenderManager::PrepareNextRender: frameOnScreen: 23766391.854905 renderPts: 23833058.526658 nextFramePts: 23823800.000000 -> diff: 9258.526658  render: true forceNext: false
2026-02-15 13:33:50.492 T:8572    debug <avtiming>: CRenderManager::PrepareNextRender: frameOnScreen: 23797760.754905 renderPts: 23864427.426658 nextFramePts: 23857166.000000 -> diff: 7261.426658  render: true forceNext: false
2026-02-15 13:33:50.521 T:8572    debug <avtiming>: CRenderManager::PrepareNextRender: frameOnScreen: 23828313.054905 renderPts: 23894979.726658 nextFramePts: 23890533.000000 -> diff: 4446.726658  render: true forceNext: false
2026-02-15 13:33:50.551 T:8572    debug <avtiming>: CRenderManager::PrepareNextRender: frameOnScreen: 23858682.254905 renderPts: 23925348.926658 nextFramePts: 23923900.000000 -> diff: 1448.926658  render: true forceNext: false
2026-02-15 13:33:50.567 T:8572    debug <avtiming>: CRenderManager::PrepareNextRender: frameOnScreen: 23874336.854905 renderPts: 23941003.526658 nextFramePts: 23957266.000000 -> diff: -16262.473342  render: false forceNext: false
2026-02-15 13:33:50.584 T:8572    debug <avtiming>: CRenderManager::PrepareNextRender: frameOnScreen: 23890406.454905 renderPts: 23957073.126658 nextFramePts: 23990633.000000 -> diff: -33559.873342  render: false forceNext: false
2026-02-15 13:33:50.638 T:8572    debug <avtiming>: CRenderManager::PrepareNextRender: frameOnScreen: 23944999.554905 renderPts: 24011666.226658 nextFramePts: 23990633.000000 -> diff: 21033.226658  render: true forceNext: false
2026-02-15 13:33:50.662 T:8572    debug <avtiming>: CRenderManager::PrepareNextRender: frameOnScreen: 23968776.454905 renderPts: 24035443.126658 nextFramePts: 24024000.000000 -> diff: 11443.126658  render: true forceNext: false
2026-02-15 13:33:50.693 T:8572    debug <avtiming>: CRenderManager::PrepareNextRender: frameOnScreen: 23999297.654905 renderPts: 24065964.326658 nextFramePts: 24057366.000000 -> diff: 8598.326658  render: true forceNext: false
2026-02-15 13:33:50.725 T:8572    debug <avtiming>: CRenderManager::PrepareNextRender: frameOnScreen: 24031530.554905 renderPts: 24098197.226658 nextFramePts: 24090733.000000 -> diff: 7464.226658  render: true forceNext: false
2026-02-15 13:33:50.756 T:8572    debug <avtiming>: CRenderManager::PrepareNextRender: frameOnScreen: 24063084.854905 renderPts: 24129751.526658 nextFramePts: 24124100.000000 -> diff: 5651.526658  render: true forceNext: false
2026-02-15 13:33:50.801 T:8572    debug <avtiming>: CRenderManager::PrepareNextRender: frameOnScreen: 24109066.154905 renderPts: 24175732.826658 nextFramePts: 24157466.000000 -> diff: 18266.826658  render: true forceNext: false
2026-02-15 13:33:50.832 T:8572    debug <avtiming>: CRenderManager::PrepareNextRender: frameOnScreen: 24140744.454905 renderPts: 24207411.126658 nextFramePts: 24190833.000000 -> diff: 16578.126658  render: true forceNext: false
2026-02-15 13:33:50.864 T:8572    debug <avtiming>: CRenderManager::PrepareNextRender: frameOnScreen: 24172252.154905 renderPts: 24238918.826658 nextFramePts: 24224200.000000 -> diff: 14718.826658  render: true forceNext: false
2026-02-15 13:33:50.899 T:9448    debug <general>: CVideoPlayerAudio - CDVDMsg::GENERAL_SYNCHRONIZE
2026-02-15 13:33:50.899 T:2500     info <general>: Waiting for audio thread to exit
2026-02-15 13:33:50.899 T:9448     info <general>: thread end: CVideoPlayerAudio::OnExit()
2026-02-15 13:33:50.899 T:9448    debug <general>: Thread VideoPlayerAudio 9448 terminating
2026-02-15 13:33:50.899 T:2500     info <general>: Closing audio device
2026-02-15 13:33:50.910 T:8572    debug <avtiming>: CRenderManager::PrepareNextRender: frameOnScreen: 24218303.054905 renderPts: 24284969.726658 nextFramePts: 24257566.000000 -> diff: 27403.726658  render: true forceNext: false
2026-02-15 13:33:50.941 T:8572    debug <avtiming>: CRenderManager::PrepareNextRender: frameOnScreen: 24250649.754905 renderPts: 24317316.426658 nextFramePts: 24290933.000000 -> diff: 26383.426658  render: true forceNext: false
2026-02-15 13:33:50.972 T:8572    debug <avtiming>: CRenderManager::PrepareNextRender: frameOnScreen: 24281391.454905 renderPts: 24348058.126658 nextFramePts: 24324300.000000 -> diff: 23758.126658  render: true forceNext: false
2026-02-15 13:33:50.989 T:8572    debug <avtiming>: CRenderManager::PrepareNextRender: frameOnScreen: 24297462.554905 renderPts: 24364129.226658 nextFramePts: 24357666.000000 -> diff: 6463.226658  render: true forceNext: false
2026-02-15 13:33:51.019 T:8572    debug <avtiming>: CRenderManager::PrepareNextRender: frameOnScreen: 24328524.654905 renderPts: 24395191.326658 nextFramePts: 24391033.000000 -> diff: 4158.326658  render: true forceNext: false
2026-02-15 13:33:51.035 T:8572    debug <avtiming>: CRenderManager::PrepareNextRender: frameOnScreen: 24343600.854905 renderPts: 24410267.526658 nextFramePts: 24424400.000000 -> diff: -14132.473342  render: false forceNext: false
2026-02-15 13:33:51.067 T:8572    debug <avtiming>: CRenderManager::PrepareNextRender: frameOnScreen: 24375222.154905 renderPts: 24441888.826658 nextFramePts: 24457766.000000 -> diff: -15877.173342  render: false forceNext: false
2026-02-15 13:33:51.113 T:8572    debug <avtiming>: CRenderManager::PrepareNextRender: frameOnScreen: 24421311.754905 renderPts: 24487978.426658 nextFramePts: 24457766.000000 -> diff: 30212.426658  render: true forceNext: false
2026-02-15 13:33:51.152 T:8572    debug <avtiming>: CRenderManager::PrepareNextRender: frameOnScreen: 24461467.754905 renderPts: 24528134.426658 nextFramePts: 24491133.000000 -> diff: 37001.426658  render: true forceNext: false
2026-02-15 13:33:51.190 T:8572    debug <avtiming>: CRenderManager::PrepareNextRender: frameOnScreen: 24499338.554905 renderPts: 24566005.226658 nextFramePts: 24524500.000000 -> diff: 41505.226658  render: true forceNext: false
2026-02-15 13:33:51.208 T:8572    debug <avtiming>: CRenderManager::PrepareNextRender: frameOnScreen: 24516662.454905 renderPts: 24583329.126658 nextFramePts: 24557866.000000 -> diff: 25463.126658  render: true forceNext: false
2026-02-15 13:33:51.237 T:8572    debug <avtiming>: CRenderManager::PrepareNextRender: frameOnScreen: 24547301.254905 renderPts: 24613967.926658 nextFramePts: 24591233.000000 -> diff: 22734.926658  render: true forceNext: false
2026-02-15 13:33:51.269 T:8572    debug <avtiming>: CRenderManager::PrepareNextRender: frameOnScreen: 24579585.254905 renderPts: 24646251.926658 nextFramePts: 24624600.000000 -> diff: 21651.926658  render: true forceNext: false
2026-02-15 13:33:51.299 T:8572    debug <avtiming>: CRenderManager::PrepareNextRender: frameOnScreen: 24608911.654905 renderPts: 24675578.326658 nextFramePts: 24657966.000000 -> diff: 17612.326658  render: true forceNext: false
2026-02-15 13:33:51.317 T:5384    debug <general>: ffmpeg[0x1ea181b9bd0]: [SWR] Using s16p internally between filters
2026-02-15 13:33:51.317 T:5384    debug <general>: CActiveAE::DiscardStream - audio stream deleted
2026-02-15 13:33:51.317 T:5384    debug <general>: CActiveAE::ClearDiscardedBuffers - buffer pool deleted
2026-02-15 13:33:51.317 T:5384    debug <general>: ffmpeg[0x1ea181b9bd0]: [SWR] Using s16p internally between filters
2026-02-15 13:33:51.317 T:5384    debug <general>: CActiveAE::ClearDiscardedBuffers - buffer pool deleted
2026-02-15 13:33:51.318 T:5384    debug <general>: ffmpeg[0x1ea181b9bd0]: [SWR] Using s16p internally between filters
2026-02-15 13:33:51.318 T:2500     info <general>: Deleting audio codec
2026-02-15 13:33:51.318 T:2500     info <general>: Closing stream player 2
2026-02-15 13:33:51.318 T:2500     info <general>: CDVDMessageQueue(video)::WaitUntilEmpty
2026-02-15 13:33:51.331 T:8572    debug <avtiming>: CRenderManager::PrepareNextRender: frameOnScreen: 24641082.354905 renderPts: 24707749.026658 nextFramePts: 24691333.000000 -> diff: 16416.026658  render: true forceNext: false
2026-02-15 13:33:51.339 T:5384    debug <general>: ffmpeg[0x1ea181b9bd0]: [SWR] Using s16p internally between filters
2026-02-15 13:33:51.343 T:8572    debug <avtiming>: CRenderManager::PrepareNextRender: frameOnScreen: 24653886.354905 renderPts: 24720553.026658 nextFramePts: 24724700.000000 -> diff: -4146.973342  render: false forceNext: false
2026-02-15 13:33:51.357 T:5384    debug <general>: ffmpeg[0x1ea181b9bd0]: [SWR] Using s16p internally between filters
2026-02-15 13:33:51.361 T:8572    debug <avtiming>: CRenderManager::PrepareNextRender: frameOnScreen: 24671781.854905 renderPts: 24738448.526658 nextFramePts: 24758066.000000 -> diff: -19617.473342  render: false forceNext: false
2026-02-15 13:33:51.377 T:5384    debug <general>: ffmpeg[0x1ea181b9bd0]: [SWR] Using s16p internally between filters
2026-02-15 13:33:51.392 T:8572    debug <avtiming>: CRenderManager::PrepareNextRender: frameOnScreen: 24703984.754905 renderPts: 24770651.426658 nextFramePts: 24758066.000000 -> diff: 12585.426658  render: true forceNext: false
2026-02-15 13:33:51.400 T:5384    debug <general>: ffmpeg[0x1ea181b9bd0]: [SWR] Using s16p internally between filters
2026-02-15 13:33:51.422 T:8572    debug <avtiming>: Skipped 1 duplicate messages..
2026-02-15 13:33:51.422 T:8572    debug <avtiming>: CRenderManager::PrepareNextRender: frameOnScreen: 24734665.954905 renderPts: 24801332.626658 nextFramePts: 24791433.000000 -> diff: 9899.626658  render: true forceNext: false
2026-02-15 13:33:51.437 T:5384    debug <general>: ffmpeg[0x1ea181b9bd0]: [SWR] Using s16p internally between filters
2026-02-15 13:33:51.438 T:8572    debug <avtiming>: CRenderManager::PrepareNextRender: frameOnScreen: 24750125.454905 renderPts: 24816792.126658 nextFramePts: 24824800.000000 -> diff: -8007.873342  render: false forceNext: false
2026-02-15 13:33:51.457 T:5384    debug <general>: ffmpeg[0x1ea181b9bd0]: [SWR] Using s16p internally between filters
2026-02-15 13:33:51.470 T:8572    debug <avtiming>: CRenderManager::PrepareNextRender: frameOnScreen: 24781484.754905 renderPts: 24848151.426658 nextFramePts: 24858166.000000 -> diff: -10014.573342  render: false forceNext: false
2026-02-15 13:33:51.471 T:8860    debug <general>: CDVDVideoCodecFFmpeg::GetPicture - eof
2026-02-15 13:33:51.471 T:8860    debug <general>: CVideoPlayerVideo - CDVDMsg::GENERAL_SYNCHRONIZE
2026-02-15 13:33:51.471 T:2500     info <general>: waiting for video thread to exit
2026-02-15 13:33:51.471 T:8860     info <general>: thread end: video_thread
2026-02-15 13:33:51.471 T:8860    debug <general>: Thread VideoPlayerVideo 8860 terminating
2026-02-15 13:33:51.472 T:2500     info <general>: deleting video codec
2026-02-15 13:33:51.478 T:5384    debug <general>: ffmpeg[0x1ea181b9bd0]: [SWR] Using s16p internally between filters
2026-02-15 13:33:51.479 T:2500     info <general>: Creating Demuxer
2026-02-15 13:33:51.479 T:2500    debug <general>: DVDNAV_VTS_CHANGE
2026-02-15 13:33:51.479 T:2500     info <general>: CDVDInputStreamNavigator::GetVideoAspectRatio - Aspect wanted: 0, Scale permissions: 3
2026-02-15 13:33:51.479 T:2500     info <general>: Skipped 1 duplicate messages..
2026-02-15 13:33:51.479 T:2500    debug <general>: CDVDInputStreamNavigator::ProcessBlock - Cell change: Title 0, Chapter 3
2026-02-15 13:33:51.479 T:2500    debug <general>: CDVDInputStreamNavigator::ProcessBlock - At position 0% inside the feature
2026-02-15 13:33:51.479 T:2500    debug <general>: DVDNAV_CELL_CHANGE
2026-02-15 13:33:51.479 T:2500    debug <general>: DVDNAV_NAV_PACKET - DISCONTINUITY FROM:25305633 TO:280633 DIFF:-25025000
2026-02-15 13:33:51.479 T:2500    debug <general>: CDVDDemuxFFmpeg::Open - avformat_find_stream_info starting
2026-02-15 13:33:51.480 T:2500    debug <general>: ffmpeg[0x1ea239b58b0]: [mpeg] Before avformat_find_stream_info() pos: 0 bytes read:2048 seeks:0 nb_streams:0
2026-02-15 13:33:51.480 T:2500    debug <general>: ffmpeg[0x1ea239b58b0]: [mpeg] probing stream 0 pp:2500
2026-02-15 13:33:51.480 T:2500    debug <general>: ffmpeg[0x1ea239b58b0]: Probing mp3 score:1 size:2012
2026-02-15 13:33:51.480 T:2500    debug <general>: ffmpeg[0x1ea239b58b0]: Probing mpegvideo score:25 size:2012
2026-02-15 13:33:51.480 T:2500    debug <general>: ffmpeg[0x1ea239b58b0]: [mpeg] Probe with size=2012, packets=1 detected mpegvideo with score=25
2026-02-15 13:33:51.480 T:2500    debug <general>: ffmpeg[0x1ea239b58b0]: [mpeg] probed stream 0
2026-02-15 13:33:51.482 T:2500    debug <general>: ffmpeg[0x1ea239b58b0]: [mpeg2video] Format yuv420p chosen by get_format().
2026-02-15 13:33:51.482 T:2500    debug <general>:  - DVDNAV_WAIT (HOLDING)
2026-02-15 13:33:51.482 T:2500    debug <general>: ffmpeg[0x1ea239b58b0]: [mpeg] stream 0: start_time: 0.280633 duration: NOPTS
2026-02-15 13:33:51.482 T:2500    debug <general>: ffmpeg[0x1ea239b58b0]: [mpeg] stream 1: start_time: 0.280633 duration: NOPTS
2026-02-15 13:33:51.482 T:2500    debug <general>: ffmpeg[0x1ea239b58b0]: [mpeg] format: start_time: 0.280633 duration: NOPTS (estimate from bit rate) bitrate=8000 kb/s
2026-02-15 13:33:51.482 T:2500    debug <general>: ffmpeg[0x1ea239b58b0]: [mpeg] After avformat_find_stream_info() pos: 126976 bytes read:126976 seeks:0 frames:2
2026-02-15 13:33:51.482 T:2500    debug <general>: CDVDDemuxFFmpeg::Open - av_find_stream_info finished
2026-02-15 13:33:51.482 T:2500     info <general>: ffmpeg[0x1ea239b58b0]: Input #0, mpeg, from 'nfs://192.168.1.20/volume1/iso/01/か/Kalafina/[2009-03-04] Seventh Heaven (DVD)/dvd_video.iso':
2026-02-15 13:33:51.482 T:2500     info <general>: ffmpeg[0x1ea239b58b0]:   Duration: N/A, start: 0.280633, bitrate: 8000 kb/s
2026-02-15 13:33:51.483 T:2500     info <general>: ffmpeg[0x1ea239b58b0]:   Stream #0:0[0x1e0], 1, 1/90000: Video: mpeg2video (Main), yuv420p(tv, progressive), 720x480 [SAR 8:9 DAR 4:3], 8000 kb/s, 59.94 tbr, 90k tbn, start 0.280633
2026-02-15 13:33:51.483 T:2500     info <general>: ffmpeg[0x1ea239b58b0]:     Side data:
2026-02-15 13:33:51.483 T:2500     info <general>: ffmpeg[0x1ea239b58b0]:       cpb: bitrate max/min/avg: 8000000/0/0 buffer size: 1835008 vbv_delay: N/A
2026-02-15 13:33:51.483 T:2500     info <general>: ffmpeg[0x1ea239b58b0]:   Stream #0:1[0x20], 1, 1/90000: Subtitle: dvd_subtitle (dvdsub), start 0.280633
2026-02-15 13:33:51.483 T:2500    debug <general>: CDVDDemuxFFmpeg::AddStream ID: 0
2026-02-15 13:33:51.483 T:2500    debug <general>: CDVDDemuxFFmpeg::AddStream ID: 1
2026-02-15 13:33:51.483 T:2500     info <general>: CDVDInputStreamNavigator::GetVideoAspectRatio - Aspect wanted: 0, Scale permissions: 3
2026-02-15 13:33:51.483 T:2500     info <general>: Opening stream: 1 source: 256
2026-02-15 13:33:51.483 T:2500    debug <general>: CVideoPlayer::ProcessSubData: Got complete SPU packet
2026-02-15 13:33:51.483 T:2500     info <general>: Opening stream: 0 source: 256
2026-02-15 13:33:51.483 T:2500     info <general>: CDVDInputStreamNavigator::GetVideoAspectRatio - Aspect wanted: 0, Scale permissions: 3
2026-02-15 13:33:51.483 T:2500     info <general>: Creating video codec with codec id: 2
2026-02-15 13:33:51.483 T:2500     info <general>: CDVDVideoCodecFFmpeg::Open() Using codec: MPEG-2 video
2026-02-15 13:33:51.483 T:2500    debug <general>: CDVDVideoCodecFFmpeg - Updated codec: ff-mpeg2video
2026-02-15 13:33:51.483 T:2500    debug <general>: CVideoPlayerVideo::OpenStream - open stream with codec id: 2
2026-02-15 13:33:51.483 T:2500     info <general>: Creating video thread
2026-02-15 13:33:51.483 T:9992    debug <general>: Thread VideoPlayerVideo start, auto delete: false
2026-02-15 13:33:51.484 T:9992     info <general>: running thread: video_thread
2026-02-15 13:33:51.484 T:9992    debug <general>: CVideoPlayerVideo - CDVDMsg::GENERAL_PAUSE: false
2026-02-15 13:33:51.484 T:2500    debug <general>: CEdl::ReadEditDecisionLists: Checking for edit decision lists (EDL) for: nfs://192.168.1.20/volume1/iso/01/か/Kalafina/[2009-03-04] Seventh Heaven (DVD)/dvd_video.iso
2026-02-15 13:33:51.489 T:2500    debug <general>: CCBitstreamParserFactory: Creating MPEG2CCBitstreamParser
2026-02-15 13:33:51.492 T:9992    debug <general>: CVideoPlayerVideo - Stillframe left, switching to normal playback
2026-02-15 13:33:51.493 T:9992    debug <video>: CVideoPlayerVideo::CalcDropRequirement - hurry: 0
2026-02-15 13:33:51.493 T:9992    debug <general>: DXVA: open decoder.
2026-02-15 13:33:51.493 T:9992     info <general>: DXVA::CContext::CreateContext: creating discrete d3d11va device for decoding.
2026-02-15 13:33:51.497 T:5384    debug <general>: ffmpeg[0x1ea181b9bd0]: [SWR] Using s16p internally between filters
2026-02-15 13:33:51.509 T:5384    debug <general>: Skipped 1 duplicate messages..
2026-02-15 13:33:51.509 T:5384    debug <general>: CActiveAE::ClearDiscardedBuffers - buffer pool deleted
2026-02-15 13:33:51.509 T:5384    debug <general>: ffmpeg[0x1ea181b9bd0]: [SWR] Using s16p internally between filters
2026-02-15 13:33:51.550 T:9992  warning <general>: DXVA::CContext::CreateContext: unable to create device for decoding, fallback to using app device. Error 0x887A0004 DXGI_ERROR_UNSUPPORTED (指定されたデバイス インターフェイスまたは機能レベルがこのシステムでサポートされていません。)
2026-02-15 13:33:51.551 T:9992  warning <general>: DXVA::CContext::CreateContext: failed to get Video Device and Context.
2026-02-15 13:33:51.551 T:9992     info <general>: DXVA: closing decoder context.
2026-02-15 13:33:51.551 T:9992    debug <general>: DXVA::CDecoder::~CDecoder: destructing decoder, 0x1ea18aa6a50.
2026-02-15 13:33:51.551 T:9992    debug <general>: ffmpeg[0x1ea2321fe30]: [mpeg2video] Format yuv420p chosen by get_format().
2026-02-15 13:33:51.556 T:9992     info <general>: CDVDVideoCodecFFmpeg::Open() Using codec: MPEG-2 video
2026-02-15 13:33:51.556 T:9992    debug <general>: CDVDVideoCodecFFmpeg - open frame threaded with 12 threads
2026-02-15 13:33:51.560 T:9992    debug <general>: CDVDVideoCodecFFmpeg - Updated codec: ff-mpeg2video
2026-02-15 13:33:51.560 T:9992    debug <video>: CVideoPlayerVideo::CalcDropRequirement - hurry: 0
2026-02-15 13:33:51.560 T:9992    debug <general>: ffmpeg[0x1ea2321fe30]: [mpeg2video] Format yuv420p chosen by get_format().
2026-02-15 13:33:51.589 T:2500    debug <general>: CVideoPlayer::HandleMessages - player 2 reported state: 0
2026-02-15 13:33:51.589 T:2500    debug <general>: DVDNAV_STILL_FRAME - waiting 255 sec, with delay of 0 msec
2026-02-15 13:33:51.683 T:5384    debug <general>: ActiveAE::CActiveAE::ConfigureLowLatency: Low latency mode: true - Initial buffer level: 20ms (resample: false)
2026-02-15 13:33:51.683 T:5384    debug <general>: CActiveAE::ClearDiscardedBuffers - buffer pool deleted
2026-02-15 13:33:51.728 T:9992    debug <general>: CRenderManager::Configure - change configuration. 720x480. display: 640x480. framerate: 59.94.
2026-02-15 13:33:51.734 T:8572    debug <general>: CRenderManager::DeleteRenderer - deleting renderer
2026-02-15 13:33:51.735 T:8572    debug <general>: DX::DeviceResources::SetHdrColorSpace: DXGI SetColorSpace1 RGB_FULL_G22_NONE_P709 success
2026-02-15 13:33:51.737 T:8572    debug <general>: CWinRenderer::SelectRenderer: requested render method: 0
2026-02-15 13:33:51.737 T:8572  warning <general>: CRendererDXVA::GetWeight: Texture format NV12 is not supported.
2026-02-15 13:33:51.737 T:8572    debug <general>: CWinRenderer::SelectRenderer: selected render method: Pixel Shaders
2026-02-15 13:33:51.737 T:8572    debug <general>: CWIN32Util::GetWindowsHDRStatus: Display is not HDR capable or cannot be detected
2026-02-15 13:33:51.737 T:8572    debug <general>: CRendererBase::CreateIntermediateTarget: creating intermediate target 720x480 format R16G16B16A16_FLOAT.
2026-02-15 13:33:51.741 T:8572    debug <general>: CRenderManager::Configure - 6
2026-02-15 13:33:51.741 T:8572    debug <general>: CWIN32Util::GetWindowsHDRStatus: Display is not HDR capable or cannot be detected
2026-02-15 13:33:51.741 T:8572    debug <avtiming>: CRenderManager::PrepareNextRender: frameOnScreen: 25053310.954905 renderPts: 25119977.626658 nextFramePts: 25025000.000000 -> diff: 94977.626658  render: true forceNext: true
2026-02-15 13:33:51.741 T:8572    debug <general>: CWinShader::LoadEffect: loading shader special://xbmc/system/shaders/output_d3d.fx
2026-02-15 13:33:51.743 T:9992    debug <general>: CDVDVideoCodecFFmpeg::GetPicture - eof
2026-02-15 13:33:51.743 T:9992    debug <general>: CVideoPlayerVideo - Stillframe detected, switching to forced 59.940060 fps
2026-02-15 13:33:51.756 T:8572    debug <general>: CWinShader::LoadEffect: loading shader special://xbmc/system/shaders/yuv2rgb_d3d.fx
2026-02-15 13:33:51.791 T:2500    debug <general>: CVideoPlayer::HandleMessages - player started 2
2026-02-15 13:33:51.791 T:3360    debug <general>: CApplicationPlayerCallback::OnAVChange: call
2026-02-15 13:33:51.791 T:2500    debug <general>: VideoPlayer::Sync - Video - pts: 25041683.333333, cache: 50000.000000, totalcache: 100000.000000
2026-02-15 13:33:51.791 T:2500  warning <general>: CDVDMessageQueue(audio)::Put MSGQ_NOT_INITIALIZED
2026-02-15 13:33:51.791 T:9992    debug <general>: CVideoPlayerVideo - CDVDMsg::GENERAL_RESYNC(24941683.333333)
2026-02-15 13:33:51.813 T:8572    debug <avtiming>: CRenderManager::PrepareNextRender: frameOnScreen: 24963799.833333 renderPts: 25030466.505086 nextFramePts: 25108416.666667 -> diff: -77950.161580  render: false forceNext: false
2026-02-15 13:33:51.823 T:6628    debug <database>: CVideoDatabase::GetMovieId: (nfs://192.168.1.20/volume1/iso/01/か/Kalafina/[2009-03-04] Seventh Heaven (DVD)/dvd_video.iso), query = SELECT idMedia FROM videoversion WHERE idFile = 4 AND media_type = 'movie' AND itemType = 1
2026-02-15 13:33:51.823 T:6628    debug <database>: CVideoDatabase::GetEpisodeId: (nfs://192.168.1.20/volume1/iso/01/か/Kalafina/[2009-03-04] Seventh Heaven (DVD)/dvd_video.iso), query = select idEpisode from episode where idFile=4
2026-02-15 13:33:51.823 T:6628    debug <database>: CVideoDatabase::GetMusicVideoId: (nfs://192.168.1.20/volume1/iso/01/か/Kalafina/[2009-03-04] Seventh Heaven (DVD)/dvd_video.iso), query = select idMVideo from musicvideo where idFile=4
2026-02-15 13:33:51.824 T:6628  warning <announce>: ANNOUNCEMENT::CAnnouncementManager::DoAnnounce: CAnnouncementManager - Announcement: OnAVChange from xbmc
2026-02-15 13:33:51.843 T:8572    debug <avtiming>: CRenderManager::PrepareNextRender: frameOnScreen: 24995290.833333 renderPts: 25061957.505086 nextFramePts: 25108416.666667 -> diff: -46459.161580  render: false forceNext: false
2026-02-15 13:33:51.875 T:8572    debug <avtiming>: CRenderManager::PrepareNextRender: frameOnScreen: 25026000.433333 renderPts: 25092667.105086 nextFramePts: 25108416.666667 -> diff: -15749.561580  render: false forceNext: false
2026-02-15 13:33:51.892 T:8572    debug <avtiming>: CRenderManager::PrepareNextRender: frameOnScreen: 25042974.633333 renderPts: 25109641.305086 nextFramePts: 24941683.333333 -> diff: 167957.971753  render: true forceNext: false
2026-02-15 13:33:51.923 T:8572    debug <avtiming>: CRenderManager::PrepareNextRender: frameOnScreen: 25073528.533333 renderPts: 25140195.205086 nextFramePts: 25008416.666667 -> diff: 131778.538420  render: true forceNext: false
2026-02-15 13:33:51.954 T:8572    debug <avtiming>: CRenderManager::PrepareNextRender: frameOnScreen: 25104751.733333 renderPts: 25171418.405086 nextFramePts: 25041783.333333 -> diff: 129635.071753  render: true forceNext: false
2026-02-15 13:33:51.970 T:8572    debug <avtiming>: CRenderManager::PrepareNextRender: frameOnScreen: 25120166.533333 renderPts: 25186833.205086 nextFramePts: 25075150.000000 -> diff: 111683.205086  render: true forceNext: false
2026-02-15 13:33:52.001 T:8572    debug <avtiming>: CRenderManager::PrepareNextRender: frameOnScreen: 25151816.133333 renderPts: 25218482.805086 nextFramePts: 25091833.333333 -> diff: 126649.471753  render: true forceNext: false
2026-02-15 13:33:52.031 T:8572    debug <avtiming>: CRenderManager::PrepareNextRender: frameOnScreen: 25182767.733333 renderPts: 25249434.405086 nextFramePts: 25125200.000000 -> diff: 124234.405086  render: true forceNext: false
2026-02-15 13:33:52.062 T:8572    debug <avtiming>: CRenderManager::PrepareNextRender: frameOnScreen: 25213731.633333 renderPts: 25280398.305086 nextFramePts: 25158566.666667 -> diff: 121831.638420  render: true forceNext: false
2026-02-15 13:33:52.108 T:8572    debug <avtiming>: CRenderManager::PrepareNextRender: frameOnScreen: 25259825.333333 renderPts: 25326492.005086 nextFramePts: 25175250.000000 -> diff: 151242.005086  render: true forceNext: false
2026-02-15 13:33:52.141 T:8572    debug <avtiming>: CRenderManager::PrepareNextRender: frameOnScreen: 25290969.533333 renderPts: 25357636.205086 nextFramePts: 25225300.000000 -> diff: 132336.205086  render: true forceNext: false
2026-02-15 13:33:52.172 T:8572    debug <avtiming>: CRenderManager::PrepareNextRender: frameOnScreen: 25323008.033333 renderPts: 25389674.705086 nextFramePts: 25258666.666667 -> diff: 131008.038420  render: true forceNext: false
2026-02-15 13:33:52.211 T:8572    debug <avtiming>: CRenderManager::PrepareNextRender: frameOnScreen: 25362792.633333 renderPts: 25429459.305086 nextFramePts: 25292033.333333 -> diff: 137425.971753  render: true forceNext: false
2026-02-15 13:33:52.233 T:8572    debug <avtiming>: CRenderManager::PrepareNextRender: frameOnScreen: 25384819.733333 renderPts: 25451486.405086 nextFramePts: 25325400.000000 -> diff: 126086.405086  render: true forceNext: false
2026-02-15 13:33:52.279 T:8572    debug <avtiming>: CRenderManager::PrepareNextRender: frameOnScreen: 25431963.333333 renderPts: 25498630.005086 nextFramePts: 25358766.666667 -> diff: 139863.338420  render: true forceNext: false
2026-02-15 13:33:52.310 T:8572    debug <avtiming>: CRenderManager::PrepareNextRender: frameOnScreen: 25463895.433333 renderPts: 25530562.105086 nextFramePts: 25392133.333333 -> diff: 138428.771753  render: true forceNext: false
2026-02-15 13:33:52.342 T:8572    debug <avtiming>: CRenderManager::PrepareNextRender: frameOnScreen: 25494864.433333 renderPts: 25561531.105086 nextFramePts: 25425500.000000 -> diff: 136031.105086  render: true forceNext: false
2026-02-15 13:33:52.374 T:8572    debug <avtiming>: CRenderManager::PrepareNextRender: frameOnScreen: 25525687.833333 renderPts: 25592354.505086 nextFramePts: 25458866.666667 -> diff: 133487.838420  render: true forceNext: false
2026-02-15 13:33:52.420 T:8572    debug <avtiming>: CRenderManager::PrepareNextRender: frameOnScreen: 25572613.533333 renderPts: 25639280.205086 nextFramePts: 25492233.333333 -> diff: 147046.871753  render: true forceNext: false
2026-02-15 13:33:52.452 T:8572    debug <avtiming>: CRenderManager::PrepareNextRender: frameOnScreen: 25603752.533333 renderPts: 25670419.205086 nextFramePts: 25542283.333333 -> diff: 128135.871753  render: true forceNext: false
2026-02-15 13:33:52.469 T:8572    debug <avtiming>: CRenderManager::PrepareNextRender: frameOnScreen: 25619684.633333 renderPts: 25686351.305086 nextFramePts: 25575650.000000 -> diff: 110701.305086  render: true forceNext: false
2026-02-15 13:33:52.500 T:8572    debug <avtiming>: CRenderManager::PrepareNextRender: frameOnScreen: 25651686.733333 renderPts: 25718353.405086 nextFramePts: 25592333.333333 -> diff: 126020.071753  render: true forceNext: false
2026-02-15 13:33:52.532 T:8572    debug <avtiming>: CRenderManager::PrepareNextRender: frameOnScreen: 25682201.733333 renderPts: 25748868.405086 nextFramePts: 25609016.666667 -> diff: 139851.738420  render: true forceNext: false
2026-02-15 13:33:52.563 T:8572    debug <avtiming>: CRenderManager::PrepareNextRender: frameOnScreen: 25714154.233333 renderPts: 25780820.905086 nextFramePts: 25642383.333333 -> diff: 138437.571753  render: true forceNext: false
2026-02-15 13:33:52.593 T:8572    debug <avtiming>: CRenderManager::PrepareNextRender: frameOnScreen: 25744080.533333 renderPts: 25810747.205086 nextFramePts: 25675750.000000 -> diff: 134997.205086  render: true forceNext: false
2026-02-15 13:33:52.640 T:8572    debug <avtiming>: CRenderManager::PrepareNextRender: frameOnScreen: 25791140.033333 renderPts: 25857806.705086 nextFramePts: 25709116.666667 -> diff: 148690.038420  render: true forceNext: false
2026-02-15 13:33:52.672 T:8572    debug <avtiming>: CRenderManager::PrepareNextRender: frameOnScreen: 25823317.333333 renderPts: 25889984.005086 nextFramePts: 25759166.666667 -> diff: 130817.338420  render: true forceNext: false
2026-02-15 13:33:52.703 T:8572    debug <avtiming>: CRenderManager::PrepareNextRender: frameOnScreen: 25854955.633333 renderPts: 25921622.305086 nextFramePts: 25792533.333333 -> diff: 129088.971753  render: true forceNext: false
2026-02-15 13:33:52.741 T:8572    debug <avtiming>: CRenderManager::PrepareNextRender: frameOnScreen: 25893874.133333 renderPts: 25960540.805086 nextFramePts: 25825900.000000 -> diff: 134640.805086  render: true forceNext: false
2026-02-15 13:33:52.765 T:8572    debug <avtiming>: CRenderManager::PrepareNextRender: frameOnScreen: 25916306.533333 renderPts: 25982973.205086 nextFramePts: 25859266.666667 -> diff: 123706.538420  render: true forceNext: false
2026-02-15 13:33:52.812 T:8572    debug <avtiming>: CRenderManager::PrepareNextRender: frameOnScreen: 25963319.033333 renderPts: 26029985.705086 nextFramePts: 25875950.000000 -> diff: 154035.705086  render: true forceNext: false
2026-02-15 13:33:52.858 T:8572    debug <avtiming>: CRenderManager::PrepareNextRender: frameOnScreen: 26010238.733333 renderPts: 26076905.405086 nextFramePts: 25926000.000000 -> diff: 150905.405086  render: true forceNext: false
2026-02-15 13:33:52.890 T:8572    debug <avtiming>: CRenderManager::PrepareNextRender: frameOnScreen: 26041111.933333 renderPts: 26107778.605086 nextFramePts: 25976050.000000 -> diff: 131728.605086  render: true forceNext: false
2026-02-15 13:33:52.922 T:8572    debug <avtiming>: CRenderManager::PrepareNextRender: frameOnScreen: 26073098.433333 renderPts: 26139765.105086 nextFramePts: 26009416.666667 -> diff: 130348.438420  render: true forceNext: false
2026-02-15 13:33:52.953 T:8572    debug <avtiming>: CRenderManager::PrepareNextRender: frameOnScreen: 26105000.133333 renderPts: 26171666.805086 nextFramePts: 26026100.000000 -> diff: 145566.805086  render: true forceNext: false
2026-02-15 13:33:52.983 T:8572    debug <avtiming>: CRenderManager::PrepareNextRender: frameOnScreen: 26134708.033333 renderPts: 26201374.705086 nextFramePts: 26059466.666667 -> diff: 141908.038420  render: true forceNext: false
2026-02-15 13:33:53.031 T:8572    debug <avtiming>: CRenderManager::PrepareNextRender: frameOnScreen: 26182230.533333 renderPts: 26248897.205086 nextFramePts: 26092833.333333 -> diff: 156063.871753  render: true forceNext: false
2026-02-15 13:33:53.062 T:8572    debug <avtiming>: CRenderManager::PrepareNextRender: frameOnScreen: 26212898.033333 renderPts: 26279564.705086 nextFramePts: 26142883.333333 -> diff: 136681.371753  render: true forceNext: false
2026-02-15 13:33:53.093 T:8572    debug <avtiming>: CRenderManager::PrepareNextRender: frameOnScreen: 26244808.133333 renderPts: 26311474.805086 nextFramePts: 26176250.000000 -> diff: 135224.805086  render: true forceNext: false
2026-02-15 13:33:53.125 T:8572    debug <avtiming>: CRenderManager::PrepareNextRender: frameOnScreen: 26275708.333333 renderPts: 26342375.005086 nextFramePts: 26209616.666667 -> diff: 132758.338420  render: true forceNext: false
2026-02-15 13:33:53.156 T:8572    debug <avtiming>: CRenderManager::PrepareNextRender: frameOnScreen: 26307351.133333 renderPts: 26374017.805086 nextFramePts: 26242983.333333 -> diff: 131034.471753  render: true forceNext: false
2026-02-15 13:33:53.189 T:8572    debug <avtiming>: CRenderManager::PrepareNextRender: frameOnScreen: 26339232.333333 renderPts: 26405899.005086 nextFramePts: 26259666.666667 -> diff: 146232.338420  render: true forceNext: false
2026-02-15 13:33:53.219 T:8572    debug <avtiming>: CRenderManager::PrepareNextRender: frameOnScreen: 26369835.933333 renderPts: 26436502.605086 nextFramePts: 26293033.333333 -> diff: 143469.271753  render: true forceNext: false
2026-02-15 13:33:53.258 T:8572    debug <avtiming>: CRenderManager::PrepareNextRender: frameOnScreen: 26408775.533333 renderPts: 26475442.205086 nextFramePts: 26326400.000000 -> diff: 149042.205086  render: true forceNext: false
2026-02-15 13:33:53.267 T:8572    debug <avtiming>: CRenderManager::PrepareNextRender: frameOnScreen: 26416836.033333 renderPts: 26483502.705086 nextFramePts: 26359766.666667 -> diff: 123736.038420  render: true forceNext: false
2026-02-15 13:33:53.283 T:8572    debug <avtiming>: CRenderManager::PrepareNextRender: frameOnScreen: 26432254.633333 renderPts: 26498921.305086 nextFramePts: 26376450.000000 -> diff: 122471.305086  render: true forceNext: false
2026-02-15 13:33:53.298 T:8572    debug <avtiming>: CRenderManager::PrepareNextRender: frameOnScreen: 26447405.033333 renderPts: 26514071.705086 nextFramePts: 26393133.333333 -> diff: 120938.371753  render: true forceNext: false
2026-02-15 13:33:53.330 T:8572    debug <avtiming>: CRenderManager::PrepareNextRender: frameOnScreen: 26479562.533333 renderPts: 26546229.205086 nextFramePts: 26409816.666667 -> diff: 136412.538420  render: true forceNext: false
2026-02-15 13:33:53.360 T:8572    debug <avtiming>: CRenderManager::PrepareNextRender: frameOnScreen: 26510488.633333 renderPts: 26577155.305086 nextFramePts: 26443183.333333 -> diff: 133971.971753  render: true forceNext: false
2026-02-15 13:33:53.376 T:8572    debug <avtiming>: CRenderManager::PrepareNextRender: frameOnScreen: 26526303.133333 renderPts: 26592969.805086 nextFramePts: 26476550.000000 -> diff: 116419.805086  render: true forceNext: false
2026-02-15 13:33:53.409 T:8572    debug <avtiming>: CRenderManager::PrepareNextRender: frameOnScreen: 26558529.733333 renderPts: 26625196.405086 nextFramePts: 26493233.333333 -> diff: 131963.071753  render: true forceNext: false
2026-02-15 13:33:53.440 T:8572    debug <avtiming>: CRenderManager::PrepareNextRender: frameOnScreen: 26589744.933333 renderPts: 26656411.605086 nextFramePts: 26526600.000000 -> diff: 129811.605086  render: true forceNext: false
2026-02-15 13:33:53.469 T:8572    debug <avtiming>: CRenderManager::PrepareNextRender: frameOnScreen: 26620262.733333 renderPts: 26686929.405086 nextFramePts: 26543283.333333 -> diff: 143646.071753  render: true forceNext: false
2026-02-15 13:33:53.500 T:8572    debug <avtiming>: CRenderManager::PrepareNextRender: frameOnScreen: 26651560.933333 renderPts: 26718227.605086 nextFramePts: 26576650.000000 -> diff: 141577.605086  render: true forceNext: false
2026-02-15 13:33:53.530 T:8572    debug <avtiming>: CRenderManager::PrepareNextRender: frameOnScreen: 26682527.233333 renderPts: 26749193.905086 nextFramePts: 26610016.666667 -> diff: 139177.238420  render: true forceNext: false
2026-02-15 13:33:53.561 T:8572    debug <avtiming>: CRenderManager::PrepareNextRender: frameOnScreen: 26713982.433333 renderPts: 26780649.105086 nextFramePts: 26643383.333333 -> diff: 137265.771753  render: true forceNext: false
2026-02-15 13:33:53.591 T:8572    debug <avtiming>: CRenderManager::PrepareNextRender: frameOnScreen: 26744254.833333 renderPts: 26810921.505086 nextFramePts: 26660066.666667 -> diff: 150854.838420  render: true forceNext: false
2026-02-15 13:33:53.639 T:8572    debug <avtiming>: CRenderManager::PrepareNextRender: frameOnScreen: 26791776.533333 renderPts: 26858443.205086 nextFramePts: 26693433.333333 -> diff: 165009.871753  render: true forceNext: false
2026-02-15 13:33:53.671 T:8572    debug <avtiming>: CRenderManager::PrepareNextRender: frameOnScreen: 26823919.433333 renderPts: 26890586.105086 nextFramePts: 26743483.333333 -> diff: 147102.771753  render: true forceNext: false
2026-02-15 13:33:53.702 T:8572    debug <avtiming>: CRenderManager::PrepareNextRender: frameOnScreen: 26855501.533333 renderPts: 26922168.205086 nextFramePts: 26776850.000000 -> diff: 145318.205086  render: true forceNext: false
2026-02-15 13:33:53.731 T:8572    debug <general>: Keyboard: scancode: 0x1c, sym: 0x0d (enter), unicode: 0x0d, modifier: 0x0
2026-02-15 13:33:53.732 T:8572    debug <avtiming>: CRenderManager::PrepareNextRender: frameOnScreen: 26886919.033333 renderPts: 26953585.705086 nextFramePts: 26810216.666667 -> diff: 143369.038420  render: true forceNext: false
2026-02-15 13:33:53.787 T:8572    debug <avtiming>: CRenderManager::PrepareNextRender: frameOnScreen: 26940696.433333 renderPts: 27007363.105086 nextFramePts: 26826900.000000 -> diff: 180463.105086  render: true forceNext: false
2026-02-15 13:33:53.811 T:8572    debug <avtiming>: CRenderManager::PrepareNextRender: frameOnScreen: 26965436.233333 renderPts: 27032102.905086 nextFramePts: 26893633.333333 -> diff: 138469.571753  render: true forceNext: false
2026-02-15 13:33:53.841 T:8572    debug <general>: Keyboard: scancode: 0xc01c, sym: 0x0d (enter), unicode: 0x00, modifier: 0x0
2026-02-15 13:33:53.842 T:8572    debug <general>: CInputManager::HandleKey: return (0xf00d) pressed, window 12005, action is Select
2026-02-15 13:33:53.843 T:8572    debug <avtiming>: CRenderManager::PrepareNextRender: frameOnScreen: 26998058.433333 renderPts: 27064725.105086 nextFramePts: 26910316.666667 -> diff: 154408.438420  render: true forceNext: false
2026-02-15 13:33:53.869 T:9992    debug <general>: CPtsTracker: detected pattern of length 1: 16683.33, frameduration: 16683.333333
2026-02-15 13:33:53.872 T:8572    debug <avtiming>: CRenderManager::PrepareNextRender: frameOnScreen: 27026757.333333 renderPts: 27093424.005086 nextFramePts: 26943683.333333 -> diff: 149740.671753  render: true forceNext: false
2026-02-15 13:33:53.903 T:8572    debug <avtiming>: CRenderManager::PrepareNextRender: frameOnScreen: 27058485.133333 renderPts: 27125151.805086 nextFramePts: 26977050.000000 -> diff: 148101.805086  render: true forceNext: false
2026-02-15 13:33:53.918 T:2500    debug <general>:  - button select
2026-02-15 13:33:53.918 T:2500    debug <general>: DVDNAV_HOP_CHANNEL
2026-02-15 13:33:53.918 T:2500    debug <general>: CVideoPlayer::FlushBuffers - flushing buffers
2026-02-15 13:33:53.918 T:2500  warning <general>: CDVDMessageQueue(audio)::Put MSGQ_NOT_INITIALIZED
2026-02-15 13:33:54.918 T:2500  warning <general>: Skipped 1 duplicate messages..
2026-02-15 13:33:54.918 T:2500    debug <general>: CDVDMsgGeneralSynchronize - global timeout
2026-02-15 13:33:54.918 T:2500    debug <general>: CVideoPlayer::SetCaching - caching state 2
2026-02-15 13:33:54.919 T:2500    debug <general>: CDVDClock::SetSpeedAdjust - adjusted:0.000000
2026-02-15 13:33:54.919 T:2500    debug <general>:  - DVDNAV_VTS_CHANGE (HOLDING)
2026-02-15 13:33:54.919 T:2500    debug <general>: CVideoPlayer::SetCaching - caching state 0
2026-02-15 13:33:54.919 T:2500    debug <general>: CDVDClock::SetSpeedAdjust - adjusted:0.000000
2026-02-15 13:33:54.919 T:2500     info <general>: VideoPlayer: next stream, wait for old streams to be finished
2026-02-15 13:33:54.919 T:2500     info <general>: Closing stream player 2
2026-02-15 13:33:54.919 T:9992    debug <general>: CDVDMsgGeneralSynchronize - global timeout
2026-02-15 13:33:54.919 T:9992    debug <general>: CVideoPlayerVideo - CDVDMsg::GENERAL_SYNCHRONIZE
2026-02-15 13:33:54.919 T:2500     info <general>: CDVDMessageQueue(video)::WaitUntilEmpty
2026-02-15 13:33:54.919 T:9992    debug <general>: CVideoPlayerVideo - CDVDMsg::GENERAL_SYNCHRONIZE
2026-02-15 13:33:54.919 T:9992     info <general>: thread end: video_thread
2026-02-15 13:33:54.919 T:9992    debug <general>: Thread VideoPlayerVideo 9992 terminating
2026-02-15 13:33:54.919 T:2500     info <general>: waiting for video thread to exit
2026-02-15 13:33:54.919 T:2500     info <general>: deleting video codec
2026-02-15 13:33:54.921 T:2500     info <general>: Creating Demuxer
2026-02-15 13:33:54.921 T:2500    debug <general>: DVDNAV_VTS_CHANGE
2026-02-15 13:33:54.921 T:2500     info <general>: CDVDInputStreamNavigator::GetVideoAspectRatio - Aspect wanted: 0, Scale permissions: 3
2026-02-15 13:33:54.921 T:2500     info <general>: Skipped 1 duplicate messages..
2026-02-15 13:33:54.921 T:2500    debug <general>: CDVDInputStreamNavigator::ProcessBlock - Cell change: Title 1, Chapter 1
2026-02-15 13:33:54.921 T:2500    debug <general>: CDVDInputStreamNavigator::ProcessBlock - At position 0% inside the feature
2026-02-15 13:33:54.921 T:2500    debug <general>: DVDNAV_CELL_CHANGE
2026-02-15 13:33:54.921 T:2500    debug <general>: DVDNAV_NAV_PACKET - DISCONTINUITY FROM:781133 TO:280633 DIFF:-500500
2026-02-15 13:33:54.921 T:2500    debug <general>: CDVDDemuxFFmpeg::Open - avformat_find_stream_info starting
2026-02-15 13:33:54.921 T:2500    debug <general>: ffmpeg[0x1ea239b58b0]: [mpeg] Before avformat_find_stream_info() pos: 0 bytes read:2048 seeks:0 nb_streams:0
2026-02-15 13:33:54.921 T:2500    debug <general>: ffmpeg[0x1ea239b58b0]: [mpeg] probing stream 0 pp:2500
2026-02-15 13:33:54.921 T:2500    debug <general>: ffmpeg[0x1ea239b58b0]: Probing mpegvideo score:25 size:2012
2026-02-15 13:33:54.921 T:2500    debug <general>: ffmpeg[0x1ea239b58b0]: [mpeg] Probe with size=2012, packets=1 detected mpegvideo with score=25
2026-02-15 13:33:54.921 T:2500    debug <general>: ffmpeg[0x1ea239b58b0]: [mpeg] probed stream 0
2026-02-15 13:33:54.922 T:2500    debug <general>: ffmpeg[0x1ea239b58b0]: [mpeg2video] Format yuv420p chosen by get_format().
2026-02-15 13:33:54.922 T:2500    debug <general>: ffmpeg[0x1ea239b58b0]: [mpeg] parser not found for codec pcm_dvd, packets or times may be invalid.
2026-02-15 13:33:54.922 T:2500    debug <general>: ffmpeg[0x1ea239b58b0]: [mpeg] max_analyze_duration 500000 reached at 500500 microseconds st:0
2026-02-15 13:33:54.922 T:2500    debug <general>: ffmpeg[0x1ea239b58b0]: [mpeg] stream 0: start_time: 0.280633 duration: NOPTS
2026-02-15 13:33:54.922 T:2500    debug <general>: ffmpeg[0x1ea239b58b0]: [mpeg] stream 1: start_time: 0.280633 duration: NOPTS
2026-02-15 13:33:54.922 T:2500    debug <general>: ffmpeg[0x1ea239b58b0]: [mpeg] format: start_time: 0.280633 duration: NOPTS (estimate from bit rate) bitrate=0 kb/s
2026-02-15 13:33:54.922 T:2500    debug <general>: ffmpeg[0x1ea239b58b0]: [mpeg] After avformat_find_stream_info() pos: 268288 bytes read:268288 seeks:0 frames:45
2026-02-15 13:33:54.922 T:2500    debug <general>: CDVDDemuxFFmpeg::Open - av_find_stream_info finished
2026-02-15 13:33:54.922 T:2500     info <general>: ffmpeg[0x1ea239b58b0]: Input #0, mpeg, from 'nfs://192.168.1.20/volume1/iso/01/か/Kalafina/[2009-03-04] Seventh Heaven (DVD)/dvd_video.iso':
2026-02-15 13:33:54.922 T:2500     info <general>: ffmpeg[0x1ea239b58b0]:   Duration: N/A, start: 0.280633, bitrate: N/A
2026-02-15 13:33:54.923 T:2500     info <general>: ffmpeg[0x1ea239b58b0]:   Stream #0:0[0x1e0], 17, 1/90000: Video: mpeg2video (Main), yuv420p(tv, top first), 720x480 [SAR 8:9 DAR 4:3], 29.97 fps, 29.97 tbr, 90k tbn, start 0.280633
2026-02-15 13:33:54.923 T:2500     info <general>: ffmpeg[0x1ea239b58b0]:     Side data:
2026-02-15 13:33:54.923 T:2500     info <general>: ffmpeg[0x1ea239b58b0]:       cpb: bitrate max/min/avg: 8264000/0/0 buffer size: 1835008 vbv_delay: N/A
2026-02-15 13:33:54.923 T:2500     info <general>: ffmpeg[0x1ea239b58b0]:   Stream #0:1[0xa0], 28, 1/90000: Audio: pcm_dvd, 48000 Hz, stereo, s16, 1536 kb/s, start 0.280633
2026-02-15 13:33:54.923 T:2500    debug <general>: CDVDDemuxFFmpeg::AddStream ID: 0
2026-02-15 13:33:54.923 T:2500    debug <general>: CDVDDemuxFFmpeg::AddStream ID: 1
2026-02-15 13:33:54.923 T:2500     info <general>: CDVDInputStreamNavigator::GetVideoAspectRatio - Aspect wanted: 0, Scale permissions: 3
2026-02-15 13:33:54.923 T:2500     info <general>: Opening stream: 0 source: 256
2026-02-15 13:33:54.923 T:2500     info <general>: CDVDInputStreamNavigator::GetVideoAspectRatio - Aspect wanted: 0, Scale permissions: 3
2026-02-15 13:33:54.923 T:2500     info <general>: Creating video codec with codec id: 2
2026-02-15 13:33:54.923 T:2500     info <general>: CDVDVideoCodecFFmpeg::Open() Using codec: MPEG-2 video
2026-02-15 13:33:54.923 T:2500    debug <general>: CDVDVideoCodecFFmpeg - Updated codec: ff-mpeg2video
2026-02-15 13:33:54.923 T:2500    debug <general>: CVideoPlayerVideo::OpenStream - open stream with codec id: 2
2026-02-15 13:33:54.923 T:2500     info <general>: Creating video thread
2026-02-15 13:33:54.923 T:9772    debug <general>: Thread VideoPlayerVideo start, auto delete: false
2026-02-15 13:33:54.923 T:9772     info <general>: running thread: video_thread
2026-02-15 13:33:54.923 T:9772    debug <general>: CVideoPlayerVideo - CDVDMsg::GENERAL_PAUSE: false
2026-02-15 13:33:54.923 T:2500    debug <general>: CEdl::ReadEditDecisionLists: Checking for edit decision lists (EDL) for: nfs://192.168.1.20/volume1/iso/01/か/Kalafina/[2009-03-04] Seventh Heaven (DVD)/dvd_video.iso
2026-02-15 13:33:54.923 T:2500    debug <general>: CCBitstreamParserFactory: Creating MPEG2CCBitstreamParser
2026-02-15 13:33:54.923 T:9772    debug <general>: CVideoPlayerVideo - Stillframe left, switching to normal playback
2026-02-15 13:33:54.924 T:9772    debug <video>: CVideoPlayerVideo::CalcDropRequirement - hurry: 0
2026-02-15 13:33:54.923 T:2500    debug <general>: CVideoPlayer::HandleMessages - player 2 reported state: 0
2026-02-15 13:33:54.924 T:9772    debug <general>: DXVA: open decoder.
2026-02-15 13:33:54.924 T:9772     info <general>: DXVA::CContext::CreateContext: creating discrete d3d11va device for decoding.
2026-02-15 13:33:54.924 T:2500     info <general>: Opening stream: 1 source: 256
2026-02-15 13:33:54.924 T:2500     info <general>: Finding audio codec for: 65555
2026-02-15 13:33:54.924 T:2500     info <general>: CDVDAudioCodecFFmpeg::Open() Successful opened audio decoder pcm_dvd
2026-02-15 13:33:54.924 T:2500     info <general>: Creating audio thread
2026-02-15 13:33:54.924 T:7288    debug <general>: Thread VideoPlayerAudio start, auto delete: false
2026-02-15 13:33:54.924 T:7288     info <general>: running thread: CVideoPlayerAudio::Process()
2026-02-15 13:33:54.924 T:7288    debug <general>: CVideoPlayerAudio - CDVDMsg::GENERAL_PAUSE: false
2026-02-15 13:33:54.924 T:2500    debug <general>: CVideoPlayer::SetCaching - caching state 1
2026-02-15 13:33:54.924 T:2500    debug <general>: CDVDClock::SetSpeedAdjust - adjusted:0.000000
2026-02-15 13:33:54.924 T:2500    debug <general>: CVideoPlayer::HandleMessages - player 1 reported state: 0
2026-02-15 13:33:54.924 T:7288     info <general>: Creating audio stream (codec id: 65555, channels: 2, sample rate: 48000, no pass-through)
2026-02-15 13:33:54.924 T:9764    debug <general>: CApplicationPlayerCallback::OnAVChange: call
2026-02-15 13:33:54.924 T:7288    debug <general>: CVideoPlayerAudio:: synctype set to 1: resample
2026-02-15 13:33:54.924 T:5384    debug <general>: ffmpeg[0x1ea181b9bd0]: [SWR] Using s16p internally between filters
2026-02-15 13:33:54.924 T:5384    debug <general>: ActiveAE::CActiveAE::ConfigureLowLatency: Low latency mode: true - Initial buffer level: 100ms (resample: true)
2026-02-15 13:33:54.924 T:5384    debug <general>: CActiveAE::ClearDiscardedBuffers - buffer pool deleted
2026-02-15 13:33:54.924 T:5384    debug <general>: ActiveAE::CActiveAE::ConfigureLowLatency: Low latency mode: true - Initial buffer level: 100ms (resample: true)
2026-02-15 13:33:54.925 T:7288    debug <general>: CDVDAudio::Pause - pausing audio stream
2026-02-15 13:33:54.925 T:2500    debug <general>: CVideoPlayer::HandleMessages - player started 1
2026-02-15 13:33:54.925 T:5484    debug <general>: CApplicationPlayerCallback::OnAVChange: call
2026-02-15 13:33:54.930 T:2500    debug <general>: CVideoPlayer::SetCaching - caching state 2
2026-02-15 13:33:54.930 T:2500    debug <general>: CDVDClock::SetSpeedAdjust - adjusted:0.000000
2026-02-15 13:33:54.930 T:7288    debug <general>: CDVDAudio::Pause - pausing audio stream
2026-02-15 13:33:54.937 T:6628    debug <database>: CVideoDatabase::GetMovieId: (nfs://192.168.1.20/volume1/iso/01/か/Kalafina/[2009-03-04] Seventh Heaven (DVD)/dvd_video.iso), query = SELECT idMedia FROM videoversion WHERE idFile = 4 AND media_type = 'movie' AND itemType = 1
2026-02-15 13:33:54.937 T:6628    debug <database>: CVideoDatabase::GetEpisodeId: (nfs://192.168.1.20/volume1/iso/01/か/Kalafina/[2009-03-04] Seventh Heaven (DVD)/dvd_video.iso), query = select idEpisode from episode where idFile=4
2026-02-15 13:33:54.937 T:6628    debug <database>: CVideoDatabase::GetMusicVideoId: (nfs://192.168.1.20/volume1/iso/01/か/Kalafina/[2009-03-04] Seventh Heaven (DVD)/dvd_video.iso), query = select idMVideo from musicvideo where idFile=4
2026-02-15 13:33:54.937 T:6628  warning <announce>: ANNOUNCEMENT::CAnnouncementManager::DoAnnounce: CAnnouncementManager - Announcement: OnAVChange from xbmc
2026-02-15 13:33:54.938 T:6628    debug <database>: CVideoDatabase::GetMovieId: (nfs://192.168.1.20/volume1/iso/01/か/Kalafina/[2009-03-04] Seventh Heaven (DVD)/dvd_video.iso), query = SELECT idMedia FROM videoversion WHERE idFile = 4 AND media_type = 'movie' AND itemType = 1
2026-02-15 13:33:54.938 T:6628    debug <database>: CVideoDatabase::GetEpisodeId: (nfs://192.168.1.20/volume1/iso/01/か/Kalafina/[2009-03-04] Seventh Heaven (DVD)/dvd_video.iso), query = select idEpisode from episode where idFile=4
2026-02-15 13:33:54.938 T:6628    debug <database>: CVideoDatabase::GetMusicVideoId: (nfs://192.168.1.20/volume1/iso/01/か/Kalafina/[2009-03-04] Seventh Heaven (DVD)/dvd_video.iso), query = select idMVideo from musicvideo where idFile=4
2026-02-15 13:33:54.939 T:6628  warning <announce>: ANNOUNCEMENT::CAnnouncementManager::DoAnnounce: CAnnouncementManager - Announcement: OnAVChange from xbmc
2026-02-15 13:33:54.956 T:9772  warning <general>: DXVA::CContext::CreateContext: unable to create device for decoding, fallback to using app device. Error 0x887A0004 DXGI_ERROR_UNSUPPORTED (指定されたデバイス インターフェイスまたは機能レベルがこのシステムでサポートされていません。)
2026-02-15 13:33:54.956 T:9772  warning <general>: DXVA::CContext::CreateContext: failed to get Video Device and Context.
2026-02-15 13:33:54.956 T:9772     info <general>: DXVA: closing decoder context.
2026-02-15 13:33:54.956 T:9772    debug <general>: DXVA::CDecoder::~CDecoder: destructing decoder, 0x1ea18aa4eb0.
2026-02-15 13:33:54.956 T:9772    debug <general>: ffmpeg[0x1ea2321fe30]: [mpeg2video] Format yuv420p chosen by get_format().
2026-02-15 13:33:54.958 T:9772     info <general>: CDVDVideoCodecFFmpeg::Open() Using codec: MPEG-2 video
2026-02-15 13:33:54.958 T:9772    debug <general>: CDVDVideoCodecFFmpeg - open frame threaded with 12 threads
2026-02-15 13:33:54.960 T:9772    debug <general>: CDVDVideoCodecFFmpeg - Updated codec: ff-mpeg2video
2026-02-15 13:33:54.960 T:9772    debug <video>: CVideoPlayerVideo::CalcDropRequirement - hurry: 0
2026-02-15 13:33:54.960 T:9772    debug <general>: ffmpeg[0x1ea2321fe30]: [mpeg2video] Format yuv420p chosen by get_format().
2026-02-15 13:33:54.960 T:9772    debug <video>: CVideoPlayerVideo::CalcDropRequirement - hurry: 0
2026-02-15 13:33:54.960 T:9772    debug <general>: CRenderManager::Configure - change configuration. 720x480. display: 640x480. framerate: 59.94.
2026-02-15 13:33:54.980 T:8572    debug <general>: CRenderManager::DeleteRenderer - deleting renderer
2026-02-15 13:33:54.980 T:8572    debug <general>: DX::DeviceResources::SetHdrColorSpace: DXGI SetColorSpace1 RGB_FULL_G22_NONE_P709 success
2026-02-15 13:33:54.981 T:8572    debug <general>: CWinRenderer::SelectRenderer: requested render method: 0
2026-02-15 13:33:54.981 T:8572  warning <general>: CRendererDXVA::GetWeight: Texture format NV12 is not supported.
2026-02-15 13:33:54.981 T:8572    debug <general>: CWinRenderer::SelectRenderer: selected render method: Pixel Shaders
2026-02-15 13:33:54.981 T:8572    debug <general>: CWIN32Util::GetWindowsHDRStatus: Display is not HDR capable or cannot be detected
2026-02-15 13:33:54.981 T:8572    debug <general>: CRendererBase::CreateIntermediateTarget: creating intermediate target 720x480 format R16G16B16A16_FLOAT.
2026-02-15 13:33:54.986 T:8572    debug <general>: CRenderManager::Configure - 6
2026-02-15 13:33:54.986 T:8572    debug <general>: CWIN32Util::GetWindowsHDRStatus: Display is not HDR capable or cannot be detected
2026-02-15 13:33:54.988 T:8572    debug <avtiming>: CRenderManager::PrepareNextRender: frameOnScreen: 28079857.733333 renderPts: 28146524.405086 nextFramePts: 280633.000000 -> diff: 27865891.405086  render: true forceNext: true
2026-02-15 13:33:54.988 T:3360    debug <general>: CApplicationPlayerCallback::OnAVChange: call
2026-02-15 13:33:54.989 T:8572    debug <general>: CWinShader::LoadEffect: loading shader special://xbmc/system/shaders/output_d3d.fx
2026-02-15 13:33:54.999 T:2500    debug <general>: CVideoPlayer::HandleMessages - player started 2
2026-02-15 13:33:54.999 T:2500    debug <general>: CVideoPlayer::SetCaching - caching state 3
2026-02-15 13:33:54.999 T:2500    debug <general>: CDVDClock::SetSpeedAdjust - adjusted:0.000000
2026-02-15 13:33:54.999 T:2500    debug <general>: CVideoPlayer::SetCaching - caching state 0
2026-02-15 13:33:54.999 T:2500    debug <general>: CDVDClock::SetSpeedAdjust - adjusted:0.000000
2026-02-15 13:33:54.999 T:2500    debug <general>: VideoPlayer::Sync - Audio - pts: 573966.000000, cache: 459641.745095, totalcache: 800000.011921
2026-02-15 13:33:54.999 T:2500    debug <general>: VideoPlayer::Sync - Video - pts: 280633.000000, cache: 50000.000000, totalcache: 100000.000000
2026-02-15 13:33:54.999 T:7288    debug <general>: CVideoPlayerAudio - CDVDMsg::GENERAL_RESYNC(114324.254905), level: 89, cache: 464938.378429
2026-02-15 13:33:54.999 T:9772    debug <general>: CVideoPlayerVideo - CDVDMsg::GENERAL_RESYNC(114324.254905)
2026-02-15 13:33:54.999 T:9772    debug <video>: CVideoPlayerVideo::CalcDropRequirement - hurry: 0
2026-02-15 13:33:54.999 T:7288    debug <general>: CDVDAudio::Resume - resume audio stream
2026-02-15 13:33:54.999 T:5384    debug <general>: ActiveAE - start sync of audio stream
2026-02-15 13:33:55.002 T:9772    debug <video>: CVideoPlayerVideo::CalcDropRequirement - hurry: 1
2026-02-15 13:33:55.006 T:8572    debug <general>: CWinShader::LoadEffect: loading shader special://xbmc/system/shaders/yuv2rgb_d3d.fx
2026-02-15 13:33:55.020 T:8572    debug <avtiming>: CRenderManager::PrepareNextRender: frameOnScreen: 135916.754905 renderPts: 202583.426658 nextFramePts: 314000.000000 -> diff: -111416.573342  render: false forceNext: false
2026-02-15 13:33:55.022 T:6628    debug <database>: CVideoDatabase::GetMovieId: (nfs://192.168.1.20/volume1/iso/01/か/Kalafina/[2009-03-04] Seventh Heaven (DVD)/dvd_video.iso), query = SELECT idMedia FROM videoversion WHERE idFile = 4 AND media_type = 'movie' AND itemType = 1
2026-02-15 13:33:55.023 T:6628    debug <database>: CVideoDatabase::GetEpisodeId: (nfs://192.168.1.20/volume1/iso/01/か/Kalafina/[2009-03-04] Seventh Heaven (DVD)/dvd_video.iso), query = select idEpisode from episode where idFile=4
2026-02-15 13:33:55.024 T:6628    debug <database>: CVideoDatabase::GetMusicVideoId: (nfs://192.168.1.20/volume1/iso/01/か/Kalafina/[2009-03-04] Seventh Heaven (DVD)/dvd_video.iso), query = select idMVideo from musicvideo where idFile=4
2026-02-15 13:33:55.029 T:6628  warning <announce>: ANNOUNCEMENT::CAnnouncementManager::DoAnnounce: CAnnouncementManager - Announcement: OnAVChange from xbmc
2026-02-15 13:33:55.042 T:8572    debug <avtiming>: CRenderManager::PrepareNextRender: frameOnScreen: 156416.254905 renderPts: 223082.926658 nextFramePts: 314000.000000 -> diff: -90917.073342  render: false forceNext: false
2026-02-15 13:33:55.073 T:8572    debug <avtiming>: CRenderManager::PrepareNextRender: frameOnScreen: 188557.954905 renderPts: 255224.626658 nextFramePts: 314000.000000 -> diff: -58775.373342  render: false forceNext: false
2026-02-15 13:33:55.100 T:5384    debug <general>: ActiveAE::SyncStream - average error of -4.557992, start adjusting
2026-02-15 13:33:55.100 T:5384    debug <general>: ActiveAE::SyncStream - average error -0.016325 below threshold of 30.000000
2026-02-15 13:33:55.103 T:8572    debug <avtiming>: CRenderManager::PrepareNextRender: frameOnScreen: 219103.054905 renderPts: 285769.726658 nextFramePts: 314000.000000 -> diff: -28230.273342  render: false forceNext: false
2026-02-15 13:33:55.150 T:8572    debug <avtiming>: CRenderManager::PrepareNextRender: frameOnScreen: 266570.254905 renderPts: 333236.926658 nextFramePts: 314000.000000 -> diff: 19236.926658  render: true forceNext: false
2026-02-15 13:33:55.181 T:8572    debug <avtiming>: CRenderManager::PrepareNextRender: frameOnScreen: 297014.854905 renderPts: 363681.526658 nextFramePts: 347366.000000 -> diff: 16315.526658  render: true forceNext: false
2026-02-15 13:33:55.213 T:8572    debug <avtiming>: CRenderManager::PrepareNextRender: frameOnScreen: 328979.354905 renderPts: 395646.026658 nextFramePts: 380733.000000 -> diff: 14913.026658  render: true forceNext: false
2026-02-15 13:33:55.259 T:8572    debug <avtiming>: CRenderManager::PrepareNextRender: frameOnScreen: 375397.654905 renderPts: 442064.326658 nextFramePts: 414100.000000 -> diff: 27964.326658  render: true forceNext: false
2026-02-15 13:33:55.291 T:8572    debug <avtiming>: CRenderManager::PrepareNextRender: frameOnScreen: 406270.954905 renderPts: 472937.626658 nextFramePts: 447466.000000 -> diff: 25471.626658  render: true forceNext: false
2026-02-15 13:33:55.299 T:9772     info <general>: CDVDVideoCodecFFmpeg::CDropControl: calculated diff time: 33366
2026-02-15 13:33:55.322 T:8572    debug <avtiming>: CRenderManager::PrepareNextRender: frameOnScreen: 438292.454905 renderPts: 504959.126658 nextFramePts: 480833.000000 -> diff: 24126.126658  render: true forceNext: false
2026-02-15 13:33:55.377 T:8572    debug <avtiming>: CRenderManager::PrepareNextRender: frameOnScreen: 492955.054905 renderPts: 559621.726658 nextFramePts: 514200.000000 -> diff: 45421.726658  render: true forceNext: false
2026-02-15 13:33:55.401 T:8572    debug <avtiming>: CRenderManager::PrepareNextRender: frameOnScreen: 517107.654905 renderPts: 583774.326658 nextFramePts: 547566.000000 -> diff: 36208.326658  render: true forceNext: false
2026-02-15 13:33:55.432 T:8572    debug <avtiming>: CRenderManager::PrepareNextRender: frameOnScreen: 548558.054905 renderPts: 615224.726658 nextFramePts: 580933.000000 -> diff: 34291.726658  render: true forceNext: false
2026-02-15 13:33:55.462 T:8572    debug <avtiming>: CRenderManager::PrepareNextRender: frameOnScreen: 579796.854905 renderPts: 646463.526658 nextFramePts: 647666.000000 -> diff: -1202.473342  render: false forceNext: false
2026-02-15 13:33:55.493 T:8572    debug <avtiming>: CRenderManager::PrepareNextRender: frameOnScreen: 610267.654905 renderPts: 676934.326658 nextFramePts: 647666.000000 -> diff: 29268.326658  render: true forceNext: false
2026-02-15 13:33:55.539 T:8572    debug <avtiming>: CRenderManager::PrepareNextRender: frameOnScreen: 656518.354905 renderPts: 723185.026658 nextFramePts: 681033.000000 -> diff: 42152.026658  render: true forceNext: false
2026-02-15 13:33:55.585 T:8572    debug <avtiming>: CRenderManager::PrepareNextRender: frameOnScreen: 703332.854905 renderPts: 769999.526658 nextFramePts: 714400.000000 -> diff: 55599.526658  render: true forceNext: false
2026-02-15 13:33:55.617 T:8572    debug <avtiming>: CRenderManager::PrepareNextRender: frameOnScreen: 734432.954905 renderPts: 801099.626658 nextFramePts: 781133.000000 -> diff: 19966.626658  render: true forceNext: false
2026-02-15 13:33:55.649 T:8572    debug <avtiming>: CRenderManager::PrepareNextRender: frameOnScreen: 766467.954905 renderPts: 833134.626658 nextFramePts: 814500.000000 -> diff: 18634.626658  render: true forceNext: false
2026-02-15 13:33:55.680 T:8572    debug <avtiming>: CRenderManager::PrepareNextRender: frameOnScreen: 797274.054905 renderPts: 863940.726658 nextFramePts: 847866.000000 -> diff: 16074.726658  render: true forceNext: false
2026-02-15 13:33:55.711 T:8572    debug <avtiming>: CRenderManager::PrepareNextRender: frameOnScreen: 829030.454905 renderPts: 895697.126658 nextFramePts: 881233.000000 -> diff: 14464.126658  render: true forceNext: false
2026-02-15 13:33:55.743 T:8572    debug <avtiming>: CRenderManager::PrepareNextRender: frameOnScreen: 861064.354905 renderPts: 927731.026658 nextFramePts: 914600.000000 -> diff: 13131.026658  render: true forceNext: false
2026-02-15 13:33:55.773 T:8572    debug <avtiming>: CRenderManager::PrepareNextRender: frameOnScreen: 890650.754905 renderPts: 957317.426658 nextFramePts: 947966.000000 -> diff: 9351.426658  render: true forceNext: false
2026-02-15 13:33:55.820 T:8572    debug <avtiming>: CRenderManager::PrepareNextRender: frameOnScreen: 937944.954905 renderPts: 1004611.626658 nextFramePts: 981333.000000 -> diff: 23278.626658  render: true forceNext: false
2026-02-15 13:33:55.867 T:8572    debug <avtiming>: CRenderManager::PrepareNextRender: frameOnScreen: 984487.354905 renderPts: 1051154.026658 nextFramePts: 1014699.000000 -> diff: 36455.026658  render: true forceNext: false
2026-02-15 13:33:55.905 T:8572    debug <avtiming>: CRenderManager::PrepareNextRender: frameOnScreen: 1023371.554905 renderPts: 1090038.226658 nextFramePts: 1048066.000000 -> diff: 41972.226658  render: true forceNext: false
2026-02-15 13:33:55.929 T:8572    debug <avtiming>: CRenderManager::PrepareNextRender: frameOnScreen: 1047693.054905 renderPts: 1114359.726658 nextFramePts: 1081433.000000 -> diff: 32926.726658  render: true forceNext: false
2026-02-15 13:33:55.976 T:8572    debug <avtiming>: CRenderManager::PrepareNextRender: frameOnScreen: 1093894.454905 renderPts: 1160561.126658 nextFramePts: 1114800.000000 -> diff: 45761.126658  render: true forceNext: false
2026-02-15 13:33:56.009 T:8572    debug <avtiming>: CRenderManager::PrepareNextRender: frameOnScreen: 1125815.954905 renderPts: 1192482.626658 nextFramePts: 1148166.000000 -> diff: 44316.626658  render: true forceNext: false
2026-02-15 13:33:56.040 T:8572    debug <avtiming>: CRenderManager::PrepareNextRender: frameOnScreen: 1157236.154905 renderPts: 1223902.826658 nextFramePts: 1214900.000000 -> diff: 9002.826658  render: true forceNext: false
2026-02-15 13:33:56.072 T:8572    debug <avtiming>: CRenderManager::PrepareNextRender: frameOnScreen: 1187651.454905 renderPts: 1254318.126658 nextFramePts: 1248266.000000 -> diff: 6052.126658  render: true forceNext: false
2026-02-15 13:33:56.103 T:8572    debug <avtiming>: CRenderManager::PrepareNextRender: frameOnScreen: 1219694.954905 renderPts: 1286361.626658 nextFramePts: 1281633.000000 -> diff: 4728.626658  render: true forceNext: false
2026-02-15 13:33:56.134 T:8572    debug <avtiming>: CRenderManager::PrepareNextRender: frameOnScreen: 1251028.254905 renderPts: 1317694.926658 nextFramePts: 1315000.000000 -> diff: 2694.926658  render: true forceNext: false
2026-02-15 13:33:56.142 T:5384    debug <general>: ffmpeg[0x1ea181b9bd0]: [SWR] Using fltp internally between filters
2026-02-15 13:33:56.166 T:8572    debug <avtiming>: CRenderManager::PrepareNextRender: frameOnScreen: 1281633.454905 renderPts: 1348300.126658 nextFramePts: 1348366.000000 -> diff: -65.873342  render: false forceNext: false
2026-02-15 13:33:56.197 T:8572    debug <avtiming>: CRenderManager::PrepareNextRender: frameOnScreen: 1312670.154905 renderPts: 1379336.826658 nextFramePts: 1381733.000000 -> diff: -2396.173342  render: false forceNext: false
2026-02-15 13:33:56.245 T:8572    debug <avtiming>: CRenderManager::PrepareNextRender: frameOnScreen: 1359502.054905 renderPts: 1426168.726658 nextFramePts: 1381733.000000 -> diff: 44435.726658  render: true forceNext: false
2026-02-15 13:33:56.277 T:8572    debug <avtiming>: CRenderManager::PrepareNextRender: frameOnScreen: 1390621.254905 renderPts: 1457287.926658 nextFramePts: 1415100.000000 -> diff: 42187.926658  render: true forceNext: false
2026-02-15 13:33:56.309 T:8572    debug <avtiming>: CRenderManager::PrepareNextRender: frameOnScreen: 1422795.054905 renderPts: 1489461.726658 nextFramePts: 1448466.000000 -> diff: 40995.726658  render: true forceNext: false
2026-02-15 13:33:56.340 T:8572    debug <avtiming>: CRenderManager::PrepareNextRender: frameOnScreen: 1453145.754905 renderPts: 1519812.426658 nextFramePts: 1481833.000000 -> diff: 37979.426658  render: true forceNext: false
2026-02-15 13:33:56.373 T:8572    debug <avtiming>: CRenderManager::PrepareNextRender: frameOnScreen: 1485450.654905 renderPts: 1552117.326658 nextFramePts: 1515200.000000 -> diff: 36917.326658  render: true forceNext: false
2026-02-15 13:33:56.428 T:8572    debug <avtiming>: CRenderManager::PrepareNextRender: frameOnScreen: 1540473.654905 renderPts: 1607140.326658 nextFramePts: 1581933.000000 -> diff: 25207.326658  render: true forceNext: false
2026-02-15 13:33:56.467 T:8572    debug <avtiming>: CRenderManager::PrepareNextRender: frameOnScreen: 1579003.354905 renderPts: 1645670.026658 nextFramePts: 1615300.000000 -> diff: 30370.026658  render: true forceNext: false
2026-02-15 13:33:56.499 T:8572    debug <avtiming>: CRenderManager::PrepareNextRender: frameOnScreen: 1610128.954905 renderPts: 1676795.626658 nextFramePts: 1648666.000000 -> diff: 28129.626658  render: true forceNext: false
2026-02-15 13:33:56.530 T:8572    debug <avtiming>: CRenderManager::PrepareNextRender: frameOnScreen: 1642319.854905 renderPts: 1708986.526658 nextFramePts: 1682033.000000 -> diff: 26953.526658  render: true forceNext: false
2026-02-15 13:33:56.560 T:8572    debug <avtiming>: CRenderManager::PrepareNextRender: frameOnScreen: 1672865.854905 renderPts: 1739532.526658 nextFramePts: 1715400.000000 -> diff: 24132.526658  render: true forceNext: false
2026-02-15 13:33:56.592 T:8572    debug <avtiming>: CRenderManager::PrepareNextRender: frameOnScreen: 1703274.954905 renderPts: 1769941.626658 nextFramePts: 1748766.000000 -> diff: 21175.626658  render: true forceNext: false
2026-02-15 13:33:56.624 T:8572    debug <avtiming>: CRenderManager::PrepareNextRender: frameOnScreen: 1735107.454905 renderPts: 1801774.126658 nextFramePts: 1782133.000000 -> diff: 19641.126658  render: true forceNext: false
2026-02-15 13:33:56.640 T:8572    debug <avtiming>: CRenderManager::PrepareNextRender: frameOnScreen: 1751329.854905 renderPts: 1817996.526658 nextFramePts: 1815500.000000 -> diff: 2496.526658  render: true forceNext: false
2026-02-15 13:33:56.686 T:8572    debug <avtiming>: CRenderManager::PrepareNextRender: frameOnScreen: 1797407.854905 renderPts: 1864074.526658 nextFramePts: 1848866.000000 -> diff: 15208.526658  render: true forceNext: false
2026-02-15 13:33:56.719 T:8572    debug <avtiming>: CRenderManager::PrepareNextRender: frameOnScreen: 1828821.454905 renderPts: 1895488.126658 nextFramePts: 1882233.000000 -> diff: 13255.126658  render: true forceNext: false
2026-02-15 13:33:56.750 T:8572    debug <avtiming>: CRenderManager::PrepareNextRender: frameOnScreen: 1860650.754905 renderPts: 1927317.426658 nextFramePts: 1915600.000000 -> diff: 11717.426658  render: true forceNext: false
2026-02-15 13:33:56.781 T:8572    debug <avtiming>: CRenderManager::PrepareNextRender: frameOnScreen: 1891071.254905 renderPts: 1957737.926658 nextFramePts: 1948966.000000 -> diff: 8771.926658  render: true forceNext: false
2026-02-15 13:33:56.798 T:8572    debug <avtiming>: CRenderManager::PrepareNextRender: frameOnScreen: 1907454.554905 renderPts: 1974121.226658 nextFramePts: 1982333.000000 -> diff: -8211.773342  render: false forceNext: false
2026-02-15 13:33:56.828 T:8572    debug <avtiming>: CRenderManager::PrepareNextRender: frameOnScreen: 1938417.454905 renderPts: 2005084.126658 nextFramePts: 2015699.000000 -> diff: -10614.873342  render: false forceNext: false
2026-02-15 13:33:56.859 T:8572    debug <avtiming>: CRenderManager::PrepareNextRender: frameOnScreen: 1969728.454905 renderPts: 2036395.126658 nextFramePts: 2015699.000000 -> diff: 20696.126658  render: true forceNext: false
2026-02-15 13:33:56.890 T:8572    debug <avtiming>: CRenderManager::PrepareNextRender: frameOnScreen: 2000297.654905 renderPts: 2066964.326658 nextFramePts: 2049066.000000 -> diff: 17898.326658  render: true forceNext: false
2026-02-15 13:33:56.922 T:8572    debug <avtiming>: CRenderManager::PrepareNextRender: frameOnScreen: 2032403.954905 renderPts: 2099070.626658 nextFramePts: 2082433.000000 -> diff: 16637.626658  render: true forceNext: false
2026-02-15 13:33:56.969 T:8572    debug <avtiming>: CRenderManager::PrepareNextRender: frameOnScreen: 2078994.654905 renderPts: 2145661.326658 nextFramePts: 2115800.000000 -> diff: 29861.326658  render: true forceNext: false
2026-02-15 13:33:57.000 T:8572    debug <avtiming>: CRenderManager::PrepareNextRender: frameOnScreen: 2110621.454905 renderPts: 2177288.126658 nextFramePts: 2149166.000000 -> diff: 28122.126658  render: true forceNext: false
2026-02-15 13:33:57.030 T:8572    debug <avtiming>: CRenderManager::PrepareNextRender: frameOnScreen: 2141677.754905 renderPts: 2208344.426658 nextFramePts: 2182533.000000 -> diff: 25811.426658  render: true forceNext: false
2026-02-15 13:33:57.062 T:8572    debug <avtiming>: CRenderManager::PrepareNextRender: frameOnScreen: 2172949.154905 renderPts: 2239615.826658 nextFramePts: 2215900.000000 -> diff: 23715.826658  render: true forceNext: false
2026-02-15 13:33:57.107 T:8572    debug <avtiming>: CRenderManager::PrepareNextRender: frameOnScreen: 2218871.554905 renderPts: 2285538.226658 nextFramePts: 2249266.000000 -> diff: 36272.226658  render: true forceNext: false
2026-02-15 13:33:57.155 T:8572    debug <avtiming>: CRenderManager::PrepareNextRender: frameOnScreen: 2265650.154905 renderPts: 2332316.826658 nextFramePts: 2282633.000000 -> diff: 49683.826658  render: true forceNext: false
2026-02-15 13:33:57.186 T:8572    debug <avtiming>: CRenderManager::PrepareNextRender: frameOnScreen: 2297657.454905 renderPts: 2364324.126658 nextFramePts: 2316000.000000 -> diff: 48324.126658  render: true forceNext: false
2026-02-15 13:33:57.217 T:8572    debug <avtiming>: CRenderManager::PrepareNextRender: frameOnScreen: 2328994.754905 renderPts: 2395661.426658 nextFramePts: 2382733.000000 -> diff: 12928.426658  render: true forceNext: false
2026-02-15 13:33:57.264 T:8572    debug <avtiming>: CRenderManager::PrepareNextRender: frameOnScreen: 2375417.554905 renderPts: 2442084.226658 nextFramePts: 2416100.000000 -> diff: 25984.226658  render: true forceNext: false
2026-02-15 13:33:57.311 T:8572    debug <avtiming>: CRenderManager::PrepareNextRender: frameOnScreen: 2421937.554905 renderPts: 2488604.226658 nextFramePts: 2449466.000000 -> diff: 39138.226658  render: true forceNext: false
2026-02-15 13:33:57.358 T:8572    debug <avtiming>: CRenderManager::PrepareNextRender: frameOnScreen: 2468810.554905 renderPts: 2535477.226658 nextFramePts: 2482833.000000 -> diff: 52644.226658  render: true forceNext: false
2026-02-15 13:33:57.405 T:8572    debug <avtiming>: CRenderManager::PrepareNextRender: frameOnScreen: 2516036.054905 renderPts: 2582702.726658 nextFramePts: 2549566.000000 -> diff: 33136.726658  render: true forceNext: false
2026-02-15 13:33:57.437 T:8572    debug <avtiming>: CRenderManager::PrepareNextRender: frameOnScreen: 2548060.954905 renderPts: 2614727.626658 nextFramePts: 2582933.000000 -> diff: 31794.626658  render: true forceNext: false
2026-02-15 13:33:57.491 T:8572    debug <avtiming>: CRenderManager::PrepareNextRender: frameOnScreen: 2602670.554905 renderPts: 2669337.226658 nextFramePts: 2616300.000000 -> diff: 53037.226658  render: true forceNext: false
2026-02-15 13:33:57.530 T:8572    debug <avtiming>: CRenderManager::PrepareNextRender: frameOnScreen: 2641172.454905 renderPts: 2707839.126658 nextFramePts: 2683033.000000 -> diff: 24806.126658  render: true forceNext: false
2026-02-15 13:33:57.561 T:8572    debug <avtiming>: CRenderManager::PrepareNextRender: frameOnScreen: 2673127.654905 renderPts: 2739794.326658 nextFramePts: 2716400.000000 -> diff: 23394.326658  render: true forceNext: false
2026-02-15 13:33:57.592 T:8572    debug <avtiming>: CRenderManager::PrepareNextRender: frameOnScreen: 2703319.054905 renderPts: 2769985.726658 nextFramePts: 2749766.000000 -> diff: 20219.726658  render: true forceNext: false
2026-02-15 13:33:57.621 T:8572    debug <avtiming>: CRenderManager::PrepareNextRender: frameOnScreen: 2734827.054905 renderPts: 2801493.726658 nextFramePts: 2783133.000000 -> diff: 18360.726658  render: true forceNext: false
2026-02-15 13:33:57.669 T:8572    debug <avtiming>: CRenderManager::PrepareNextRender: frameOnScreen: 2782150.354905 renderPts: 2848817.026658 nextFramePts: 2816500.000000 -> diff: 32317.026658  render: true forceNext: false
2026-02-15 13:33:57.701 T:8572    debug <avtiming>: CRenderManager::PrepareNextRender: frameOnScreen: 2812474.054905 renderPts: 2879140.726658 nextFramePts: 2849866.000000 -> diff: 29274.726658  render: true forceNext: false
2026-02-15 13:33:57.733 T:8572    debug <avtiming>: CRenderManager::PrepareNextRender: frameOnScreen: 2844907.754905 renderPts: 2911574.426658 nextFramePts: 2883233.000000 -> diff: 28341.426658  render: true forceNext: false
2026-02-15 13:33:57.764 T:8572    debug <avtiming>: CRenderManager::PrepareNextRender: frameOnScreen: 2874988.854905 renderPts: 2941655.526658 nextFramePts: 2916600.000000 -> diff: 25055.526658  render: true forceNext: false
2026-02-15 13:33:57.796 T:8572    debug <avtiming>: CRenderManager::PrepareNextRender: frameOnScreen: 2906407.454905 renderPts: 2973074.126658 nextFramePts: 2949966.000000 -> diff: 23108.126658  render: true forceNext: false
2026-02-15 13:33:57.828 T:8572    debug <avtiming>: CRenderManager::PrepareNextRender: frameOnScreen: 2937932.054905 renderPts: 3004598.726658 nextFramePts: 2983333.000000 -> diff: 21265.726658  render: true forceNext: false
2026-02-15 13:33:57.860 T:8572    debug <avtiming>: CRenderManager::PrepareNextRender: frameOnScreen: 2969948.854905 renderPts: 3036615.526658 nextFramePts: 3016700.000000 -> diff: 19915.526658  render: true forceNext: false
2026-02-15 13:33:57.891 T:8572    debug <avtiming>: CRenderManager::PrepareNextRender: frameOnScreen: 3000012.454905 renderPts: 3066679.126658 nextFramePts: 3050066.000000 -> diff: 16613.126658  render: true forceNext: false
2026-02-15 13:33:57.908 T:8572    debug <avtiming>: CRenderManager::PrepareNextRender: frameOnScreen: 3016451.254905 renderPts: 3083117.926658 nextFramePts: 3083433.000000 -> diff: -315.073342  render: false forceNext: false
2026-02-15 13:33:57.939 T:8572    debug <avtiming>: CRenderManager::PrepareNextRender: frameOnScreen: 3047987.154905 renderPts: 3114653.826658 nextFramePts: 3116800.000000 -> diff: -2146.173342  render: false forceNext: false
2026-02-15 13:33:57.970 T:8572    debug <avtiming>: CRenderManager::PrepareNextRender: frameOnScreen: 3079008.254905 renderPts: 3145674.926658 nextFramePts: 3116800.000000 -> diff: 28874.926658  render: true forceNext: false
2026-02-15 13:33:58.007 T:8572    debug <avtiming>: CRenderManager::PrepareNextRender: frameOnScreen: 3117299.454905 renderPts: 3183966.126658 nextFramePts: 3150166.000000 -> diff: 33800.126658  render: true forceNext: false
2026-02-15 13:33:58.031 T:8572    debug <avtiming>: CRenderManager::PrepareNextRender: frameOnScreen: 3141721.154905 renderPts: 3208387.826658 nextFramePts: 3183533.000000 -> diff: 24854.826658  render: true forceNext: false
2026-02-15 13:33:58.062 T:8572    debug <avtiming>: CRenderManager::PrepareNextRender: frameOnScreen: 3172112.454905 renderPts: 3238779.126658 nextFramePts: 3216900.000000 -> diff: 21879.126658  render: true forceNext: false
2026-02-15 13:33:58.109 T:8572    debug <avtiming>: CRenderManager::PrepareNextRender: frameOnScreen: 3219467.554905 renderPts: 3286134.226658 nextFramePts: 3250266.000000 -> diff: 35868.226658  render: true forceNext: false
2026-02-15 13:33:58.140 T:8572    debug <avtiming>: CRenderManager::PrepareNextRender: frameOnScreen: 3251257.254905 renderPts: 3317923.926658 nextFramePts: 3283633.000000 -> diff: 34290.926658  render: true forceNext: false
2026-02-15 13:33:58.186 T:8572    debug <avtiming>: CRenderManager::PrepareNextRender: frameOnScreen: 3296891.654905 renderPts: 3363558.326658 nextFramePts: 3350366.000000 -> diff: 13192.326658  render: true forceNext: false
2026-02-15 13:33:58.218 T:8572    debug <avtiming>: CRenderManager::PrepareNextRender: frameOnScreen: 3328344.454905 renderPts: 3395011.126658 nextFramePts: 3383733.000000 -> diff: 11278.126658  render: true forceNext: false
2026-02-15 13:33:58.249 T:8572    debug <avtiming>: CRenderManager::PrepareNextRender: frameOnScreen: 3360203.054905 renderPts: 3426869.726658 nextFramePts: 3417100.000000 -> diff: 9769.726658  render: true forceNext: false
2026-02-15 13:33:58.281 T:8572    debug <avtiming>: CRenderManager::PrepareNextRender: frameOnScreen: 3390733.954905 renderPts: 3457400.626658 nextFramePts: 3450466.000000 -> diff: 6934.626658  render: true forceNext: false
2026-02-15 13:33:58.298 T:8572    debug <avtiming>: CRenderManager::PrepareNextRender: frameOnScreen: 3407254.854905 renderPts: 3473921.526658 nextFramePts: 3483833.000000 -> diff: -9911.473342  render: false forceNext: false
2026-02-15 13:33:58.328 T:8572    debug <avtiming>: CRenderManager::PrepareNextRender: frameOnScreen: 3438423.054905 renderPts: 3505089.726658 nextFramePts: 3517200.000000 -> diff: -12110.273342  render: false forceNext: false
2026-02-15 13:33:58.359 T:8572    debug <avtiming>: CRenderManager::PrepareNextRender: frameOnScreen: 3469546.054905 renderPts: 3536212.726658 nextFramePts: 3517200.000000 -> diff: 19012.726658  render: true forceNext: false
2026-02-15 13:33:58.390 T:8572    debug <avtiming>: CRenderManager::PrepareNextRender: frameOnScreen: 3500002.854905 renderPts: 3566669.526658 nextFramePts: 3550566.000000 -> diff: 16103.526658  render: true forceNext: false
2026-02-15 13:33:58.422 T:8572    debug <avtiming>: CRenderManager::PrepareNextRender: frameOnScreen: 3532067.354905 renderPts: 3598734.026658 nextFramePts: 3583933.000000 -> diff: 14801.026658  render: true forceNext: false
2026-02-15 13:33:58.469 T:8572    debug <avtiming>: CRenderManager::PrepareNextRender: frameOnScreen: 3578482.254905 renderPts: 3645148.926658 nextFramePts: 3617300.000000 -> diff: 27848.926658  render: true forceNext: false
2026-02-15 13:33:58.500 T:8572    debug <avtiming>: CRenderManager::PrepareNextRender: frameOnScreen: 3610642.454905 renderPts: 3677309.126658 nextFramePts: 3650666.000000 -> diff: 26643.126658  render: true forceNext: false
2026-02-15 13:33:58.539 T:8572    debug <avtiming>: CRenderManager::PrepareNextRender: frameOnScreen: 3650226.954905 renderPts: 3716893.626658 nextFramePts: 3684033.000000 -> diff: 32860.626658  render: true forceNext: false
2026-02-15 13:33:58.577 T:8572    debug <avtiming>: CRenderManager::PrepareNextRender: frameOnScreen: 3687893.054905 renderPts: 3754559.726658 nextFramePts: 3717400.000000 -> diff: 37159.726658  render: true forceNext: false
2026-02-15 13:33:58.624 T:8572    debug <avtiming>: CRenderManager::PrepareNextRender: frameOnScreen: 3735162.654905 renderPts: 3801829.326658 nextFramePts: 3750766.000000 -> diff: 51063.326658  render: true forceNext: false
2026-02-15 13:33:58.656 T:8572    debug <avtiming>: CRenderManager::PrepareNextRender: frameOnScreen: 3766077.654905 renderPts: 3832744.326658 nextFramePts: 3817500.000000 -> diff: 15244.326658  render: true forceNext: false
2026-02-15 13:33:58.673 T:8572    debug <avtiming>: CRenderManager::PrepareNextRender: frameOnScreen: 3782312.254905 renderPts: 3848978.926658 nextFramePts: 3850866.000000 -> diff: -1887.073342  render: false forceNext: false
2026-02-15 13:33:58.688 T:8572    debug <avtiming>: CRenderManager::PrepareNextRender: frameOnScreen: 3797510.254905 renderPts: 3864176.926658 nextFramePts: 3884233.000000 -> diff: -20056.073342  render: false forceNext: false
2026-02-15 13:33:58.720 T:8572    debug <avtiming>: CRenderManager::PrepareNextRender: frameOnScreen: 3829409.854905 renderPts: 3896076.526658 nextFramePts: 3884233.000000 -> diff: 11843.526658  render: true forceNext: false
2026-02-15 13:33:58.751 T:8572    debug <avtiming>: CRenderManager::PrepareNextRender: frameOnScreen: 3860553.054905 renderPts: 3927219.726658 nextFramePts: 3917600.000000 -> diff: 9619.726658  render: true forceNext: false
2026-02-15 13:33:58.767 T:8572    debug <avtiming>: CRenderManager::PrepareNextRender: frameOnScreen: 3875930.854905 renderPts: 3942597.526658 nextFramePts: 3950966.000000 -> diff: -8368.473342  render: false forceNext: false
2026-02-15 13:33:58.798 T:8572    debug <avtiming>: CRenderManager::PrepareNextRender: frameOnScreen: 3908057.254905 renderPts: 3974723.926658 nextFramePts: 3984333.000000 -> diff: -9609.073342  render: false forceNext: false
2026-02-15 13:33:58.828 T:8572    debug <avtiming>: CRenderManager::PrepareNextRender: frameOnScreen: 3938343.754905 renderPts: 4005010.426658 nextFramePts: 3984333.000000 -> diff: 20677.426658  render: true forceNext: false
2026-02-15 13:33:58.860 T:8572    debug <avtiming>: CRenderManager::PrepareNextRender: frameOnScreen: 3968840.954905 renderPts: 4035507.626658 nextFramePts: 4017699.000000 -> diff: 17808.626658  render: true forceNext: false
2026-02-15 13:33:58.877 T:8572    debug <avtiming>: CRenderManager::PrepareNextRender: frameOnScreen: 3985200.854905 renderPts: 4051867.526658 nextFramePts: 4051066.000000 -> diff: 801.526658  render: true forceNext: false
2026-02-15 13:33:58.891 T:8572    debug <avtiming>: CRenderManager::PrepareNextRender: frameOnScreen: 3998947.654905 renderPts: 4065614.326658 nextFramePts: 4084433.000000 -> diff: -18818.673342  render: false forceNext: false
2026-02-15 13:33:58.907 T:8572    debug <avtiming>: CRenderManager::PrepareNextRender: frameOnScreen: 4015757.154905 renderPts: 4082423.826658 nextFramePts: 4084433.000000 -> diff: -2009.173342  render: false forceNext: false
2026-02-15 13:33:58.939 T:8572    debug <avtiming>: CRenderManager::PrepareNextRender: frameOnScreen: 4048477.854905 renderPts: 4115144.526658 nextFramePts: 4117800.000000 -> diff: -2655.473342  render: false forceNext: false
2026-02-15 13:33:58.954 T:8572    debug <avtiming>: CRenderManager::PrepareNextRender: frameOnScreen: 4062869.854905 renderPts: 4129536.526658 nextFramePts: 4117800.000000 -> diff: 11736.526658  render: true forceNext: false
2026-02-15 13:33:58.962 T:9772    debug <general>: CPtsTracker: detected pattern of length 1: 33366.67, frameduration: 33366.666667
2026-02-15 13:33:58.985 T:8572    debug <avtiming>: CRenderManager::PrepareNextRender: frameOnScreen: 4095036.154905 renderPts: 4161702.826658 nextFramePts: 4151166.000000 -> diff: 10536.826658  render: true forceNext: false
2026-02-15 13:33:59.001 T:8572    debug <avtiming>: CRenderManager::PrepareNextRender: frameOnScreen: 4110253.554905 renderPts: 4176920.226658 nextFramePts: 4184533.000000 -> diff: -7612.773342  render: false forceNext: false
2026-02-15 13:33:59.032 T:8572    debug <avtiming>: CRenderManager::PrepareNextRender: frameOnScreen: 4141993.554905 renderPts: 4208660.226658 nextFramePts: 4217900.000000 -> diff: -9239.773342  render: false forceNext: false
2026-02-15 13:33:59.057 T:8572    debug <avtiming>: CRenderManager::PrepareNextRender: frameOnScreen: 4166158.354905 renderPts: 4232825.026658 nextFramePts: 4217900.000000 -> diff: 14925.026658  render: true forceNext: false
2026-02-15 13:33:59.064 T:8572    debug <avtiming>: CRenderManager::PrepareNextRender: frameOnScreen: 4172773.154905 renderPts: 4239439.826658 nextFramePts: 4251266.000000 -> diff: -11826.173342  render: false forceNext: false
2026-02-15 13:33:59.079 T:8572    debug <avtiming>: CRenderManager::PrepareNextRender: frameOnScreen: 4187923.454905 renderPts: 4254590.126658 nextFramePts: 4284633.000000 -> diff: -30042.873342  render: false forceNext: false
2026-02-15 13:33:59.097 T:8572    debug <avtiming>: CRenderManager::PrepareNextRender: frameOnScreen: 4203933.654905 renderPts: 4270600.326658 nextFramePts: 4284633.000000 -> diff: -14032.673342  render: false forceNext: false
2026-02-15 13:33:59.128 T:8572    debug <avtiming>: CRenderManager::PrepareNextRender: frameOnScreen: 4235303.054905 renderPts: 4301969.726658 nextFramePts: 4318000.000000 -> diff: -16030.273342  render: false forceNext: false
2026-02-15 13:33:59.158 T:8572    debug <avtiming>: CRenderManager::PrepareNextRender: frameOnScreen: 4266503.054905 renderPts: 4333169.726658 nextFramePts: 4318000.000000 -> diff: 15169.726658  render: true forceNext: false
2026-02-15 13:33:59.174 T:8572    debug <avtiming>: CRenderManager::PrepareNextRender: frameOnScreen: 4282138.554905 renderPts: 4348805.226658 nextFramePts: 4351366.000000 -> diff: -2560.773342  render: false forceNext: false
2026-02-15 13:33:59.190 T:8572    debug <avtiming>: CRenderManager::PrepareNextRender: frameOnScreen: 4297537.754905 renderPts: 4364204.426658 nextFramePts: 4384733.000000 -> diff: -20528.573342  render: false forceNext: false
2026-02-15 13:33:59.221 T:8572    debug <avtiming>: CRenderManager::PrepareNextRender: frameOnScreen: 4328944.154905 renderPts: 4395610.826658 nextFramePts: 4384733.000000 -> diff: 10877.826658  render: true forceNext: false
2026-02-15 13:33:59.252 T:8572    debug <avtiming>: CRenderManager::PrepareNextRender: frameOnScreen: 4360366.554905 renderPts: 4427033.226658 nextFramePts: 4418100.000000 -> diff: 8933.226658  render: true forceNext: false
2026-02-15 13:33:59.283 T:8572    debug <avtiming>: CRenderManager::PrepareNextRender: frameOnScreen: 4392017.254905 renderPts: 4458683.926658 nextFramePts: 4451466.000000 -> diff: 7217.926658  render: true forceNext: false
2026-02-15 13:33:59.299 T:8572    debug <avtiming>: CRenderManager::PrepareNextRender: frameOnScreen: 4407704.454905 renderPts: 4474371.126658 nextFramePts: 4484833.000000 -> diff: -10461.873342  render: false forceNext: false
2026-02-15 13:33:59.329 T:8572    debug <avtiming>: CRenderManager::PrepareNextRender: frameOnScreen: 4438352.154905 renderPts: 4505018.826658 nextFramePts: 4518200.000000 -> diff: -13181.173342  render: false forceNext: false
2026-02-15 13:33:59.361 T:8572    debug <avtiming>: CRenderManager::PrepareNextRender: frameOnScreen: 4469999.154905 renderPts: 4536665.826658 nextFramePts: 4518200.000000 -> diff: 18465.826658  render: true forceNext: false
2026-02-15 13:33:59.377 T:8572    debug <avtiming>: CRenderManager::PrepareNextRender: frameOnScreen: 4485183.154905 renderPts: 4551849.826658 nextFramePts: 4551566.000000 -> diff: 283.826658  render: true forceNext: false
2026-02-15 13:33:59.407 T:8572    debug <avtiming>: CRenderManager::PrepareNextRender: frameOnScreen: 4516646.554905 renderPts: 4583313.226658 nextFramePts: 4584933.000000 -> diff: -1619.773342  render: false forceNext: false
2026-02-15 13:33:59.438 T:8572    debug <avtiming>: CRenderManager::PrepareNextRender: frameOnScreen: 4547820.654905 renderPts: 4614487.326658 nextFramePts: 4618300.000000 -> diff: -3812.673342  render: false forceNext: false
2026-02-15 13:33:59.469 T:8572    debug <avtiming>: CRenderManager::PrepareNextRender: frameOnScreen: 4579082.154905 renderPts: 4645748.826658 nextFramePts: 4618300.000000 -> diff: 27448.826658  render: true forceNext: false
2026-02-15 13:33:59.500 T:8572    debug <avtiming>: CRenderManager::PrepareNextRender: frameOnScreen: 4610557.854905 renderPts: 4677224.526658 nextFramePts: 4651666.000000 -> diff: 25558.526658  render: true forceNext: false
2026-02-15 13:33:59.531 T:8572    debug <avtiming>: CRenderManager::PrepareNextRender: frameOnScreen: 4642206.454905 renderPts: 4708873.126658 nextFramePts: 4685033.000000 -> diff: 23840.126658  render: true forceNext: false
2026-02-15 13:33:59.570 T:8572    debug <avtiming>: CRenderManager::PrepareNextRender: frameOnScreen: 4680002.254905 renderPts: 4746668.926658 nextFramePts: 4718400.000000 -> diff: 28268.926658  render: true forceNext: false
2026-02-15 13:33:59.609 T:8572    debug <avtiming>: CRenderManager::PrepareNextRender: frameOnScreen: 4719398.954905 renderPts: 4786065.626658 nextFramePts: 4751766.000000 -> diff: 34299.626658  render: true forceNext: false
2026-02-15 13:33:59.639 T:8572    debug <avtiming>: CRenderManager::PrepareNextRender: frameOnScreen: 4749901.654905 renderPts: 4816568.326658 nextFramePts: 4785133.000000 -> diff: 31435.326658  render: true forceNext: false
2026-02-15 13:33:59.671 T:8572    debug <avtiming>: CRenderManager::PrepareNextRender: frameOnScreen: 4782486.554905 renderPts: 4849153.226658 nextFramePts: 4818500.000000 -> diff: 30653.226658  render: true forceNext: false
2026-02-15 13:33:59.702 T:8572    debug <avtiming>: CRenderManager::PrepareNextRender: frameOnScreen: 4813358.054905 renderPts: 4880024.726658 nextFramePts: 4851866.000000 -> diff: 28158.726658  render: true forceNext: false
2026-02-15 13:33:59.749 T:8572    debug <avtiming>: CRenderManager::PrepareNextRender: frameOnScreen: 4860406.854905 renderPts: 4927073.526658 nextFramePts: 4885233.000000 -> diff: 41840.526658  render: true forceNext: false
2026-02-15 13:33:59.780 T:8572    debug <avtiming>: CRenderManager::PrepareNextRender: frameOnScreen: 4890806.654905 renderPts: 4957473.326658 nextFramePts: 4951966.000000 -> diff: 5507.326658  render: true forceNext: false
2026-02-15 13:33:59.828 T:8572    debug <avtiming>: CRenderManager::PrepareNextRender: frameOnScreen: 4938585.554905 renderPts: 5005252.226658 nextFramePts: 4985333.000000 -> diff: 19919.226658  render: true forceNext: false
2026-02-15 13:33:59.859 T:8572    debug <avtiming>: CRenderManager::PrepareNextRender: frameOnScreen: 4970450.254905 renderPts: 5037116.926658 nextFramePts: 5018700.000000 -> diff: 18416.926658  render: true forceNext: false
2026-02-15 13:33:59.889 T:8572    debug <avtiming>: CRenderManager::PrepareNextRender: frameOnScreen: 5000152.254905 renderPts: 5066818.926658 nextFramePts: 5052066.000000 -> diff: 14752.926658  render: true forceNext: false
2026-02-15 13:33:59.921 T:8572    debug <avtiming>: CRenderManager::PrepareNextRender: frameOnScreen: 5032163.954905 renderPts: 5098830.626658 nextFramePts: 5085433.000000 -> diff: 13397.626658  render: true forceNext: false
2026-02-15 13:33:59.952 T:8572    debug <avtiming>: CRenderManager::PrepareNextRender: frameOnScreen: 5063392.454905 renderPts: 5130059.126658 nextFramePts: 5118800.000000 -> diff: 11259.126658  render: true forceNext: false
2026-02-15 13:33:59.983 T:8572    debug <avtiming>: CRenderManager::PrepareNextRender: frameOnScreen: 5094884.854905 renderPts: 5161551.526658 nextFramePts: 5152166.000000 -> diff: 9385.526658  render: true forceNext: false
2026-02-15 13:34:00.028 T:8572    debug <avtiming>: CRenderManager::PrepareNextRender: frameOnScreen: 5140880.154905 renderPts: 5207546.826658 nextFramePts: 5185533.000000 -> diff: 22013.826658  render: true forceNext: false
2026-02-15 13:34:00.060 T:8572    debug <avtiming>: CRenderManager::PrepareNextRender: frameOnScreen: 5172921.554905 renderPts: 5239588.226658 nextFramePts: 5218900.000000 -> diff: 20688.226658  render: true forceNext: false
2026-02-15 13:34:00.100 T:8572    debug <avtiming>: CRenderManager::PrepareNextRender: frameOnScreen: 5211823.554905 renderPts: 5278490.226658 nextFramePts: 5252266.000000 -> diff: 26224.226658  render: true forceNext: false
2026-02-15 13:34:00.138 T:8572    debug <avtiming>: CRenderManager::PrepareNextRender: frameOnScreen: 5250069.254905 renderPts: 5316735.926658 nextFramePts: 5285633.000000 -> diff: 31102.926658  render: true forceNext: false
2026-02-15 13:34:00.170 T:8572    debug <avtiming>: CRenderManager::PrepareNextRender: frameOnScreen: 5282186.954905 renderPts: 5348853.626658 nextFramePts: 5319000.000000 -> diff: 29853.626658  render: true forceNext: false
2026-02-15 13:34:00.200 T:8572    debug <avtiming>: CRenderManager::PrepareNextRender: frameOnScreen: 5313405.454905 renderPts: 5380072.126658 nextFramePts: 5352366.000000 -> diff: 27706.126658  render: true forceNext: false
2026-02-15 13:34:00.247 T:8572    debug <avtiming>: CRenderManager::PrepareNextRender: frameOnScreen: 5360275.954905 renderPts: 5426942.626658 nextFramePts: 5385733.000000 -> diff: 41209.626658  render: true forceNext: false
2026-02-15 13:34:00.279 T:8572    debug <avtiming>: CRenderManager::PrepareNextRender: frameOnScreen: 5390666.854905 renderPts: 5457333.526658 nextFramePts: 5419100.000000 -> diff: 38233.526658  render: true forceNext: false
2026-02-15 13:34:00.311 T:8572    debug <avtiming>: CRenderManager::PrepareNextRender: frameOnScreen: 5421862.254905 renderPts: 5488528.926658 nextFramePts: 5485833.000000 -> diff: 2695.926658  render: true forceNext: false
2026-02-15 13:34:00.343 T:8572    debug <avtiming>: CRenderManager::PrepareNextRender: frameOnScreen: 5454742.754905 renderPts: 5521409.426658 nextFramePts: 5519200.000000 -> diff: 2209.426658  render: true forceNext: false
2026-02-15 13:34:00.389 T:8572    debug <avtiming>: CRenderManager::PrepareNextRender: frameOnScreen: 5500358.054905 renderPts: 5567024.726658 nextFramePts: 5552566.000000 -> diff: 14458.726658  render: true forceNext: false
2026-02-15 13:34:00.421 T:8572    debug <avtiming>: CRenderManager::PrepareNextRender: frameOnScreen: 5532142.654905 renderPts: 5598809.326658 nextFramePts: 5585933.000000 -> diff: 12876.326658  render: true forceNext: false
2026-02-15 13:34:00.467 T:8572    debug <avtiming>: CRenderManager::PrepareNextRender: frameOnScreen: 5578335.054905 renderPts: 5645001.726658 nextFramePts: 5619300.000000 -> diff: 25701.726658  render: true forceNext: false
2026-02-15 13:34:00.498 T:8572    debug <avtiming>: CRenderManager::PrepareNextRender: frameOnScreen: 5610150.654905 renderPts: 5676817.326658 nextFramePts: 5652666.000000 -> diff: 24151.326658  render: true forceNext: false
2026-02-15 13:34:00.530 T:8572    debug <avtiming>: CRenderManager::PrepareNextRender: frameOnScreen: 5642034.854905 renderPts: 5708701.526658 nextFramePts: 5686033.000000 -> diff: 22668.526658  render: true forceNext: false
2026-02-15 13:34:00.561 T:8572    debug <avtiming>: CRenderManager::PrepareNextRender: frameOnScreen: 5673656.754905 renderPts: 5740323.426658 nextFramePts: 5719400.000000 -> diff: 20923.426658  render: true forceNext: false
2026-02-15 13:34:00.591 T:8572    debug <avtiming>: CRenderManager::PrepareNextRender: frameOnScreen: 5703711.354905 renderPts: 5770378.026658 nextFramePts: 5752766.000000 -> diff: 17612.026658  render: true forceNext: false
2026-02-15 13:34:00.629 T:8572    debug <avtiming>: CRenderManager::PrepareNextRender: frameOnScreen: 5742119.854905 renderPts: 5808786.526658 nextFramePts: 5786133.000000 -> diff: 22653.526658  render: true forceNext: false
2026-02-15 13:34:00.669 T:8572    debug <avtiming>: CRenderManager::PrepareNextRender: frameOnScreen: 5781535.654905 renderPts: 5848202.326658 nextFramePts: 5819500.000000 -> diff: 28702.326658  render: true forceNext: false
2026-02-15 13:34:00.701 T:8572    debug <avtiming>: CRenderManager::PrepareNextRender: frameOnScreen: 5813633.754905 renderPts: 5880300.426658 nextFramePts: 5852866.000000 -> diff: 27434.426658  render: true forceNext: false
2026-02-15 13:34:00.733 T:8572    debug <avtiming>: CRenderManager::PrepareNextRender: frameOnScreen: 5844255.654905 renderPts: 5910922.326658 nextFramePts: 5886233.000000 -> diff: 24689.326658  render: true forceNext: false
2026-02-15 13:34:00.779 T:8572    debug <avtiming>: CRenderManager::PrepareNextRender: frameOnScreen: 5890609.954905 renderPts: 5957276.626658 nextFramePts: 5919600.000000 -> diff: 37676.626658  render: true forceNext: false
2026-02-15 13:34:00.813 T:8572    debug <avtiming>: CRenderManager::PrepareNextRender: frameOnScreen: 5924453.754905 renderPts: 5991120.426658 nextFramePts: 5986333.000000 -> diff: 4787.426658  render: true forceNext: false
2026-02-15 13:34:00.841 T:8572    debug <avtiming>: CRenderManager::PrepareNextRender: frameOnScreen: 5953970.054905 renderPts: 6020636.726658 nextFramePts: 6019700.000000 -> diff: 936.726658  render: true forceNext: false
2026-02-15 13:34:00.874 T:8572    debug <avtiming>: CRenderManager::PrepareNextRender: frameOnScreen: 5985424.954905 renderPts: 6052091.626658 nextFramePts: 6053066.000000 -> diff: -974.373342  render: false forceNext: false
2026-02-15 13:34:00.920 T:8572    debug <avtiming>: CRenderManager::PrepareNextRender: frameOnScreen: 6031365.154905 renderPts: 6098031.826658 nextFramePts: 6086433.000000 -> diff: 11598.826658  render: true forceNext: false
2026-02-15 13:34:00.951 T:8572    debug <avtiming>: CRenderManager::PrepareNextRender: frameOnScreen: 6062607.554905 renderPts: 6129274.226658 nextFramePts: 6119800.000000 -> diff: 9474.226658  render: true forceNext: false
2026-02-15 13:34:00.983 T:8572    debug <avtiming>: CRenderManager::PrepareNextRender: frameOnScreen: 6094505.754905 renderPts: 6161172.426658 nextFramePts: 6153166.000000 -> diff: 8006.426658  render: true forceNext: false
2026-02-15 13:34:01.030 T:8572    debug <avtiming>: CRenderManager::PrepareNextRender: frameOnScreen: 6141043.854905 renderPts: 6207710.526658 nextFramePts: 6186533.000000 -> diff: 21177.526658  render: true forceNext: false
2026-02-15 13:34:01.062 T:8572    debug <avtiming>: CRenderManager::PrepareNextRender: frameOnScreen: 6173721.654905 renderPts: 6240388.326658 nextFramePts: 6219900.000000 -> diff: 20488.326658  render: true forceNext: false
2026-02-15 13:34:01.092 T:8572    debug <avtiming>: CRenderManager::PrepareNextRender: frameOnScreen: 6203338.954905 renderPts: 6270005.626658 nextFramePts: 6253266.000000 -> diff: 16739.626658  render: true forceNext: false
2026-02-15 13:34:01.147 T:8572    debug <avtiming>: CRenderManager::PrepareNextRender: frameOnScreen: 6258330.154905 renderPts: 6324996.826658 nextFramePts: 6286633.000000 -> diff: 38363.826658  render: true forceNext: false
2026-02-15 13:34:01.171 T:8572    debug <avtiming>: CRenderManager::PrepareNextRender: frameOnScreen: 6282108.454905 renderPts: 6348775.126658 nextFramePts: 6320000.000000 -> diff: 28775.126658  render: true forceNext: false
2026-02-15 13:34:01.202 T:8572    debug <avtiming>: CRenderManager::PrepareNextRender: frameOnScreen: 6313471.454905 renderPts: 6380138.126658 nextFramePts: 6353366.000000 -> diff: 26772.126658  render: true forceNext: false
2026-02-15 13:34:01.247 T:8572    debug <avtiming>: CRenderManager::PrepareNextRender: frameOnScreen: 6359401.354905 renderPts: 6426068.026658 nextFramePts: 6386733.000000 -> diff: 39335.026658  render: true forceNext: false
2026-02-15 13:34:01.280 T:8572    debug <avtiming>: CRenderManager::PrepareNextRender: frameOnScreen: 6390724.854905 renderPts: 6457391.526658 nextFramePts: 6453466.000000 -> diff: 3925.526658  render: true forceNext: false
2026-02-15 13:34:01.327 T:8572    debug <avtiming>: CRenderManager::PrepareNextRender: frameOnScreen: 6438052.354905 renderPts: 6504719.026658 nextFramePts: 6486833.000000 -> diff: 17886.026658  render: true forceNext: false
2026-02-15 13:34:01.358 T:8572    debug <avtiming>: CRenderManager::PrepareNextRender: frameOnScreen: 6469561.454905 renderPts: 6536228.126658 nextFramePts: 6520200.000000 -> diff: 16028.126658  render: true forceNext: false
2026-02-15 13:34:01.390 T:8572    debug <avtiming>: CRenderManager::PrepareNextRender: frameOnScreen: 6500722.354905 renderPts: 6567389.026658 nextFramePts: 6553566.000000 -> diff: 13823.026658  render: true forceNext: false
2026-02-15 13:34:01.436 T:8572    debug <avtiming>: CRenderManager::PrepareNextRender: frameOnScreen: 6547025.254905 renderPts: 6613691.926658 nextFramePts: 6586933.000000 -> diff: 26758.926658  render: true forceNext: false
2026-02-15 13:34:01.468 T:8572    debug <avtiming>: CRenderManager::PrepareNextRender: frameOnScreen: 6579058.954905 renderPts: 6645725.626658 nextFramePts: 6620300.000000 -> diff: 25425.626658  render: true forceNext: false
2026-02-15 13:34:01.499 T:8572    debug <avtiming>: CRenderManager::PrepareNextRender: frameOnScreen: 6610214.754905 renderPts: 6676881.426658 nextFramePts: 6653666.000000 -> diff: 23215.426658  render: true forceNext: false
2026-02-15 13:34:01.530 T:8572    debug <avtiming>: CRenderManager::PrepareNextRender: frameOnScreen: 6641923.154905 renderPts: 6708589.826658 nextFramePts: 6687033.000000 -> diff: 21556.826658  render: true forceNext: false
2026-02-15 13:34:01.561 T:8572    debug <avtiming>: CRenderManager::PrepareNextRender: frameOnScreen: 6672994.754905 renderPts: 6739661.426658 nextFramePts: 6720400.000000 -> diff: 19261.426658  render: true forceNext: false
2026-02-15 13:34:01.591 T:8572    debug <avtiming>: CRenderManager::PrepareNextRender: frameOnScreen: 6704537.554905 renderPts: 6771204.226658 nextFramePts: 6753766.000000 -> diff: 17438.226658  render: true forceNext: false
2026-02-15 13:34:01.637 T:8572    debug <avtiming>: CRenderManager::PrepareNextRender: frameOnScreen: 6750640.954905 renderPts: 6817307.626658 nextFramePts: 6787133.000000 -> diff: 30174.626658  render: true forceNext: false
2026-02-15 13:34:01.677 T:8572    debug <avtiming>: CRenderManager::PrepareNextRender: frameOnScreen: 6790474.354905 renderPts: 6857141.026658 nextFramePts: 6820500.000000 -> diff: 36641.026658  render: true forceNext: false
2026-02-15 13:34:01.699 T:8572    debug <avtiming>: CRenderManager::PrepareNextRender: frameOnScreen: 6813578.854905 renderPts: 6880245.526658 nextFramePts: 6887233.000000 -> diff: -6987.473342  render: false forceNext: false
2026-02-15 13:34:01.731 T:8572    debug <avtiming>: CRenderManager::PrepareNextRender: frameOnScreen: 6845161.454905 renderPts: 6911828.126658 nextFramePts: 6887233.000000 -> diff: 24595.126658  render: true forceNext: false
2026-02-15 13:34:01.777 T:8572    debug <avtiming>: CRenderManager::PrepareNextRender: frameOnScreen: 6890747.254905 renderPts: 6957413.926658 nextFramePts: 6920600.000000 -> diff: 36813.926658  render: true forceNext: false
2026-02-15 13:34:01.824 T:8572    debug <avtiming>: CRenderManager::PrepareNextRender: frameOnScreen: 6937675.454905 renderPts: 7004342.126658 nextFramePts: 6953966.000000 -> diff: 50376.126658  render: true forceNext: false
2026-02-15 13:34:01.856 T:8572    debug <avtiming>: CRenderManager::PrepareNextRender: frameOnScreen: 6968735.954905 renderPts: 7035402.626658 nextFramePts: 7020700.000000 -> diff: 14702.626658  render: true forceNext: false
2026-02-15 13:34:01.889 T:8572    debug <avtiming>: CRenderManager::PrepareNextRender: frameOnScreen: 7000885.854905 renderPts: 7067552.526658 nextFramePts: 7054066.000000 -> diff: 13486.526658  render: true forceNext: false
2026-02-15 13:34:01.936 T:8572    debug <avtiming>: CRenderManager::PrepareNextRender: frameOnScreen: 7047177.454905 renderPts: 7113844.126658 nextFramePts: 7087433.000000 -> diff: 26411.126658  render: true forceNext: false
2026-02-15 13:34:01.982 T:8572    debug <avtiming>: CRenderManager::PrepareNextRender: frameOnScreen: 7093857.554905 renderPts: 7160524.226658 nextFramePts: 7120800.000000 -> diff: 39724.226658  render: true forceNext: false
2026-02-15 13:34:02.015 T:8572    debug <avtiming>: CRenderManager::PrepareNextRender: frameOnScreen: 7125084.054905 renderPts: 7191750.726658 nextFramePts: 7154166.000000 -> diff: 37584.726658  render: true forceNext: false
2026-02-15 13:34:02.046 T:8572    debug <avtiming>: CRenderManager::PrepareNextRender: frameOnScreen: 7157115.654905 renderPts: 7223782.326658 nextFramePts: 7187533.000000 -> diff: 36249.326658  render: true forceNext: false
2026-02-15 13:34:02.078 T:8572    debug <avtiming>: CRenderManager::PrepareNextRender: frameOnScreen: 7188917.154905 renderPts: 7255583.826658 nextFramePts: 7220900.000000 -> diff: 34683.826658  render: true forceNext: false
2026-02-15 13:34:02.108 T:8572    debug <avtiming>: CRenderManager::PrepareNextRender: frameOnScreen: 7219826.954905 renderPts: 7286493.626658 nextFramePts: 7287633.000000 -> diff: -1139.373342  render: false forceNext: false
2026-02-15 13:34:02.138 T:8572    debug <avtiming>: CRenderManager::PrepareNextRender: frameOnScreen: 7250910.054905 renderPts: 7317576.726658 nextFramePts: 7287633.000000 -> diff: 29943.726658  render: true forceNext: false
2026-02-15 13:34:02.170 T:8572    debug <avtiming>: CRenderManager::PrepareNextRender: frameOnScreen: 7282425.454905 renderPts: 7349092.126658 nextFramePts: 7321000.000000 -> diff: 28092.126658  render: true forceNext: false
2026-02-15 13:34:02.209 T:8572    debug <avtiming>: CRenderManager::PrepareNextRender: frameOnScreen: 7322189.454905 renderPts: 7388856.126658 nextFramePts: 7354366.000000 -> diff: 34490.126658  render: true forceNext: false
2026-02-15 13:34:02.231 T:8572    debug <avtiming>: CRenderManager::PrepareNextRender: frameOnScreen: 7344804.354905 renderPts: 7411471.026658 nextFramePts: 7387733.000000 -> diff: 23738.026658  render: true forceNext: false
2026-02-15 13:34:02.262 T:8572    debug <general>: ------ Window Init (VideoOSD.xml) ------
2026-02-15 13:34:02.262 T:8572     info <general>: Loading skin file: VideoOSD.xml, load type: KEEP_IN_MEMORY
2026-02-15 13:34:02.278 T:8572    debug <general>: ------ Window Init (Pointer.xml) ------
2026-02-15 13:34:02.278 T:8572    debug <general>: ------ Window Init (DialogSeekBar.xml) ------
2026-02-15 13:34:02.279 T:8572    debug <general>: ------ Window Init (Custom_1109_TopBarOverlay.xml) ------
2026-02-15 13:34:02.280 T:8572    debug <avtiming>: CRenderManager::PrepareNextRender: frameOnScreen: 7393664.554905 renderPts: 7460331.226658 nextFramePts: 7421100.000000 -> diff: 39231.226658  render: true forceNext: false
2026-02-15 13:34:02.309 T:8572    debug <avtiming>: CRenderManager::PrepareNextRender: frameOnScreen: 7423454.954905 renderPts: 7490121.626658 nextFramePts: 7454466.000000 -> diff: 35655.626658  render: true forceNext: false
2026-02-15 13:34:02.340 T:8572    debug <avtiming>: CRenderManager::PrepareNextRender: frameOnScreen: 7454914.054905 renderPts: 7521580.726658 nextFramePts: 7521200.000000 -> diff: 380.726658  render: true forceNext: false
2026-02-15 13:34:02.372 T:8572    debug <avtiming>: CRenderManager::PrepareNextRender: frameOnScreen: 7487213.454905 renderPts: 7553880.126658 nextFramePts: 7554566.000000 -> diff: -685.873342  render: false forceNext: false
2026-02-15 13:34:02.418 T:8572    debug <avtiming>: CRenderManager::PrepareNextRender: frameOnScreen: 7533318.654905 renderPts: 7599985.326658 nextFramePts: 7587933.000000 -> diff: 12052.326658  render: true forceNext: false
2026-02-15 13:34:02.449 T:8572    debug <avtiming>: CRenderManager::PrepareNextRender: frameOnScreen: 7564981.154905 renderPts: 7631647.826658 nextFramePts: 7621300.000000 -> diff: 10347.826658  render: true forceNext: false
2026-02-15 13:34:02.479 T:8572    debug <avtiming>: CRenderManager::PrepareNextRender: frameOnScreen: 7595862.454905 renderPts: 7662529.126658 nextFramePts: 7654666.000000 -> diff: 7863.126658  render: true forceNext: false
2026-02-15 13:34:02.526 T:8572    debug <avtiming>: CRenderManager::PrepareNextRender: frameOnScreen: 7642052.054905 renderPts: 7708718.726658 nextFramePts: 7688033.000000 -> diff: 20685.726658  render: true forceNext: false
2026-02-15 13:34:02.558 T:8572    debug <avtiming>: CRenderManager::PrepareNextRender: frameOnScreen: 7673503.554905 renderPts: 7740170.226658 nextFramePts: 7721400.000000 -> diff: 18770.226658  render: true forceNext: false
2026-02-15 13:34:02.618 T:8572    debug <avtiming>: CRenderManager::PrepareNextRender: frameOnScreen: 7733172.654905 renderPts: 7799839.326658 nextFramePts: 7754766.000000 -> diff: 45073.326658  render: true forceNext: false
2026-02-15 13:34:02.635 T:8572    debug <avtiming>: CRenderManager::PrepareNextRender: frameOnScreen: 7749988.954905 renderPts: 7816655.626658 nextFramePts: 7788133.000000 -> diff: 28522.626658  render: true forceNext: false
2026-02-15 13:34:02.669 T:8572    debug <avtiming>: CRenderManager::PrepareNextRender: frameOnScreen: 7783954.854905 renderPts: 7850621.526658 nextFramePts: 7821500.000000 -> diff: 29121.526658  render: true forceNext: false
2026-02-15 13:34:02.700 T:8572    debug <avtiming>: CRenderManager::PrepareNextRender: frameOnScreen: 7813782.154905 renderPts: 7880448.826658 nextFramePts: 7854866.000000 -> diff: 25582.826658  render: true forceNext: false
2026-02-15 13:34:02.783 T:8572    debug <avtiming>: CRenderManager::PrepareNextRender: frameOnScreen: 7896031.754905 renderPts: 7962698.426658 nextFramePts: 7888233.000000 -> diff: 74465.426658  render: true forceNext: false
2026-02-15 13:34:02.809 T:8572    debug <avtiming>: CRenderManager::PrepareNextRender: frameOnScreen: 7923049.054905 renderPts: 7989715.726658 nextFramePts: 7988333.000000 -> diff: 1382.726658  render: true forceNext: false
2026-02-15 13:34:02.840 T:8572    debug <avtiming>: CRenderManager::PrepareNextRender: frameOnScreen: 7954987.554905 renderPts: 8021654.226658 nextFramePts: 8021699.000000 -> diff: -44.773342  render: false forceNext: false
2026-02-15 13:34:02.872 T:8572    debug <avtiming>: CRenderManager::PrepareNextRender: frameOnScreen: 7986179.954905 renderPts: 8052846.626658 nextFramePts: 8055066.000000 -> diff: -2219.373342  render: false forceNext: false
2026-02-15 13:34:02.918 T:8572    debug <avtiming>: CRenderManager::PrepareNextRender: frameOnScreen: 8032792.554905 renderPts: 8099459.226658 nextFramePts: 8055066.000000 -> diff: 44393.226658  render: true forceNext: false
2026-02-15 13:34:02.950 T:8572    debug <avtiming>: CRenderManager::PrepareNextRender: frameOnScreen: 8064343.954905 renderPts: 8131010.626658 nextFramePts: 8088433.000000 -> diff: 42577.626658  render: true forceNext: false
2026-02-15 13:34:02.998 T:8572    debug <avtiming>: CRenderManager::PrepareNextRender: frameOnScreen: 8111387.254905 renderPts: 8178053.926658 nextFramePts: 8121800.000000 -> diff: 56253.926658  render: true forceNext: false
2026-02-15 13:34:03.016 T:8572    debug <avtiming>: CRenderManager::PrepareNextRender: frameOnScreen: 8129044.854905 renderPts: 8195711.526658 nextFramePts: 8188533.000000 -> diff: 7178.526658  render: true forceNext: false
2026-02-15 13:34:03.060 T:8572    debug <avtiming>: CRenderManager::PrepareNextRender: frameOnScreen: 8173593.254905 renderPts: 8240259.926658 nextFramePts: 8221900.000000 -> diff: 18359.926658  render: true forceNext: false
2026-02-15 13:34:03.092 T:8572    debug <avtiming>: CRenderManager::PrepareNextRender: frameOnScreen: 8204603.454905 renderPts: 8271270.126658 nextFramePts: 8255266.000000 -> diff: 16004.126658  render: true forceNext: false
2026-02-15 13:34:03.139 T:8572    debug <avtiming>: CRenderManager::PrepareNextRender: frameOnScreen: 8251889.654905 renderPts: 8318556.326658 nextFramePts: 8288633.000000 -> diff: 29923.326658  render: true forceNext: false
2026-02-15 13:34:03.186 T:8572    debug <avtiming>: CRenderManager::PrepareNextRender: frameOnScreen: 8299359.054905 renderPts: 8366025.726658 nextFramePts: 8321999.000000 -> diff: 44026.726658  render: true forceNext: false
2026-02-15 13:34:03.231 T:8572    debug <avtiming>: CRenderManager::PrepareNextRender: frameOnScreen: 8343704.454905 renderPts: 8410371.126658 nextFramePts: 8355366.000000 -> diff: 55005.126658  render: true forceNext: false
2026-02-15 13:34:03.263 T:8572    debug <avtiming>: CRenderManager::PrepareNextRender: frameOnScreen: 8374992.754905 renderPts: 8441659.426658 nextFramePts: 8422100.000000 -> diff: 19559.426658  render: true forceNext: false
2026-02-15 13:34:03.319 T:8572    debug <avtiming>: CRenderManager::PrepareNextRender: frameOnScreen: 8432003.754905 renderPts: 8498670.426658 nextFramePts: 8455466.000000 -> diff: 43204.426658  render: true forceNext: false
2026-02-15 13:34:03.343 T:8572    debug <avtiming>: CRenderManager::PrepareNextRender: frameOnScreen: 8454169.454905 renderPts: 8520836.126658 nextFramePts: 8488833.000000 -> diff: 32003.126658  render: true forceNext: false
2026-02-15 13:34:03.375 T:8572    debug <avtiming>: CRenderManager::PrepareNextRender: frameOnScreen: 8486132.154905 renderPts: 8552798.826658 nextFramePts: 8522200.000000 -> diff: 30598.826658  render: true forceNext: false
2026-02-15 13:34:03.422 T:8572    debug <avtiming>: CRenderManager::PrepareNextRender: frameOnScreen: 8533104.254905 renderPts: 8599770.926658 nextFramePts: 8555566.000000 -> diff: 44204.926658  render: true forceNext: false
2026-02-15 13:34:03.492 T:8572    debug <avtiming>: CRenderManager::PrepareNextRender: frameOnScreen: 8603673.054905 renderPts: 8670339.726658 nextFramePts: 8622300.000000 -> diff: 48039.726658  render: true forceNext: false
2026-02-15 13:34:03.530 T:8572    debug <avtiming>: CRenderManager::PrepareNextRender: frameOnScreen: 8642263.954905 renderPts: 8708930.626658 nextFramePts: 8655666.000000 -> diff: 53264.626658  render: true forceNext: false
2026-02-15 13:34:03.577 T:8572    debug <avtiming>: CRenderManager::PrepareNextRender: frameOnScreen: 8689385.554905 renderPts: 8756052.226658 nextFramePts: 8722400.000000 -> diff: 33652.226658  render: true forceNext: false
2026-02-15 13:34:03.624 T:8572    debug <avtiming>: CRenderManager::PrepareNextRender: frameOnScreen: 8735329.854905 renderPts: 8801996.526658 nextFramePts: 8755766.000000 -> diff: 46230.526658  render: true forceNext: false
2026-02-15 13:34:03.679 T:8572    debug <avtiming>: CRenderManager::PrepareNextRender: frameOnScreen: 8790010.854905 renderPts: 8856677.526658 nextFramePts: 8789133.000000 -> diff: 67544.526658  render: true forceNext: false
2026-02-15 13:34:03.718 T:8572    debug <avtiming>: CRenderManager::PrepareNextRender: frameOnScreen: 8829423.054905 renderPts: 8896089.726658 nextFramePts: 8889233.000000 -> diff: 6856.726658  render: true forceNext: false
2026-02-15 13:34:03.765 T:8572    debug <avtiming>: CRenderManager::PrepareNextRender: frameOnScreen: 8876329.254905 renderPts: 8942995.926658 nextFramePts: 8922600.000000 -> diff: 20395.926658  render: true forceNext: false
2026-02-15 13:34:03.812 T:8572    debug <avtiming>: CRenderManager::PrepareNextRender: frameOnScreen: 8923297.354905 renderPts: 8989964.026658 nextFramePts: 8955966.000000 -> diff: 33998.026658  render: true forceNext: false
2026-02-15 13:34:03.866 T:8572    debug <avtiming>: CRenderManager::PrepareNextRender: frameOnScreen: 8975860.954905 renderPts: 9042527.626658 nextFramePts: 8989333.000000 -> diff: 53194.626658  render: true forceNext: false
2026-02-15 13:34:03.879 T:8572    debug <avtiming>: CRenderManager::PrepareNextRender: frameOnScreen: 8988189.254905 renderPts: 9054855.926658 nextFramePts: 9056066.000000 -> diff: -1210.073342  render: false forceNext: false
2026-02-15 13:34:03.908 T:8572    debug <avtiming>: CRenderManager::PrepareNextRender: frameOnScreen: 9017778.054905 renderPts: 9084444.726658 nextFramePts: 9056066.000000 -> diff: 28378.726658  render: true forceNext: false
2026-02-15 13:34:03.970 T:8572    debug <avtiming>: CRenderManager::PrepareNextRender: frameOnScreen: 9079994.654905 renderPts: 9146661.326658 nextFramePts: 9089433.000000 -> diff: 57228.326658  render: true forceNext: false
2026-02-15 13:34:04.030 T:8572    debug <avtiming>: CRenderManager::PrepareNextRender: frameOnScreen: 9141742.354905 renderPts: 9208409.026658 nextFramePts: 9156166.000000 -> diff: 52243.026658  render: true forceNext: false
2026-02-15 13:34:04.091 T:8572    debug <avtiming>: CRenderManager::PrepareNextRender: frameOnScreen: 9204169.154905 renderPts: 9270835.826658 nextFramePts: 9222900.000000 -> diff: 47935.826658  render: true forceNext: false
2026-02-15 13:34:04.138 T:8572    debug <avtiming>: CRenderManager::PrepareNextRender: frameOnScreen: 9250909.154905 renderPts: 9317575.826658 nextFramePts: 9289633.000000 -> diff: 27942.826658  render: true forceNext: false
2026-02-15 13:34:04.170 T:8572    debug <avtiming>: CRenderManager::PrepareNextRender: frameOnScreen: 9282825.754905 renderPts: 9349492.426658 nextFramePts: 9323000.000000 -> diff: 26492.426658  render: true forceNext: false
2026-02-15 13:34:04.231 T:8572    debug <avtiming>: CRenderManager::PrepareNextRender: frameOnScreen: 9345253.954905 renderPts: 9411920.626658 nextFramePts: 9356366.000000 -> diff: 55554.626658  render: true forceNext: false
2026-02-15 13:34:04.262 T:8572    debug <avtiming>: CRenderManager::PrepareNextRender: frameOnScreen: 9375975.054905 renderPts: 9442641.726658 nextFramePts: 9423100.000000 -> diff: 19541.726658  render: true forceNext: false
2026-02-15 13:34:04.294 T:8572    debug <avtiming>: CRenderManager::PrepareNextRender: frameOnScreen: 9407632.254905 renderPts: 9474298.926658 nextFramePts: 9456466.000000 -> diff: 17832.926658  render: true forceNext: false
2026-02-15 13:34:04.325 T:8572    debug <avtiming>: CRenderManager::PrepareNextRender: frameOnScreen: 9438119.754905 renderPts: 9504786.426658 nextFramePts: 9489833.000000 -> diff: 14953.426658  render: true forceNext: false
2026-02-15 13:34:04.373 T:8572    debug <avtiming>: CRenderManager::PrepareNextRender: frameOnScreen: 9486276.754905 renderPts: 9552943.426658 nextFramePts: 9523200.000000 -> diff: 29743.426658  render: true forceNext: false
2026-02-15 13:34:04.418 T:8572    debug <avtiming>: CRenderManager::PrepareNextRender: frameOnScreen: 9532285.354905 renderPts: 9598952.026658 nextFramePts: 9556566.000000 -> diff: 42386.026658  render: true forceNext: false
2026-02-15 13:34:04.466 T:8572    debug <avtiming>: CRenderManager::PrepareNextRender: frameOnScreen: 9579477.254905 renderPts: 9646143.926658 nextFramePts: 9589933.000000 -> diff: 56210.926658  render: true forceNext: false
2026-02-15 13:34:04.497 T:8572    debug <avtiming>: CRenderManager::PrepareNextRender: frameOnScreen: 9610167.954905 renderPts: 9676834.626658 nextFramePts: 9656666.000000 -> diff: 20168.626658  render: true forceNext: false
2026-02-15 13:34:04.528 T:8572    debug <avtiming>: CRenderManager::PrepareNextRender: frameOnScreen: 9642273.754905 renderPts: 9708940.426658 nextFramePts: 9690033.000000 -> diff: 18907.426658  render: true forceNext: false
2026-02-15 13:34:04.560 T:8572    debug <avtiming>: CRenderManager::PrepareNextRender: frameOnScreen: 9673753.354905 renderPts: 9740420.026658 nextFramePts: 9723400.000000 -> diff: 17020.026658  render: true forceNext: false
2026-02-15 13:34:04.599 T:8572    debug <avtiming>: CRenderManager::PrepareNextRender: frameOnScreen: 9711401.554905 renderPts: 9778068.226658 nextFramePts: 9756766.000000 -> diff: 21302.226658  render: true forceNext: false
2026-02-15 13:34:04.639 T:8572    debug <avtiming>: CRenderManager::PrepareNextRender: frameOnScreen: 9751975.054905 renderPts: 9818641.726658 nextFramePts: 9790133.000000 -> diff: 28508.726658  render: true forceNext: false
2026-02-15 13:34:04.670 T:8572    debug <avtiming>: CRenderManager::PrepareNextRender: frameOnScreen: 9782683.554905 renderPts: 9849350.226658 nextFramePts: 9823500.000000 -> diff: 25850.226658  render: true forceNext: false
2026-02-15 13:34:04.681 T:9772    debug <general>: CPtsTracker: pattern lost on diff 66733.000000, number of losses 1
2026-02-15 13:34:04.701 T:8572    debug <avtiming>: CRenderManager::PrepareNextRender: frameOnScreen: 9812971.754905 renderPts: 9879638.426658 nextFramePts: 9856866.000000 -> diff: 22772.426658  render: true forceNext: false
2026-02-15 13:34:04.715 T:9772    debug <video>: CVideoPlayerVideo::CalcDropRequirement - dropped in decoder, lateframes: 1, Bufferlevel: 5, dropped: 2
2026-02-15 13:34:04.748 T:8572    debug <avtiming>: CRenderManager::PrepareNextRender: frameOnScreen: 9860190.154905 renderPts: 9926856.826658 nextFramePts: 9890233.000000 -> diff: 36623.826658  render: true forceNext: false
2026-02-15 13:34:04.780 T:8572    debug <avtiming>: CRenderManager::PrepareNextRender: frameOnScreen: 9891298.254905 renderPts: 9957964.926658 nextFramePts: 9956966.000000 -> diff: 998.926658  render: true forceNext: false
2026-02-15 13:34:04.805 T:7836     info <Platinum>: [platinum.inputdatagramstream]: PLT_InputDatagramStream received 0
2026-02-15 13:34:04.805 T:7836     info <Platinum>: Skipped 1 duplicate messages..
2026-02-15 13:34:04.805 T:7836  warning <Platinum>: [neptune.http]: NPT_CHECK failed, result=-20014 (NPT_ERROR_TIMEOUT) [(stream.ReadLine(line, NPT_HTTP_PROTOCOL_MAX_LINE_LENGTH))]
2026-02-15 13:34:04.805 T:7836     info <Platinum>: [neptune.http]: NPT_CHECK failed, result=-20014 (NPT_ERROR_TIMEOUT) [(result)]
2026-02-15 13:34:04.805 T:5452     info <Platinum>: [platinum.inputdatagramstream]: PLT_InputDatagramStream received 160
2026-02-15 13:34:04.806 T:5452     info <Platinum>: [platinum.inputdatagramstream]: PLT_InputDatagramStream requested 4096, consumed 160, left 0
2026-02-15 13:34:04.806 T:5452     info <Platinum>: [platinum.core.devicehost]: PLT_DeviceHost::OnSsdpPacket M-SEARCH for upnp:rootdevice from 192.168.124.145:8324
M-SEARCH * HTTP/1.1
MX: 5
ST: upnp:rootdevice
MAN: "ssdp:discover"
User-Agent: UPnP/1.0 DLNADOC/1.50 Kodi
Connection: close
Host: 239.255.255.250:1900

2026-02-15 13:34:04.807 T:5452     info <Platinum>: [platinum.inputdatagramstream]: PLT_InputDatagramStream received 160
2026-02-15 13:34:04.807 T:5452     info <Platinum>: [platinum.inputdatagramstream]: PLT_InputDatagramStream requested 4096, consumed 160, left 0
2026-02-15 13:34:04.807 T:5452     info <Platinum>: [platinum.core.devicehost]: PLT_DeviceHost::OnSsdpPacket M-SEARCH for upnp:rootdevice from 192.168.124.145:8324
M-SEARCH * HTTP/1.1
MX: 5
ST: upnp:rootdevice
MAN: "ssdp:discover"
User-Agent: UPnP/1.0 DLNADOC/1.50 Kodi
Connection: close
Host: 239.255.255.250:1900

2026-02-15 13:34:04.808 T:2392     info <Platinum>: [neptune.sockets.bsd]: connecting to 192.168.124.145, port 8324
2026-02-15 13:34:04.809 T:2392     info <Platinum>: Skipped 1 duplicate messages..
2026-02-15 13:34:04.809 T:2392     info <Platinum>: [platinum.core.devicehost]: Responding to a M-SEARCH request for upnp:rootdevice
2026-02-15 13:34:04.809 T:7836     info <Platinum>: [platinum.inputdatagramstream]: PLT_InputDatagramStream received 300
2026-02-15 13:34:04.809 T:7836     info <Platinum>: [platinum.inputdatagramstream]: PLT_InputDatagramStream requested 4096, consumed 300, left 0
2026-02-15 13:34:04.809 T:7836     info <Platinum>: [platinum.core.ctrlpoint]: CtrlPoint received a search response from ourselves (f2f6bf68-0275-7210-ab9d-bc89719a5c48)

2026-02-15 13:34:04.842 T:8572    debug <avtiming>: CRenderManager::PrepareNextRender: frameOnScreen: 9954323.354905 renderPts: 10020990.026658 nextFramePts: 9990333.000000 -> diff: 30657.026658  render: true forceNext: false
2026-02-15 13:34:04.880 T:8572    debug <avtiming>: CRenderManager::PrepareNextRender: frameOnScreen: 9992119.454905 renderPts: 10058786.126658 nextFramePts: 10057066.000000 -> diff: 1720.126658  render: true forceNext: false
2026-02-15 13:34:04.905 T:8572    debug <avtiming>: CRenderManager::PrepareNextRender: frameOnScreen: 10016419.254905 renderPts: 10083085.926658 nextFramePts: 10090433.000000 -> diff: -7347.073342  render: false forceNext: false
2026-02-15 13:34:04.937 T:8572    debug <avtiming>: CRenderManager::PrepareNextRender: frameOnScreen: 10047555.954905 renderPts: 10114222.626658 nextFramePts: 10123800.000000 -> diff: -9577.373342  render: false forceNext: false
2026-02-15 13:34:04.969 T:8572    debug <avtiming>: CRenderManager::PrepareNextRender: frameOnScreen: 10079503.954905 renderPts: 10146170.626658 nextFramePts: 10123800.000000 -> diff: 22370.626658  render: true forceNext: false
2026-02-15 13:34:05.015 T:8572    debug <avtiming>: CRenderManager::PrepareNextRender: frameOnScreen: 10125936.154905 renderPts: 10192602.826658 nextFramePts: 10157166.000000 -> diff: 35436.826658  render: true forceNext: false
2026-02-15 13:34:05.048 T:8572    debug <avtiming>: CRenderManager::PrepareNextRender: frameOnScreen: 10156682.454905 renderPts: 10223349.126658 nextFramePts: 10190533.000000 -> diff: 32816.126658  render: true forceNext: false
2026-02-15 13:34:05.080 T:8572    debug <avtiming>: CRenderManager::PrepareNextRender: frameOnScreen: 10189195.054905 renderPts: 10255861.726658 nextFramePts: 10223900.000000 -> diff: 31961.726658  render: true forceNext: false
2026-02-15 13:34:05.126 T:8572    debug <avtiming>: CRenderManager::PrepareNextRender: frameOnScreen: 10235351.954905 renderPts: 10302018.626658 nextFramePts: 10257266.000000 -> diff: 44752.626658  render: true forceNext: false
2026-02-15 13:34:05.157 T:8572    debug <avtiming>: CRenderManager::PrepareNextRender: frameOnScreen: 10266909.654905 renderPts: 10333576.326658 nextFramePts: 10290633.000000 -> diff: 42943.326658  render: true forceNext: false
2026-02-15 13:34:05.189 T:8572    debug <avtiming>: CRenderManager::PrepareNextRender: frameOnScreen: 10298261.754905 renderPts: 10364928.426658 nextFramePts: 10357366.000000 -> diff: 7562.426658  render: true forceNext: false
2026-02-15 13:34:05.235 T:8572    debug <avtiming>: CRenderManager::PrepareNextRender: frameOnScreen: 10344751.654905 renderPts: 10411418.326658 nextFramePts: 10390733.000000 -> diff: 20685.326658  render: true forceNext: false
2026-02-15 13:34:05.281 T:8572    debug <avtiming>: CRenderManager::PrepareNextRender: frameOnScreen: 10391248.954905 renderPts: 10457915.626658 nextFramePts: 10424100.000000 -> diff: 33815.626658  render: true forceNext: false
2026-02-15 13:34:05.328 T:8572    debug <avtiming>: CRenderManager::PrepareNextRender: frameOnScreen: 10438277.854905 renderPts: 10504944.526658 nextFramePts: 10457466.000000 -> diff: 47478.526658  render: true forceNext: false
2026-02-15 13:34:05.376 T:8572    debug <avtiming>: CRenderManager::PrepareNextRender: frameOnScreen: 10485718.754905 renderPts: 10552385.426658 nextFramePts: 10490833.000000 -> diff: 61552.426658  render: true forceNext: false
2026-02-15 13:34:05.413 T:8572    debug <avtiming>: CRenderManager::PrepareNextRender: frameOnScreen: 10523225.854905 renderPts: 10589892.526658 nextFramePts: 10557566.000000 -> diff: 32326.526658  render: true forceNext: false
2026-02-15 13:34:05.438 T:8572    debug <general>: CInputManager::ProcessMouse: trying mouse action leftclick
2026-02-15 13:34:05.439 T:8572    debug <avtiming>: CRenderManager::PrepareNextRender: frameOnScreen: 10549986.254905 renderPts: 10616652.926658 nextFramePts: 10590933.000000 -> diff: 25719.926658  render: true forceNext: false
2026-02-15 13:34:05.454 T:2500    debug <general>: CVideoPlayer::SetCaching - caching state 2
2026-02-15 13:34:05.454 T:2500    debug <general>: CDVDClock::SetSpeedAdjust - adjusted:0.000000
2026-02-15 13:34:05.454 T:2500    debug <general>: CVideoPlayer::FlushBuffers - flushing buffers
2026-02-15 13:34:05.454 T:7288    debug <general>: CDVDAudio::Pause - pausing audio stream
2026-02-15 13:34:05.474 T:5384    debug <general>: ffmpeg[0x1ea181b9bd0]: [SWR] Using s16p internally between filters
2026-02-15 13:34:05.484 T:8572    debug <avtiming>: CRenderManager::PrepareNextRender: frameOnScreen: 10563607.554905 renderPts: 10630274.226658 nextFramePts: 10624300.000000 -> diff: 5974.226658  render: true forceNext: false
2026-02-15 13:34:05.499 T:7288    debug <general>: CDVDAudio::Flush - flush audio stream
2026-02-15 13:34:05.500 T:7288    debug <general>: CDVDAudio::Pause - pausing audio stream
2026-02-15 13:34:05.500 T:7288    debug <general>: CVideoPlayerAudio - CDVDMsg::GENERAL_SYNCHRONIZE
2026-02-15 13:34:05.500 T:9772    debug <general>: CVideoPlayerVideo - CDVDMsg::GENERAL_SYNCHRONIZE
2026-02-15 13:34:05.500 T:2500    debug <general>: DVDNAV_HOP_CHANNEL
2026-02-15 13:34:05.500 T:2500    debug <general>: CVideoPlayer::FlushBuffers - flushing buffers
2026-02-15 13:34:05.510 T:7288    debug <general>: CDVDAudio::Flush - flush audio stream
2026-02-15 13:34:05.510 T:7288    debug <general>: CDVDAudio::Pause - pausing audio stream
2026-02-15 13:34:05.510 T:7288    debug <general>: CVideoPlayerAudio - CDVDMsg::GENERAL_SYNCHRONIZE
2026-02-15 13:34:05.510 T:9772    debug <general>: CVideoPlayerVideo - CDVDMsg::GENERAL_SYNCHRONIZE
2026-02-15 13:34:05.510 T:2500    debug <general>: CDVDInputStreamNavigator::ProcessBlock - Cell change: Title 1, Chapter 1
2026-02-15 13:34:05.510 T:2500    debug <general>: CDVDInputStreamNavigator::ProcessBlock - At position 16% inside the feature
2026-02-15 13:34:05.510 T:2500    debug <general>: DVDNAV_CELL_CHANGE
2026-02-15 13:34:05.512 T:3596    debug <general>: CFileCache::XFILE::CFileCache::Process - <nfs://192.168.1.20/volume1/iso/01/か/Kalafina/[2009-03-04] Seventh Heaven (DVD)/dvd_video.iso> cache completely reset for seek to position 409176064
2026-02-15 13:34:05.523 T:2500    debug <general>: DVDNAV_NAV_PACKET (HOLDING)
2026-02-15 13:34:05.624 T:2500    debug <general>: DVDNAV_NAV_PACKET - DISCONTINUITY FROM:15295633 TO:344124133 DIFF:328828500
2026-02-15 13:34:05.624 T:9772    debug <general>: CVideoPlayerVideo - Stillframe left, switching to normal playback
2026-02-15 13:34:05.624 T:9772    debug <video>: CVideoPlayerVideo::CalcDropRequirement - hurry: 0
2026-02-15 13:34:05.633 T:2500    debug <general>: Skipped 1 duplicate messages..
2026-02-15 13:34:05.633 T:2500    debug <general>: CVideoPlayer::HandleMessages - player started 1
2026-02-15 13:34:05.633 T:5484    debug <general>: CApplicationPlayerCallback::OnAVChange: call
2026-02-15 13:34:05.636 T:8572    debug <avtiming>: CRenderManager::PrepareNextRender: frameOnScreen: 10563607.554905 renderPts: 10630274.226658 nextFramePts: 344124133.000000 -> diff: -333493858.773342  render: false forceNext: true
2026-02-15 13:34:05.644 T:2500    debug <general>: CVideoPlayer::HandleMessages - player started 2
2026-02-15 13:34:05.644 T:2500    debug <general>: CVideoPlayer::SetCaching - caching state 3
2026-02-15 13:34:05.644 T:2500    debug <general>: CDVDClock::SetSpeedAdjust - adjusted:0.000000
2026-02-15 13:34:05.644 T:2500    debug <general>: CVideoPlayer::SetCaching - caching state 0
2026-02-15 13:34:05.644 T:2500    debug <general>: CDVDClock::SetSpeedAdjust - adjusted:0.000000
2026-02-15 13:34:05.644 T:2500    debug <general>: VideoPlayer::Sync - Audio - pts: 344150633.000000, cache: 455652.384266, totalcache: 800000.011921
2026-02-15 13:34:05.644 T:2500    debug <general>: VideoPlayer::Sync - Video - pts: 344124133.000000, cache: 50000.000000, totalcache: 100000.000000
2026-02-15 13:34:05.644 T:7288    debug <general>: CVideoPlayerAudio - CDVDMsg::GENERAL_RESYNC(343694980.615734), level: 95, cache: 464212.717599
2026-02-15 13:34:05.644 T:9772    debug <general>: CVideoPlayerVideo - CDVDMsg::GENERAL_RESYNC(343694980.615734)
2026-02-15 13:34:05.644 T:7288    debug <general>: CDVDAudio::Resume - resume audio stream
2026-02-15 13:34:05.644 T:9772    debug <video>: CVideoPlayerVideo::CalcDropRequirement - hurry: 0
2026-02-15 13:34:05.644 T:5384    debug <general>: ffmpeg[0x1ea181b9bd0]: [SWR] Using fltp internally between filters
2026-02-15 13:34:05.644 T:5384    debug <general>: ActiveAE - start sync of audio stream
2026-02-15 13:34:05.646 T:9772    debug <video>: CVideoPlayerVideo::CalcDropRequirement - hurry: 1
2026-02-15 13:34:05.658 T:8572    debug <avtiming>: CRenderManager::PrepareNextRender: frameOnScreen: 343709416.615734 renderPts: 343776083.287487 nextFramePts: 344157500.000000 -> diff: -381416.712513  render: false forceNext: false
2026-02-15 13:34:05.663 T:6628    debug <database>: CVideoDatabase::GetMovieId: (nfs://192.168.1.20/volume1/iso/01/か/Kalafina/[2009-03-04] Seventh Heaven (DVD)/dvd_video.iso), query = SELECT idMedia FROM videoversion WHERE idFile = 4 AND media_type = 'movie' AND itemType = 1
2026-02-15 13:34:05.664 T:6628    debug <database>: CVideoDatabase::GetEpisodeId: (nfs://192.168.1.20/volume1/iso/01/か/Kalafina/[2009-03-04] Seventh Heaven (DVD)/dvd_video.iso), query = select idEpisode from episode where idFile=4
2026-02-15 13:34:05.664 T:6628    debug <database>: CVideoDatabase::GetMusicVideoId: (nfs://192.168.1.20/volume1/iso/01/か/Kalafina/[2009-03-04] Seventh Heaven (DVD)/dvd_video.iso), query = select idMVideo from musicvideo where idFile=4
2026-02-15 13:34:05.668 T:6628  warning <announce>: ANNOUNCEMENT::CAnnouncementManager::DoAnnounce: CAnnouncementManager - Announcement: OnAVChange from xbmc
2026-02-15 13:34:05.705 T:8572    debug <avtiming>: CRenderManager::PrepareNextRender: frameOnScreen: 343756084.615734 renderPts: 343822751.287487 nextFramePts: 344157500.000000 -> diff: -334748.712513  render: false forceNext: false
2026-02-15 13:34:05.736 T:8572    debug <avtiming>: CRenderManager::PrepareNextRender: frameOnScreen: 343786237.515734 renderPts: 343852904.187487 nextFramePts: 344157500.000000 -> diff: -304595.812513  render: false forceNext: false
2026-02-15 13:34:05.745 T:5384    debug <general>: ActiveAE::SyncStream - average error of -7.139731, start adjusting
2026-02-15 13:34:05.745 T:5384    debug <general>: ActiveAE::SyncStream - average error -0.014731 below threshold of 30.000000
2026-02-15 13:34:05.752 T:8572    debug <avtiming>: CRenderManager::PrepareNextRender: frameOnScreen: 343801941.315734 renderPts: 343868607.987487 nextFramePts: 344157500.000000 -> diff: -288892.012513  render: false forceNext: false
2026-02-15 13:34:05.783 T:8572    debug <avtiming>: CRenderManager::PrepareNextRender: frameOnScreen: 343833711.915734 renderPts: 343900378.587487 nextFramePts: 344157500.000000 -> diff: -257121.412513  render: false forceNext: false
2026-02-15 13:34:05.831 T:8572    debug <avtiming>: CRenderManager::PrepareNextRender: frameOnScreen: 343881198.015734 renderPts: 343947864.687487 nextFramePts: 344157500.000000 -> diff: -209635.312513  render: false forceNext: false
2026-02-15 13:34:05.861 T:8572    debug <avtiming>: CRenderManager::PrepareNextRender: frameOnScreen: 343912636.115734 renderPts: 343979302.787487 nextFramePts: 344157500.000000 -> diff: -178197.212513  render: false forceNext: false
2026-02-15 13:34:05.907 T:8572    debug <avtiming>: CRenderManager::PrepareNextRender: frameOnScreen: 343958657.215734 renderPts: 344025323.887487 nextFramePts: 344157500.000000 -> diff: -132176.112513  render: false forceNext: false
2026-02-15 13:34:05.962 T:8572    debug <avtiming>: CRenderManager::PrepareNextRender: frameOnScreen: 344013317.415734 renderPts: 344079984.087487 nextFramePts: 344157500.000000 -> diff: -77515.912513  render: false forceNext: false
2026-02-15 13:34:06.000 T:8572    debug <avtiming>: CRenderManager::PrepareNextRender: frameOnScreen: 344052051.615734 renderPts: 344118718.287487 nextFramePts: 344157500.000000 -> diff: -38781.712513  render: false forceNext: false
2026-02-15 13:34:06.047 T:8572    debug <avtiming>: CRenderManager::PrepareNextRender: frameOnScreen: 344098962.515734 renderPts: 344165629.187487 nextFramePts: 344157500.000000 -> diff: 8129.187487  render: true forceNext: false
2026-02-15 13:34:06.079 T:8572    debug <avtiming>: CRenderManager::PrepareNextRender: frameOnScreen: 344130012.215734 renderPts: 344196678.887487 nextFramePts: 344190866.000000 -> diff: 5812.887487  render: true forceNext: false
2026-02-15 13:34:06.110 T:8572    debug <avtiming>: CRenderManager::PrepareNextRender: frameOnScreen: 344161918.515734 renderPts: 344228585.187487 nextFramePts: 344224233.000000 -> diff: 4352.187487  render: true forceNext: false
2026-02-15 13:34:06.127 T:8572    debug <avtiming>: CRenderManager::PrepareNextRender: frameOnScreen: 344178408.015734 renderPts: 344245074.687487 nextFramePts: 344257600.000000 -> diff: -12525.312513  render: false forceNext: false
2026-02-15 13:34:06.157 T:8572    debug <avtiming>: CRenderManager::PrepareNextRender: frameOnScreen: 344209062.315734 renderPts: 344275728.987487 nextFramePts: 344290966.000000 -> diff: -15237.012513  render: false forceNext: false
2026-02-15 13:34:06.220 T:8572    debug <avtiming>: CRenderManager::PrepareNextRender: frameOnScreen: 344272136.315734 renderPts: 344338802.987487 nextFramePts: 344290966.000000 -> diff: 47836.987487  render: true forceNext: false
2026-02-15 13:34:06.250 T:8572    debug <avtiming>: CRenderManager::PrepareNextRender: frameOnScreen: 344302828.915734 renderPts: 344369495.587487 nextFramePts: 344324333.000000 -> diff: 45162.587487  render: true forceNext: false
2026-02-15 13:34:06.281 T:8572    debug <avtiming>: CRenderManager::PrepareNextRender: frameOnScreen: 344334286.015734 renderPts: 344400952.687487 nextFramePts: 344357700.000000 -> diff: 43252.687487  render: true forceNext: false
2026-02-15 13:34:06.327 T:8572    debug <avtiming>: CRenderManager::PrepareNextRender: frameOnScreen: 344380051.915734 renderPts: 344446718.587487 nextFramePts: 344391066.000000 -> diff: 55652.587487  render: true forceNext: false
2026-02-15 13:34:06.374 T:8572    debug <avtiming>: CRenderManager::PrepareNextRender: frameOnScreen: 344427117.715734 renderPts: 344493784.387487 nextFramePts: 344457800.000000 -> diff: 35984.387487  render: true forceNext: false
2026-02-15 13:34:06.436 T:8572    debug <avtiming>: CRenderManager::PrepareNextRender: frameOnScreen: 344489548.215734 renderPts: 344556214.887487 nextFramePts: 344524533.000000 -> diff: 31681.887487  render: true forceNext: false
2026-02-15 13:34:06.507 T:8572    debug <avtiming>: CRenderManager::PrepareNextRender: frameOnScreen: 344560692.015734 renderPts: 344627358.687487 nextFramePts: 344557900.000000 -> diff: 69458.687487  render: true forceNext: false
2026-02-15 13:34:06.545 T:8572    debug <avtiming>: CRenderManager::PrepareNextRender: frameOnScreen: 344599266.715734 renderPts: 344665933.387487 nextFramePts: 344624633.000000 -> diff: 41300.387487  render: true forceNext: false
2026-02-15 13:34:06.577 T:8572    debug <avtiming>: CRenderManager::PrepareNextRender: frameOnScreen: 344631376.015734 renderPts: 344698042.687487 nextFramePts: 344658000.000000 -> diff: 40042.687487  render: true forceNext: false
2026-02-15 13:34:06.638 T:8572    debug <avtiming>: CRenderManager::PrepareNextRender: frameOnScreen: 344693561.315734 renderPts: 344760227.987487 nextFramePts: 344691366.000000 -> diff: 68861.987487  render: true forceNext: false
2026-02-15 13:34:06.669 T:8572    debug <avtiming>: CRenderManager::PrepareNextRender: frameOnScreen: 344724943.315734 renderPts: 344791609.987487 nextFramePts: 344791466.000000 -> diff: 143.987487  render: true forceNext: false
2026-02-15 13:34:06.698 T:8572    debug <avtiming>: CRenderManager::PrepareNextRender: frameOnScreen: 344754769.415734 renderPts: 344821436.087487 nextFramePts: 344824833.000000 -> diff: -3396.912513  render: false forceNext: false
2026-02-15 13:34:06.746 T:8572    debug <avtiming>: CRenderManager::PrepareNextRender: frameOnScreen: 344802401.315734 renderPts: 344869067.987487 nextFramePts: 344858200.000000 -> diff: 10867.987487  render: true forceNext: false
2026-02-15 13:34:06.779 T:8572    debug <avtiming>: CRenderManager::PrepareNextRender: frameOnScreen: 344835124.015734 renderPts: 344901790.687487 nextFramePts: 344891566.000000 -> diff: 10224.687487  render: true forceNext: false
2026-02-15 13:34:06.808 T:8572    debug <avtiming>: CRenderManager::PrepareNextRender: frameOnScreen: 344865590.615734 renderPts: 344932257.287487 nextFramePts: 344924933.000000 -> diff: 7324.287487  render: true forceNext: false
2026-02-15 13:34:06.840 T:8572    debug <avtiming>: CRenderManager::PrepareNextRender: frameOnScreen: 344897358.615734 renderPts: 344964025.287487 nextFramePts: 344958300.000000 -> diff: 5725.287487  render: true forceNext: false
2026-02-15 13:34:06.871 T:8572    debug <avtiming>: CRenderManager::PrepareNextRender: frameOnScreen: 344928539.215734 renderPts: 344995205.887487 nextFramePts: 344991666.000000 -> diff: 3539.887487  render: true forceNext: false
2026-02-15 13:34:06.901 T:8572    debug <avtiming>: CRenderManager::PrepareNextRender: frameOnScreen: 344959779.915734 renderPts: 345026446.587487 nextFramePts: 345025033.000000 -> diff: 1413.587487  render: true forceNext: false
2026-02-15 13:34:06.947 T:8572    debug <avtiming>: CRenderManager::PrepareNextRender: frameOnScreen: 345005381.015734 renderPts: 345072047.687487 nextFramePts: 345058400.000000 -> diff: 13647.687487  render: true forceNext: false
2026-02-15 13:34:06.979 T:8572    debug <avtiming>: CRenderManager::PrepareNextRender: frameOnScreen: 345036780.415734 renderPts: 345103447.087487 nextFramePts: 345091766.000000 -> diff: 11681.087487  render: true forceNext: false
2026-02-15 13:34:07.019 T:8572    debug <avtiming>: CRenderManager::PrepareNextRender: frameOnScreen: 345076016.715734 renderPts: 345142683.387487 nextFramePts: 345125133.000000 -> diff: 17550.387487  render: true forceNext: false
2026-02-15 13:34:07.058 T:8572    debug <avtiming>: CRenderManager::PrepareNextRender: frameOnScreen: 345115183.715734 renderPts: 345181850.387487 nextFramePts: 345158500.000000 -> diff: 23350.387487  render: true forceNext: false
2026-02-15 13:34:07.106 T:8572    debug <avtiming>: CRenderManager::PrepareNextRender: frameOnScreen: 345162108.615734 renderPts: 345228775.287487 nextFramePts: 345191866.000000 -> diff: 36909.287487  render: true forceNext: false
2026-02-15 13:34:07.138 T:8572    debug <avtiming>: CRenderManager::PrepareNextRender: frameOnScreen: 345193293.615734 renderPts: 345259960.287487 nextFramePts: 345225233.000000 -> diff: 34727.287487  render: true forceNext: false
2026-02-15 13:34:07.170 T:8572    debug <avtiming>: CRenderManager::PrepareNextRender: frameOnScreen: 345225843.315734 renderPts: 345292509.987487 nextFramePts: 345258600.000000 -> diff: 33909.987487  render: true forceNext: false
2026-02-15 13:34:07.188 T:8572    debug <avtiming>: CRenderManager::PrepareNextRender: frameOnScreen: 345243450.115734 renderPts: 345310116.787487 nextFramePts: 345291966.000000 -> diff: 18150.787487  render: true forceNext: false
2026-02-15 13:34:07.215 T:8572    debug <avtiming>: CRenderManager::PrepareNextRender: frameOnScreen: 345270887.315734 renderPts: 345337553.987487 nextFramePts: 345325333.000000 -> diff: 12220.987487  render: true forceNext: false
2026-02-15 13:34:07.246 T:8572    debug <avtiming>: CRenderManager::PrepareNextRender: frameOnScreen: 345303413.015734 renderPts: 345370079.687487 nextFramePts: 345358700.000000 -> diff: 11379.687487  render: true forceNext: false
2026-02-15 13:34:07.278 T:8572    debug <avtiming>: CRenderManager::PrepareNextRender: frameOnScreen: 345333227.815734 renderPts: 345399894.487487 nextFramePts: 345392066.000000 -> diff: 7828.487487  render: true forceNext: false
2026-02-15 13:34:07.309 T:8572    debug <avtiming>: CRenderManager::PrepareNextRender: frameOnScreen: 345365719.215734 renderPts: 345432385.887487 nextFramePts: 345425433.000000 -> diff: 6952.887487  render: true forceNext: false
2026-02-15 13:34:07.340 T:8572    debug <avtiming>: CRenderManager::PrepareNextRender: frameOnScreen: 345396969.415734 renderPts: 345463636.087487 nextFramePts: 345458800.000000 -> diff: 4836.087487  render: true forceNext: false
2026-02-15 13:34:07.372 T:8572    debug <avtiming>: CRenderManager::PrepareNextRender: frameOnScreen: 345427508.115734 renderPts: 345494174.787487 nextFramePts: 345492166.000000 -> diff: 2008.787487  render: true forceNext: false
2026-02-15 13:34:07.418 T:8572    debug <avtiming>: CRenderManager::PrepareNextRender: frameOnScreen: 345474104.615734 renderPts: 345540771.287487 nextFramePts: 345525533.000000 -> diff: 15238.287487  render: true forceNext: false
2026-02-15 13:34:07.450 T:8572    debug <avtiming>: CRenderManager::PrepareNextRender: frameOnScreen: 345506739.115734 renderPts: 345573405.787487 nextFramePts: 345558900.000000 -> diff: 14505.787487  render: true forceNext: false
2026-02-15 13:34:07.496 T:8572    debug <avtiming>: CRenderManager::PrepareNextRender: frameOnScreen: 345552778.215734 renderPts: 345619444.887487 nextFramePts: 345592266.000000 -> diff: 27178.887487  render: true forceNext: false
2026-02-15 13:34:07.536 T:8572    debug <avtiming>: CRenderManager::PrepareNextRender: frameOnScreen: 345593104.115734 renderPts: 345659770.787487 nextFramePts: 345625633.000000 -> diff: 34137.787487  render: true forceNext: false
2026-02-15 13:34:07.588 T:8572    debug <avtiming>: CRenderManager::PrepareNextRender: frameOnScreen: 345645782.615734 renderPts: 345712449.287487 nextFramePts: 345659000.000000 -> diff: 53449.287487  render: true forceNext: false
2026-02-15 13:34:07.620 T:8572    debug <avtiming>: CRenderManager::PrepareNextRender: frameOnScreen: 345678527.515734 renderPts: 345745194.187487 nextFramePts: 345725733.000000 -> diff: 19461.187487  render: true forceNext: false
2026-02-15 13:34:07.667 T:8572    debug <avtiming>: CRenderManager::PrepareNextRender: frameOnScreen: 345724760.715734 renderPts: 345791427.387487 nextFramePts: 345759100.000000 -> diff: 32327.387487  render: true forceNext: false
2026-02-15 13:34:07.697 T:8572    debug <avtiming>: CRenderManager::PrepareNextRender: frameOnScreen: 345755082.915734 renderPts: 345821749.587487 nextFramePts: 345792466.000000 -> diff: 29283.587487  render: true forceNext: false
2026-02-15 13:34:07.728 T:8572    debug <avtiming>: CRenderManager::PrepareNextRender: frameOnScreen: 345787471.815734 renderPts: 345854138.487487 nextFramePts: 345825833.000000 -> diff: 28305.487487  render: true forceNext: false
2026-02-15 13:34:07.759 T:8572    debug <avtiming>: CRenderManager::PrepareNextRender: frameOnScreen: 345818734.615734 renderPts: 345885401.287487 nextFramePts: 345859200.000000 -> diff: 26201.287487  render: true forceNext: false
2026-02-15 13:34:07.791 T:8572    debug <avtiming>: CRenderManager::PrepareNextRender: frameOnScreen: 345850191.015734 renderPts: 345916857.687487 nextFramePts: 345892566.000000 -> diff: 24291.687487  render: true forceNext: false
2026-02-15 13:34:07.822 T:8572    debug <avtiming>: CRenderManager::PrepareNextRender: frameOnScreen: 345881860.015734 renderPts: 345948526.687487 nextFramePts: 345925933.000000 -> diff: 22593.687487  render: true forceNext: false
2026-02-15 13:34:07.838 T:10260    info <Platinum>: [neptune.sockets.bsd]: connecting to 192.168.124.145, port 8324
2026-02-15 13:34:07.839 T:10260    info <Platinum>: Skipped 1 duplicate messages..
2026-02-15 13:34:07.839 T:10260    info <Platinum>: [platinum.core.devicehost]: Responding to a M-SEARCH request for upnp:rootdevice
2026-02-15 13:34:07.839 T:7836     info <Platinum>: [platinum.inputdatagramstream]: PLT_InputDatagramStream received 300
2026-02-15 13:34:07.839 T:7836     info <Platinum>: [platinum.inputdatagramstream]: PLT_InputDatagramStream requested 4096, consumed 300, left 0
2026-02-15 13:34:07.839 T:7836     info <Platinum>: [platinum.core.ctrlpoint]: CtrlPoint received a search response from ourselves (f2f6bf68-0275-7210-ab9d-bc89719a5c48)

2026-02-15 13:34:07.852 T:8572    debug <avtiming>: CRenderManager::PrepareNextRender: frameOnScreen: 345912204.515734 renderPts: 345978871.187487 nextFramePts: 345959300.000000 -> diff: 19571.187487  render: true forceNext: false
2026-02-15 13:34:07.898 T:8572    debug <avtiming>: CRenderManager::PrepareNextRender: frameOnScreen: 345958701.115734 renderPts: 346025367.787487 nextFramePts: 345992666.000000 -> diff: 32701.787487  render: true forceNext: false
2026-02-15 13:34:07.930 T:8572    debug <avtiming>: CRenderManager::PrepareNextRender: frameOnScreen: 345991003.615734 renderPts: 346057670.287487 nextFramePts: 346026033.000000 -> diff: 31637.287487  render: true forceNext: false
2026-02-15 13:34:07.961 T:8572    debug <avtiming>: CRenderManager::PrepareNextRender: frameOnScreen: 346022188.015734 renderPts: 346088854.687487 nextFramePts: 346059400.000000 -> diff: 29454.687487  render: true forceNext: false
2026-02-15 13:34:07.992 T:8572    debug <avtiming>: CRenderManager::PrepareNextRender: frameOnScreen: 346053887.515734 renderPts: 346120554.187487 nextFramePts: 346092766.000000 -> diff: 27788.187487  render: true forceNext: false
2026-02-15 13:34:08.023 T:8572    debug <avtiming>: CRenderManager::PrepareNextRender: frameOnScreen: 346083280.215734 renderPts: 346149946.887487 nextFramePts: 346126133.000000 -> diff: 23813.887487  render: true forceNext: false
2026-02-15 13:34:08.064 T:8572    debug <avtiming>: CRenderManager::PrepareNextRender: frameOnScreen: 346125071.115734 renderPts: 346191737.787487 nextFramePts: 346159500.000000 -> diff: 32237.787487  render: true forceNext: false
2026-02-15 13:34:08.087 T:8572    debug <avtiming>: CRenderManager::PrepareNextRender: frameOnScreen: 346147619.615734 renderPts: 346214286.287487 nextFramePts: 346192866.000000 -> diff: 21420.287487  render: true forceNext: false
2026-02-15 13:34:08.117 T:8572    debug <avtiming>: CRenderManager::PrepareNextRender: frameOnScreen: 346178092.215734 renderPts: 346244758.887487 nextFramePts: 346226233.000000 -> diff: 18525.887487  render: true forceNext: false
2026-02-15 13:34:08.148 T:8572    debug <avtiming>: CRenderManager::PrepareNextRender: frameOnScreen: 346209710.915734 renderPts: 346276377.587487 nextFramePts: 346259600.000000 -> diff: 16777.587487  render: true forceNext: false
2026-02-15 13:34:08.194 T:8572    debug <avtiming>: CRenderManager::PrepareNextRender: frameOnScreen: 346255499.115734 renderPts: 346322165.787487 nextFramePts: 346292966.000000 -> diff: 29199.787487  render: true forceNext: false
2026-02-15 13:34:08.227 T:8572    debug <avtiming>: CRenderManager::PrepareNextRender: frameOnScreen: 346287086.315734 renderPts: 346353752.987487 nextFramePts: 346326333.000000 -> diff: 27419.987487  render: true forceNext: false
2026-02-15 13:34:08.257 T:8572    debug <avtiming>: CRenderManager::PrepareNextRender: frameOnScreen: 346318684.415734 renderPts: 346385351.087487 nextFramePts: 346359700.000000 -> diff: 25651.087487  render: true forceNext: false
2026-02-15 13:34:08.288 T:8572    debug <avtiming>: CRenderManager::PrepareNextRender: frameOnScreen: 346350026.715734 renderPts: 346416693.387487 nextFramePts: 346393066.000000 -> diff: 23627.387487  render: true forceNext: false
2026-02-15 13:34:08.320 T:8572    debug <avtiming>: CRenderManager::PrepareNextRender: frameOnScreen: 346382574.915734 renderPts: 346449241.587487 nextFramePts: 346426433.000000 -> diff: 22808.587487  render: true forceNext: false
2026-02-15 13:34:08.349 T:8572    debug <avtiming>: CRenderManager::PrepareNextRender: frameOnScreen: 346412605.815734 renderPts: 346479272.487487 nextFramePts: 346459800.000000 -> diff: 19472.487487  render: true forceNext: false
2026-02-15 13:34:08.380 T:8572    debug <avtiming>: CRenderManager::PrepareNextRender: frameOnScreen: 346442877.915734 renderPts: 346509544.587487 nextFramePts: 346493166.000000 -> diff: 16378.587487  render: true forceNext: false
2026-02-15 13:34:08.413 T:8572    debug <avtiming>: CRenderManager::PrepareNextRender: frameOnScreen: 346475332.615734 renderPts: 346541999.287487 nextFramePts: 346526533.000000 -> diff: 15466.287487  render: true forceNext: false
2026-02-15 13:34:08.459 T:8572    debug <avtiming>: CRenderManager::PrepareNextRender: frameOnScreen: 346521897.715734 renderPts: 346588564.387487 nextFramePts: 346559900.000000 -> diff: 28664.387487  render: true forceNext: false
2026-02-15 13:34:08.476 T:8572    debug <avtiming>: CRenderManager::PrepareNextRender: frameOnScreen: 346537844.315734 renderPts: 346604510.987487 nextFramePts: 346593266.000000 -> diff: 11244.987487  render: true forceNext: false
2026-02-15 13:34:08.506 T:8572    debug <avtiming>: CRenderManager::PrepareNextRender: frameOnScreen: 346568570.215734 renderPts: 346635236.887487 nextFramePts: 346626633.000000 -> diff: 8603.887487  render: true forceNext: false
2026-02-15 13:34:08.538 T:8572    debug <avtiming>: CRenderManager::PrepareNextRender: frameOnScreen: 346600909.415734 renderPts: 346667576.087487 nextFramePts: 346660000.000000 -> diff: 7576.087487  render: true forceNext: false
2026-02-15 13:34:08.576 T:8572    debug <avtiming>: CRenderManager::PrepareNextRender: frameOnScreen: 346640125.315734 renderPts: 346706791.987487 nextFramePts: 346693366.000000 -> diff: 13425.987487  render: true forceNext: false
2026-02-15 13:34:08.599 T:8572    debug <avtiming>: CRenderManager::PrepareNextRender: frameOnScreen: 346663177.415734 renderPts: 346729844.087487 nextFramePts: 346726733.000000 -> diff: 3111.087487  render: true forceNext: false
2026-02-15 13:34:08.629 T:8572    debug <avtiming>: CRenderManager::PrepareNextRender: frameOnScreen: 346693779.315734 renderPts: 346760445.987487 nextFramePts: 346760100.000000 -> diff: 345.987487  render: true forceNext: false
2026-02-15 13:34:08.660 T:8572    debug <avtiming>: CRenderManager::PrepareNextRender: frameOnScreen: 346723935.215734 renderPts: 346790601.887487 nextFramePts: 346793466.000000 -> diff: -2864.112513  render: false forceNext: false
2026-02-15 13:34:08.690 T:8572    debug <avtiming>: CRenderManager::PrepareNextRender: frameOnScreen: 346754781.815734 renderPts: 346821448.487487 nextFramePts: 346826833.000000 -> diff: -5384.512513  render: false forceNext: false
2026-02-15 13:34:08.706 T:8572    debug <avtiming>: CRenderManager::PrepareNextRender: frameOnScreen: 346770362.115734 renderPts: 346837028.787487 nextFramePts: 346826833.000000 -> diff: 10195.787487  render: true forceNext: false
2026-02-15 13:34:08.739 T:8572    debug <avtiming>: CRenderManager::PrepareNextRender: frameOnScreen: 346803192.715734 renderPts: 346869859.387487 nextFramePts: 346860200.000000 -> diff: 9659.387487  render: true forceNext: false
2026-02-15 13:34:08.771 T:8572    debug <avtiming>: CRenderManager::PrepareNextRender: frameOnScreen: 346835385.315734 renderPts: 346902051.987487 nextFramePts: 346893566.000000 -> diff: 8485.987487  render: true forceNext: false
2026-02-15 13:34:08.786 T:8572    debug <avtiming>: CRenderManager::PrepareNextRender: frameOnScreen: 346849983.815734 renderPts: 346916650.487487 nextFramePts: 346926933.000000 -> diff: -10282.512513  render: false forceNext: false
2026-02-15 13:34:08.816 T:8572    debug <avtiming>: CRenderManager::PrepareNextRender: frameOnScreen: 346881119.015734 renderPts: 346947785.687487 nextFramePts: 346960300.000000 -> diff: -12514.312513  render: false forceNext: false
2026-02-15 13:34:08.847 T:8572    debug <avtiming>: CRenderManager::PrepareNextRender: frameOnScreen: 346912216.215734 renderPts: 346978882.887487 nextFramePts: 346960300.000000 -> diff: 18582.887487  render: true forceNext: false
2026-02-15 13:34:08.878 T:8572    debug <avtiming>: CRenderManager::PrepareNextRender: frameOnScreen: 346944058.815734 renderPts: 347010725.487487 nextFramePts: 346993666.000000 -> diff: 17059.487487  render: true forceNext: false
2026-02-15 13:34:08.911 T:8572    debug <general>: CInputManager::ProcessMouse: trying mouse action leftclick
2026-02-15 13:34:08.912 T:2500    debug <general>: CVideoPlayer::SetCaching - caching state 2
2026-02-15 13:34:08.912 T:2500    debug <general>: CDVDClock::SetSpeedAdjust - adjusted:0.000000
2026-02-15 13:34:08.912 T:2500    debug <general>: CVideoPlayer::FlushBuffers - flushing buffers
2026-02-15 13:34:08.912 T:8572    debug <avtiming>: CRenderManager::PrepareNextRender: frameOnScreen: 346978304.315734 renderPts: 347044970.987487 nextFramePts: 347027033.000000 -> diff: 17937.987487  render: true forceNext: false
2026-02-15 13:34:08.917 T:9772  warning <general>: CVideoPlayerVideo::OutputPicture - timeout waiting for buffer
2026-02-15 13:34:08.918 T:7288    debug <general>: CDVDAudio::Pause - pausing audio stream
2026-02-15 13:34:08.934 T:5384    debug <general>: ffmpeg[0x1ea181b9bd0]: [SWR] Using s16p internally between filters
2026-02-15 13:34:08.954 T:7288    debug <general>: CDVDAudio::Flush - flush audio stream
2026-02-15 13:34:08.954 T:7288    debug <general>: CDVDAudio::Pause - pausing audio stream
2026-02-15 13:34:08.954 T:7288    debug <general>: CVideoPlayerAudio - CDVDMsg::GENERAL_SYNCHRONIZE
2026-02-15 13:34:08.954 T:9772    debug <general>: CVideoPlayerVideo - CDVDMsg::GENERAL_SYNCHRONIZE
2026-02-15 13:34:08.954 T:2500    debug <general>: DVDNAV_HOP_CHANNEL
2026-02-15 13:34:08.954 T:2500    debug <general>: CVideoPlayer::FlushBuffers - flushing buffers
2026-02-15 13:34:08.965 T:7288    debug <general>: CDVDAudio::Flush - flush audio stream
2026-02-15 13:34:08.965 T:7288    debug <general>: CDVDAudio::Pause - pausing audio stream
2026-02-15 13:34:08.965 T:7288    debug <general>: CVideoPlayerAudio - CDVDMsg::GENERAL_SYNCHRONIZE
2026-02-15 13:34:08.965 T:9772    debug <general>: CVideoPlayerVideo - CDVDMsg::GENERAL_SYNCHRONIZE
2026-02-15 13:34:08.965 T:2500    debug <general>: CDVDInputStreamNavigator::ProcessBlock - Cell change: Title 1, Chapter 1
2026-02-15 13:34:08.965 T:2500    debug <general>: CDVDInputStreamNavigator::ProcessBlock - At position 16% inside the feature
2026-02-15 13:34:08.965 T:2500    debug <general>: DVDNAV_CELL_CHANGE
2026-02-15 13:34:08.966 T:2500    debug <general>: DVDNAV_NAV_PACKET (HOLDING)
2026-02-15 13:34:09.069 T:2500    debug <general>: DVDNAV_NAV_PACKET - DISCONTINUITY FROM:351631633 TO:344124133 DIFF:-7507500
2026-02-15 13:34:09.069 T:9772    debug <general>: CVideoPlayerVideo - Stillframe left, switching to normal playback
2026-02-15 13:34:09.069 T:9772    debug <video>: CVideoPlayerVideo::CalcDropRequirement - hurry: 0
2026-02-15 13:34:09.085 T:2500    debug <general>: Skipped 1 duplicate messages..
2026-02-15 13:34:09.085 T:2500    debug <general>: CVideoPlayer::HandleMessages - player started 1
2026-02-15 13:34:09.085 T:5484    debug <general>: CApplicationPlayerCallback::OnAVChange: call
2026-02-15 13:34:09.086 T:8572    debug <avtiming>: CRenderManager::PrepareNextRender: frameOnScreen: 346978304.315734 renderPts: 347044970.987487 nextFramePts: 344124133.000000 -> diff: 2920837.987487  render: true forceNext: true
2026-02-15 13:34:09.096 T:2500    debug <general>: CVideoPlayer::HandleMessages - player started 2
2026-02-15 13:34:09.096 T:2500    debug <general>: CVideoPlayer::SetCaching - caching state 3
2026-02-15 13:34:09.096 T:2500    debug <general>: CDVDClock::SetSpeedAdjust - adjusted:0.000000
2026-02-15 13:34:09.096 T:2500    debug <general>: CVideoPlayer::SetCaching - caching state 0
2026-02-15 13:34:09.096 T:2500    debug <general>: CDVDClock::SetSpeedAdjust - adjusted:0.000000
2026-02-15 13:34:09.096 T:2500    debug <general>: VideoPlayer::Sync - Audio - pts: 344150633.000000, cache: 471031.768901, totalcache: 800000.011921
2026-02-15 13:34:09.096 T:2500    debug <general>: VideoPlayer::Sync - Video - pts: 344124133.000000, cache: 50000.000000, totalcache: 100000.000000
2026-02-15 13:34:09.096 T:7288    debug <general>: CVideoPlayerAudio - CDVDMsg::GENERAL_RESYNC(343679601.231099), level: 95, cache: 454724.368901
2026-02-15 13:34:09.096 T:9772    debug <general>: CVideoPlayerVideo - CDVDMsg::GENERAL_RESYNC(343679601.231099)
2026-02-15 13:34:09.096 T:7288    debug <general>: CDVDAudio::Resume - resume audio stream
2026-02-15 13:34:09.096 T:9772    debug <video>: CVideoPlayerVideo::CalcDropRequirement - hurry: 0
2026-02-15 13:34:09.096 T:5384    debug <general>: ffmpeg[0x1ea181b9bd0]: [SWR] Using fltp internally between filters
2026-02-15 13:34:09.098 T:5384    debug <general>: ActiveAE - start sync of audio stream
2026-02-15 13:34:09.098 T:9772    debug <video>: CVideoPlayerVideo::CalcDropRequirement - hurry: 1
2026-02-15 13:34:09.111 T:8572    debug <avtiming>: CRenderManager::PrepareNextRender: frameOnScreen: 343694834.631099 renderPts: 343761501.302852 nextFramePts: 344157500.000000 -> diff: -395998.697148  render: false forceNext: false
2026-02-15 13:34:09.119 T:6628    debug <database>: CVideoDatabase::GetMovieId: (nfs://192.168.1.20/volume1/iso/01/か/Kalafina/[2009-03-04] Seventh Heaven (DVD)/dvd_video.iso), query = SELECT idMedia FROM videoversion WHERE idFile = 4 AND media_type = 'movie' AND itemType = 1
2026-02-15 13:34:09.119 T:6628    debug <database>: CVideoDatabase::GetEpisodeId: (nfs://192.168.1.20/volume1/iso/01/か/Kalafina/[2009-03-04] Seventh Heaven (DVD)/dvd_video.iso), query = select idEpisode from episode where idFile=4
2026-02-15 13:34:09.119 T:6628    debug <database>: CVideoDatabase::GetMusicVideoId: (nfs://192.168.1.20/volume1/iso/01/か/Kalafina/[2009-03-04] Seventh Heaven (DVD)/dvd_video.iso), query = select idMVideo from musicvideo where idFile=4
2026-02-15 13:34:09.119 T:6628  warning <announce>: ANNOUNCEMENT::CAnnouncementManager::DoAnnounce: CAnnouncementManager - Announcement: OnAVChange from xbmc
2026-02-15 13:34:09.126 T:8572    debug <avtiming>: CRenderManager::PrepareNextRender: frameOnScreen: 343710076.631099 renderPts: 343776743.302852 nextFramePts: 344157500.000000 -> diff: -380756.697148  render: false forceNext: false
2026-02-15 13:34:09.173 T:8572    debug <avtiming>: CRenderManager::PrepareNextRender: frameOnScreen: 343756806.331099 renderPts: 343823473.002852 nextFramePts: 344157500.000000 -> diff: -334026.997148  render: false forceNext: false
2026-02-15 13:34:09.189 T:8572    debug <avtiming>: CRenderManager::PrepareNextRender: frameOnScreen: 343772536.231099 renderPts: 343839202.902852 nextFramePts: 344157500.000000 -> diff: -318297.097148  render: false forceNext: false
2026-02-15 13:34:09.201 T:5384    debug <general>: ActiveAE::SyncStream - average error of 18.773002, start adjusting
2026-02-15 13:34:09.201 T:5384    debug <general>: ActiveAE::SyncStream - average error 0.773002 below threshold of 30.000000
2026-02-15 13:34:09.204 T:8572    debug <avtiming>: CRenderManager::PrepareNextRender: frameOnScreen: 343787324.931099 renderPts: 343853991.602852 nextFramePts: 344157500.000000 -> diff: -303508.397148  render: false forceNext: false
2026-02-15 13:34:09.221 T:8572    debug <avtiming>: CRenderManager::PrepareNextRender: frameOnScreen: 343803376.231099 renderPts: 343870042.902852 nextFramePts: 344157500.000000 -> diff: -287457.097148  render: false forceNext: false
2026-02-15 13:34:09.253 T:8572    debug <avtiming>: CRenderManager::PrepareNextRender: frameOnScreen: 343835812.331099 renderPts: 343902479.002852 nextFramePts: 344157500.000000 -> diff: -255020.997148  render: false forceNext: false
2026-02-15 13:34:09.267 T:8572    debug <avtiming>: CRenderManager::PrepareNextRender: frameOnScreen: 343850377.531099 renderPts: 343917044.202852 nextFramePts: 344157500.000000 -> diff: -240455.797148  render: false forceNext: false
2026-02-15 13:34:09.299 T:8572    debug <avtiming>: CRenderManager::PrepareNextRender: frameOnScreen: 343882412.031099 renderPts: 343949078.702852 nextFramePts: 344157500.000000 -> diff: -208421.297148  render: false forceNext: false
2026-02-15 13:34:09.329 T:8572    debug <avtiming>: CRenderManager::PrepareNextRender: frameOnScreen: 343913288.731099 renderPts: 343979955.402852 nextFramePts: 344157500.000000 -> diff: -177544.597148  render: false forceNext: false
2026-02-15 13:34:09.376 T:8572    debug <avtiming>: CRenderManager::PrepareNextRender: frameOnScreen: 343959862.431099 renderPts: 344026529.102852 nextFramePts: 344157500.000000 -> diff: -130970.897148  render: false forceNext: false
2026-02-15 13:34:09.408 T:8572    debug <avtiming>: CRenderManager::PrepareNextRender: frameOnScreen: 343991829.831099 renderPts: 344058496.502852 nextFramePts: 344157500.000000 -> diff: -99003.497148  render: false forceNext: false
2026-02-15 13:34:09.455 T:8572    debug <avtiming>: CRenderManager::PrepareNextRender: frameOnScreen: 344038657.431099 renderPts: 344105324.102852 nextFramePts: 344157500.000000 -> diff: -52175.897148  render: false forceNext: false
2026-02-15 13:34:09.485 T:8572    debug <avtiming>: CRenderManager::PrepareNextRender: frameOnScreen: 344069613.731099 renderPts: 344136280.402852 nextFramePts: 344157500.000000 -> diff: -21219.597148  render: false forceNext: false
2026-02-15 13:34:09.501 T:8572    debug <avtiming>: CRenderManager::PrepareNextRender: frameOnScreen: 344084604.031099 renderPts: 344151270.702852 nextFramePts: 344157500.000000 -> diff: -6229.297148  render: false forceNext: false
2026-02-15 13:34:09.533 T:8572    debug <avtiming>: CRenderManager::PrepareNextRender: frameOnScreen: 344117217.031099 renderPts: 344183883.702852 nextFramePts: 344190866.000000 -> diff: -6982.297148  render: false forceNext: false
2026-02-15 13:34:09.564 T:8572    debug <avtiming>: CRenderManager::PrepareNextRender: frameOnScreen: 344146897.631099 renderPts: 344213564.302852 nextFramePts: 344190866.000000 -> diff: 22698.302852  render: true forceNext: false
2026-02-15 13:34:09.605 T:8572    debug <avtiming>: CRenderManager::PrepareNextRender: frameOnScreen: 344186788.631099 renderPts: 344253455.302852 nextFramePts: 344224233.000000 -> diff: 29222.302852  render: true forceNext: false
2026-02-15 13:34:09.629 T:8572    debug <avtiming>: CRenderManager::PrepareNextRender: frameOnScreen: 344211343.631099 renderPts: 344278010.302852 nextFramePts: 344257600.000000 -> diff: 20410.302852  render: true forceNext: false
2026-02-15 13:34:09.658 T:8572    debug <avtiming>: CRenderManager::PrepareNextRender: frameOnScreen: 344241770.031099 renderPts: 344308436.702852 nextFramePts: 344290966.000000 -> diff: 17470.702852  render: true forceNext: false
2026-02-15 13:34:09.690 T:8572    debug <avtiming>: CRenderManager::PrepareNextRender: frameOnScreen: 344272733.031099 renderPts: 344339399.702852 nextFramePts: 344324333.000000 -> diff: 15066.702852  render: true forceNext: false
2026-02-15 13:34:09.737 T:8572    debug <avtiming>: CRenderManager::PrepareNextRender: frameOnScreen: 344318929.931099 renderPts: 344385596.602852 nextFramePts: 344357700.000000 -> diff: 27896.602852  render: true forceNext: false
2026-02-15 13:34:09.768 T:8572    debug <avtiming>: CRenderManager::PrepareNextRender: frameOnScreen: 344351544.531099 renderPts: 344418211.202852 nextFramePts: 344391066.000000 -> diff: 27145.202852  render: true forceNext: false
2026-02-15 13:34:09.799 T:8572    debug <avtiming>: CRenderManager::PrepareNextRender: frameOnScreen: 344381440.031099 renderPts: 344448106.702852 nextFramePts: 344424433.000000 -> diff: 23673.702852  render: true forceNext: false
2026-02-15 13:34:09.831 T:8572    debug <avtiming>: CRenderManager::PrepareNextRender: frameOnScreen: 344413992.531099 renderPts: 344480659.202852 nextFramePts: 344457800.000000 -> diff: 22859.202852  render: true forceNext: false
2026-02-15 13:34:09.862 T:8572    debug <avtiming>: CRenderManager::PrepareNextRender: frameOnScreen: 344445450.631099 renderPts: 344512117.302852 nextFramePts: 344491166.000000 -> diff: 20951.302852  render: true forceNext: false
2026-02-15 13:34:09.908 T:8572    debug <avtiming>: CRenderManager::PrepareNextRender: frameOnScreen: 344491005.731099 renderPts: 344557672.402852 nextFramePts: 344524533.000000 -> diff: 33139.402852  render: true forceNext: false
2026-02-15 13:34:09.939 T:8572    debug <avtiming>: CRenderManager::PrepareNextRender: frameOnScreen: 344523035.531099 renderPts: 344589702.202852 nextFramePts: 344557900.000000 -> diff: 31802.202852  render: true forceNext: false
2026-02-15 13:34:09.971 T:8572    debug <avtiming>: CRenderManager::PrepareNextRender: frameOnScreen: 344554823.631099 renderPts: 344621490.302852 nextFramePts: 344591266.000000 -> diff: 30224.302852  render: true forceNext: false
2026-02-15 13:34:10.001 T:8572    debug <avtiming>: CRenderManager::PrepareNextRender: frameOnScreen: 344584979.731099 renderPts: 344651646.402852 nextFramePts: 344624633.000000 -> diff: 27013.402852  render: true forceNext: false
2026-02-15 13:34:10.050 T:8572    debug <avtiming>: CRenderManager::PrepareNextRender: frameOnScreen: 344633854.231099 renderPts: 344700520.902852 nextFramePts: 344658000.000000 -> diff: 42520.902852  render: true forceNext: false
2026-02-15 13:34:10.080 T:8572    debug <avtiming>: CRenderManager::PrepareNextRender: frameOnScreen: 344662940.531099 renderPts: 344729607.202852 nextFramePts: 344724733.000000 -> diff: 4874.202852  render: true forceNext: false
2026-02-15 13:34:10.120 T:8572    debug <avtiming>: CRenderManager::PrepareNextRender: frameOnScreen: 344703702.631099 renderPts: 344770369.302852 nextFramePts: 344758100.000000 -> diff: 12269.302852  render: true forceNext: false
2026-02-15 13:34:10.157 T:8572    debug <avtiming>: CRenderManager::PrepareNextRender: frameOnScreen: 344741172.231099 renderPts: 344807838.902852 nextFramePts: 344791466.000000 -> diff: 16372.902852  render: true forceNext: false
2026-02-15 13:34:10.204 T:8572    debug <avtiming>: CRenderManager::PrepareNextRender: frameOnScreen: 344788544.531099 renderPts: 344855211.202852 nextFramePts: 344824833.000000 -> diff: 30378.202852  render: true forceNext: false
2026-02-15 13:34:10.236 T:8572    debug <avtiming>: CRenderManager::PrepareNextRender: frameOnScreen: 344819133.931099 renderPts: 344885800.602852 nextFramePts: 344858200.000000 -> diff: 27600.602852  render: true forceNext: false
2026-02-15 13:34:10.268 T:8572    debug <avtiming>: CRenderManager::PrepareNextRender: frameOnScreen: 344851431.831099 renderPts: 344918098.502852 nextFramePts: 344891566.000000 -> diff: 26532.502852  render: true forceNext: false
2026-02-15 13:34:10.299 T:8572    debug <avtiming>: CRenderManager::PrepareNextRender: frameOnScreen: 344882838.131099 renderPts: 344949504.802852 nextFramePts: 344924933.000000 -> diff: 24571.802852  render: true forceNext: false
2026-02-15 13:34:10.359 T:8572    debug <avtiming>: CRenderManager::PrepareNextRender: frameOnScreen: 344944408.831099 renderPts: 345011075.502852 nextFramePts: 344958300.000000 -> diff: 52775.502852  render: true forceNext: false
2026-02-15 13:34:10.408 T:8572    debug <avtiming>: CRenderManager::PrepareNextRender: frameOnScreen: 344991481.731099 renderPts: 345058148.402852 nextFramePts: 345025033.000000 -> diff: 33115.402852  render: true forceNext: false
2026-02-15 13:34:10.469 T:8572    debug <avtiming>: CRenderManager::PrepareNextRender: frameOnScreen: 345053715.231099 renderPts: 345120381.902852 nextFramePts: 345058400.000000 -> diff: 61981.902852  render: true forceNext: false
2026-02-15 13:34:10.515 T:8572    debug <avtiming>: CRenderManager::PrepareNextRender: frameOnScreen: 345100099.331099 renderPts: 345166766.002852 nextFramePts: 345125133.000000 -> diff: 41633.002852  render: true forceNext: false
2026-02-15 13:34:10.563 T:8572    debug <avtiming>: CRenderManager::PrepareNextRender: frameOnScreen: 345147660.131099 renderPts: 345214326.802852 nextFramePts: 345191866.000000 -> diff: 22460.802852  render: true forceNext: false
2026-02-15 13:34:10.609 T:8572    debug <avtiming>: CRenderManager::PrepareNextRender: frameOnScreen: 345193712.531099 renderPts: 345260379.202852 nextFramePts: 345225233.000000 -> diff: 35146.202852  render: true forceNext: false
2026-02-15 13:34:10.662 T:8572    debug <avtiming>: CRenderManager::PrepareNextRender: frameOnScreen: 345246961.031099 renderPts: 345313627.702852 nextFramePts: 345258600.000000 -> diff: 55027.702852  render: true forceNext: false
2026-02-15 13:34:10.688 T:8572    debug <avtiming>: CRenderManager::PrepareNextRender: frameOnScreen: 345272626.231099 renderPts: 345339292.902852 nextFramePts: 345325333.000000 -> diff: 13959.902852  render: true forceNext: false
2026-02-15 13:34:10.749 T:8572    debug <avtiming>: CRenderManager::PrepareNextRender: frameOnScreen: 345334823.131099 renderPts: 345401489.802852 nextFramePts: 345358700.000000 -> diff: 42789.802852  render: true forceNext: false
2026-02-15 13:34:10.797 T:8572    debug <avtiming>: CRenderManager::PrepareNextRender: frameOnScreen: 345382375.631099 renderPts: 345449042.302852 nextFramePts: 345392066.000000 -> diff: 56976.302852  render: true forceNext: false
2026-02-15 13:34:10.858 T:8572    debug <avtiming>: CRenderManager::PrepareNextRender: frameOnScreen: 345444432.031099 renderPts: 345511098.702852 nextFramePts: 345458800.000000 -> diff: 52298.702852  render: true forceNext: false
2026-02-15 13:34:10.890 T:8572    debug <avtiming>: CRenderManager::PrepareNextRender: frameOnScreen: 345475821.331099 renderPts: 345542488.002852 nextFramePts: 345525533.000000 -> diff: 16955.002852  render: true forceNext: false
2026-02-15 13:34:10.937 T:8572    debug <avtiming>: CRenderManager::PrepareNextRender: frameOnScreen: 345522587.331099 renderPts: 345589254.002852 nextFramePts: 345558900.000000 -> diff: 30354.002852  render: true forceNext: false
2026-02-15 13:34:10.999 T:8572    debug <avtiming>: CRenderManager::PrepareNextRender: frameOnScreen: 345585490.631099 renderPts: 345652157.302852 nextFramePts: 345592266.000000 -> diff: 59891.302852  render: true forceNext: false
2026-02-15 13:34:11.047 T:8572    debug <avtiming>: CRenderManager::PrepareNextRender: frameOnScreen: 345632181.731099 renderPts: 345698848.402852 nextFramePts: 345659000.000000 -> diff: 39848.402852  render: true forceNext: false
2026-02-15 13:34:11.094 T:8572    debug <avtiming>: CRenderManager::PrepareNextRender: frameOnScreen: 345679056.231099 renderPts: 345745722.902852 nextFramePts: 345725733.000000 -> diff: 19989.902852  render: true forceNext: false
2026-02-15 13:34:11.140 T:8572    debug <avtiming>: CRenderManager::PrepareNextRender: frameOnScreen: 345725063.431099 renderPts: 345791730.102852 nextFramePts: 345759100.000000 -> diff: 32630.102852  render: true forceNext: false
2026-02-15 13:34:11.196 T:8572    debug <avtiming>: CRenderManager::PrepareNextRender: frameOnScreen: 345781205.631099 renderPts: 345847872.302852 nextFramePts: 345792466.000000 -> diff: 55406.302852  render: true forceNext: false
2026-02-15 13:34:11.247 T:8572    debug <general>: CInputManager::ProcessMouse: trying mouse action leftclick
2026-02-15 13:34:11.249 T:8572    debug <avtiming>: CRenderManager::PrepareNextRender: frameOnScreen: 345835377.931099 renderPts: 345902044.602852 nextFramePts: 345859200.000000 -> diff: 42844.602852  render: true forceNext: false
2026-02-15 13:34:11.263 T:2500    debug <general>: CVideoPlayer::SetCaching - caching state 2
2026-02-15 13:34:11.263 T:2500    debug <general>: CDVDClock::SetSpeedAdjust - adjusted:0.000000
2026-02-15 13:34:11.263 T:2500    debug <general>: CVideoPlayer::FlushBuffers - flushing buffers
2026-02-15 13:34:11.264 T:7288    debug <general>: CDVDAudio::Pause - pausing audio stream
2026-02-15 13:34:11.284 T:5384    debug <general>: ffmpeg[0x1ea181b9bd0]: [SWR] Using s16p internally between filters
2026-02-15 13:34:11.310 T:7288    debug <general>: CDVDAudio::Flush - flush audio stream
2026-02-15 13:34:11.310 T:7288    debug <general>: CDVDAudio::Pause - pausing audio stream
2026-02-15 13:34:11.310 T:7288    debug <general>: CVideoPlayerAudio - CDVDMsg::GENERAL_SYNCHRONIZE
2026-02-15 13:34:11.310 T:9772    debug <general>: CVideoPlayerVideo - CDVDMsg::GENERAL_SYNCHRONIZE
2026-02-15 13:34:11.310 T:2500    debug <general>: DVDNAV_HOP_CHANNEL
2026-02-15 13:34:11.310 T:2500    debug <general>: CVideoPlayer::FlushBuffers - flushing buffers
2026-02-15 13:34:11.320 T:7288    debug <general>: CDVDAudio::Flush - flush audio stream
2026-02-15 13:34:11.320 T:7288    debug <general>: CDVDAudio::Pause - pausing audio stream
2026-02-15 13:34:11.320 T:7288    debug <general>: CVideoPlayerAudio - CDVDMsg::GENERAL_SYNCHRONIZE
2026-02-15 13:34:11.320 T:9772    debug <general>: CVideoPlayerVideo - CDVDMsg::GENERAL_SYNCHRONIZE
2026-02-15 13:34:11.321 T:2500    debug <general>: CDVDInputStreamNavigator::ProcessBlock - Cell change: Title 1, Chapter 1
2026-02-15 13:34:11.321 T:2500    debug <general>: CDVDInputStreamNavigator::ProcessBlock - At position 16% inside the feature
2026-02-15 13:34:11.321 T:2500    debug <general>: DVDNAV_CELL_CHANGE
2026-02-15 13:34:11.321 T:2500    debug <general>: DVDNAV_NAV_PACKET (HOLDING)
2026-02-15 13:34:11.421 T:2500    debug <general>: DVDNAV_NAV_PACKET - DISCONTINUITY FROM:350130133 TO:344124133 DIFF:-6006000
2026-02-15 13:34:11.422 T:9772    debug <general>: CVideoPlayerVideo - Stillframe left, switching to normal playback
2026-02-15 13:34:11.422 T:9772    debug <video>: CVideoPlayerVideo::CalcDropRequirement - hurry: 0
2026-02-15 13:34:11.428 T:2500    debug <general>: Skipped 1 duplicate messages..
2026-02-15 13:34:11.428 T:2500    debug <general>: CVideoPlayer::HandleMessages - player started 1
2026-02-15 13:34:11.428 T:5484    debug <general>: CApplicationPlayerCallback::OnAVChange: call
2026-02-15 13:34:11.436 T:8572    debug <avtiming>: CRenderManager::PrepareNextRender: frameOnScreen: 345849448.831099 renderPts: 345916115.502852 nextFramePts: 344124133.000000 -> diff: 1791982.502852  render: true forceNext: true
2026-02-15 13:34:11.447 T:2500    debug <general>: CVideoPlayer::HandleMessages - player started 2
2026-02-15 13:34:11.447 T:2500    debug <general>: CVideoPlayer::SetCaching - caching state 3
2026-02-15 13:34:11.448 T:2500    debug <general>: CDVDClock::SetSpeedAdjust - adjusted:0.000000
2026-02-15 13:34:11.448 T:2500    debug <general>: CVideoPlayer::SetCaching - caching state 0
2026-02-15 13:34:11.448 T:2500    debug <general>: CDVDClock::SetSpeedAdjust - adjusted:0.000000
2026-02-15 13:34:11.448 T:2500    debug <general>: VideoPlayer::Sync - Audio - pts: 344150633.000000, cache: 457281.241187, totalcache: 800000.011921
2026-02-15 13:34:11.448 T:2500    debug <general>: VideoPlayer::Sync - Video - pts: 344124133.000000, cache: 50000.000000, totalcache: 100000.000000
2026-02-15 13:34:11.448 T:9772    debug <general>: CVideoPlayerVideo - CDVDMsg::GENERAL_RESYNC(343693351.758813)
2026-02-15 13:34:11.448 T:9772    debug <video>: CVideoPlayerVideo::CalcDropRequirement - hurry: 0
2026-02-15 13:34:11.448 T:7288    debug <general>: CVideoPlayerAudio - CDVDMsg::GENERAL_RESYNC(343693351.758813), level: 95, cache: 457357.874520
2026-02-15 13:34:11.448 T:7288    debug <general>: CDVDAudio::Resume - resume audio stream
2026-02-15 13:34:11.448 T:5384    debug <general>: ffmpeg[0x1ea181b9bd0]: [SWR] Using fltp internally between filters
2026-02-15 13:34:11.449 T:5384    debug <general>: ActiveAE - start sync of audio stream
2026-02-15 13:34:11.449 T:6628    debug <database>: CVideoDatabase::GetMovieId: (nfs://192.168.1.20/volume1/iso/01/か/Kalafina/[2009-03-04] Seventh Heaven (DVD)/dvd_video.iso), query = SELECT idMedia FROM videoversion WHERE idFile = 4 AND media_type = 'movie' AND itemType = 1
2026-02-15 13:34:11.450 T:6628    debug <database>: CVideoDatabase::GetEpisodeId: (nfs://192.168.1.20/volume1/iso/01/か/Kalafina/[2009-03-04] Seventh Heaven (DVD)/dvd_video.iso), query = select idEpisode from episode where idFile=4
2026-02-15 13:34:11.450 T:6628    debug <database>: CVideoDatabase::GetMusicVideoId: (nfs://192.168.1.20/volume1/iso/01/か/Kalafina/[2009-03-04] Seventh Heaven (DVD)/dvd_video.iso), query = select idMVideo from musicvideo where idFile=4
2026-02-15 13:34:11.450 T:9772    debug <video>: CVideoPlayerVideo::CalcDropRequirement - hurry: 1
2026-02-15 13:34:11.450 T:6628  warning <announce>: ANNOUNCEMENT::CAnnouncementManager::DoAnnounce: CAnnouncementManager - Announcement: OnAVChange from xbmc
2026-02-15 13:34:11.469 T:8572    debug <avtiming>: CRenderManager::PrepareNextRender: frameOnScreen: 343715054.558813 renderPts: 343781721.230566 nextFramePts: 344157500.000000 -> diff: -375778.769434  render: false forceNext: false
2026-02-15 13:34:11.499 T:8572    debug <avtiming>: CRenderManager::PrepareNextRender: frameOnScreen: 343745678.758813 renderPts: 343812345.430566 nextFramePts: 344157500.000000 -> diff: -345154.569434  render: false forceNext: false
2026-02-15 13:34:11.547 T:8572    debug <avtiming>: CRenderManager::PrepareNextRender: frameOnScreen: 343791699.958813 renderPts: 343858366.630566 nextFramePts: 344157500.000000 -> diff: -299133.369434  render: false forceNext: false
2026-02-15 13:34:11.553 T:5384    debug <general>: ActiveAE::SyncStream - average error of -17.021770, start adjusting
2026-02-15 13:34:11.553 T:5384    debug <general>: ActiveAE::SyncStream - average error -0.000937 below threshold of 30.000000
2026-02-15 13:34:11.579 T:8572    debug <avtiming>: CRenderManager::PrepareNextRender: frameOnScreen: 343823593.658813 renderPts: 343890260.330566 nextFramePts: 344157500.000000 -> diff: -267239.669434  render: false forceNext: false
2026-02-15 13:34:11.610 T:8572    debug <avtiming>: CRenderManager::PrepareNextRender: frameOnScreen: 343854976.158813 renderPts: 343921642.830566 nextFramePts: 344157500.000000 -> diff: -235857.169434  render: false forceNext: false
2026-02-15 13:34:11.656 T:8572    debug <avtiming>: CRenderManager::PrepareNextRender: frameOnScreen: 343901387.058813 renderPts: 343968053.730566 nextFramePts: 344157500.000000 -> diff: -189446.269434  render: false forceNext: false
2026-02-15 13:34:11.725 T:8572    debug <avtiming>: CRenderManager::PrepareNextRender: frameOnScreen: 343970098.458813 renderPts: 344036765.130566 nextFramePts: 344157500.000000 -> diff: -120734.869434  render: false forceNext: false
2026-02-15 13:34:11.766 T:8572    debug <avtiming>: CRenderManager::PrepareNextRender: frameOnScreen: 344010905.358813 renderPts: 344077572.030566 nextFramePts: 344157500.000000 -> diff: -79927.969434  render: false forceNext: false
2026-02-15 13:34:11.828 T:8572    debug <avtiming>: CRenderManager::PrepareNextRender: frameOnScreen: 344073526.058813 renderPts: 344140192.730566 nextFramePts: 344157500.000000 -> diff: -17307.269434  render: false forceNext: false
2026-02-15 13:34:11.875 T:8572    debug <avtiming>: CRenderManager::PrepareNextRender: frameOnScreen: 344120901.858813 renderPts: 344187568.530566 nextFramePts: 344157500.000000 -> diff: 30068.530566  render: true forceNext: false
2026-02-15 13:34:11.937 T:8572    debug <avtiming>: CRenderManager::PrepareNextRender: frameOnScreen: 344182782.358813 renderPts: 344249449.030566 nextFramePts: 344190866.000000 -> diff: 58583.030566  render: true forceNext: false
2026-02-15 13:34:11.984 T:8572    debug <avtiming>: CRenderManager::PrepareNextRender: frameOnScreen: 344229634.358813 renderPts: 344296301.030566 nextFramePts: 344257600.000000 -> diff: 38701.030566  render: true forceNext: false
2026-02-15 13:34:12.031 T:8572    debug <avtiming>: CRenderManager::PrepareNextRender: frameOnScreen: 344276863.258813 renderPts: 344343529.930566 nextFramePts: 344324333.000000 -> diff: 19196.930566  render: true forceNext: false
2026-02-15 13:34:12.079 T:8572    debug <avtiming>: CRenderManager::PrepareNextRender: frameOnScreen: 344323830.458813 renderPts: 344390497.130566 nextFramePts: 344357700.000000 -> diff: 32797.130566  render: true forceNext: false
2026-02-15 13:34:12.140 T:8572    debug <avtiming>: CRenderManager::PrepareNextRender: frameOnScreen: 344385509.058813 renderPts: 344452175.730566 nextFramePts: 344391066.000000 -> diff: 61109.730566  render: true forceNext: false
2026-02-15 13:34:12.188 T:8572    debug <avtiming>: CRenderManager::PrepareNextRender: frameOnScreen: 344432259.658813 renderPts: 344498926.330566 nextFramePts: 344457800.000000 -> diff: 41126.330566  render: true forceNext: false
2026-02-15 13:34:12.243 T:8572    debug <avtiming>: CRenderManager::PrepareNextRender: frameOnScreen: 344487669.858813 renderPts: 344554336.530566 nextFramePts: 344491166.000000 -> diff: 63170.530566  render: true forceNext: false
2026-02-15 13:34:12.297 T:8572    debug <avtiming>: CRenderManager::PrepareNextRender: frameOnScreen: 344541990.158813 renderPts: 344608656.830566 nextFramePts: 344557900.000000 -> diff: 50756.830566  render: true forceNext: false
2026-02-15 13:34:12.358 T:8572    debug <avtiming>: CRenderManager::PrepareNextRender: frameOnScreen: 344604310.358813 renderPts: 344670977.030566 nextFramePts: 344624633.000000 -> diff: 46344.030566  render: true forceNext: false
2026-02-15 13:34:12.392 T:8572    debug <avtiming>: CRenderManager::PrepareNextRender: frameOnScreen: 344637222.258813 renderPts: 344703888.930566 nextFramePts: 344691366.000000 -> diff: 12522.930566  render: true forceNext: false
2026-02-15 13:34:12.437 T:8572    debug <avtiming>: CRenderManager::PrepareNextRender: frameOnScreen: 344682754.858813 renderPts: 344749421.530566 nextFramePts: 344724733.000000 -> diff: 24688.530566  render: true forceNext: false
2026-02-15 13:34:12.484 T:8572    debug <avtiming>: CRenderManager::PrepareNextRender: frameOnScreen: 344729745.058813 renderPts: 344796411.730566 nextFramePts: 344758100.000000 -> diff: 38311.730566  render: true forceNext: false
2026-02-15 13:34:12.547 T:8572    debug <avtiming>: CRenderManager::PrepareNextRender: frameOnScreen: 344792571.958813 renderPts: 344859238.630566 nextFramePts: 344791466.000000 -> diff: 67772.630566  render: true forceNext: false
2026-02-15 13:34:12.609 T:8572    debug <avtiming>: CRenderManager::PrepareNextRender: frameOnScreen: 344854553.758813 renderPts: 344921220.430566 nextFramePts: 344858200.000000 -> diff: 63020.430566  render: true forceNext: false
2026-02-15 13:34:12.640 T:8572    debug <avtiming>: CRenderManager::PrepareNextRender: frameOnScreen: 344886913.158813 renderPts: 344953579.830566 nextFramePts: 344924933.000000 -> diff: 28646.830566  render: true forceNext: false
2026-02-15 13:34:12.687 T:8572    debug <avtiming>: CRenderManager::PrepareNextRender: frameOnScreen: 344932625.558813 renderPts: 344999292.230566 nextFramePts: 344958300.000000 -> diff: 40992.230566  render: true forceNext: false
2026-02-15 13:34:12.756 T:8572    debug <avtiming>: CRenderManager::PrepareNextRender: frameOnScreen: 345003613.658813 renderPts: 345070280.330566 nextFramePts: 345025033.000000 -> diff: 45247.330566  render: true forceNext: false
2026-02-15 13:34:12.779 T:8572    debug <avtiming>: CRenderManager::PrepareNextRender: frameOnScreen: 345025465.758813 renderPts: 345092132.430566 nextFramePts: 345058400.000000 -> diff: 33732.430566  render: true forceNext: false
2026-02-15 13:34:12.797 T:8572    debug <avtiming>: CRenderManager::PrepareNextRender: frameOnScreen: 345043130.958813 renderPts: 345109797.630566 nextFramePts: 345091766.000000 -> diff: 18031.630566  render: true forceNext: false
2026-02-15 13:34:12.827 T:8572    debug <avtiming>: CRenderManager::PrepareNextRender: frameOnScreen: 345074000.558813 renderPts: 345140667.230566 nextFramePts: 345125133.000000 -> diff: 15534.230566  render: true forceNext: false
2026-02-15 13:34:12.873 T:8572    debug <avtiming>: CRenderManager::PrepareNextRender: frameOnScreen: 345119883.758813 renderPts: 345186550.430566 nextFramePts: 345158500.000000 -> diff: 28050.430566  render: true forceNext: false
2026-02-15 13:34:12.936 T:8572    debug <avtiming>: CRenderManager::PrepareNextRender: frameOnScreen: 345182749.658813 renderPts: 345249416.330566 nextFramePts: 345191866.000000 -> diff: 57550.330566  render: true forceNext: false
2026-02-15 13:34:12.998 T:8572    debug <avtiming>: CRenderManager::PrepareNextRender: frameOnScreen: 345245100.058813 renderPts: 345311766.730566 nextFramePts: 345258600.000000 -> diff: 53166.730566  render: true forceNext: false
2026-02-15 13:34:13.031 T:8572    debug <avtiming>: CRenderManager::PrepareNextRender: frameOnScreen: 345278255.058813 renderPts: 345344921.730566 nextFramePts: 345325333.000000 -> diff: 19588.730566  render: true forceNext: false
2026-02-15 13:34:13.076 T:8572    debug <avtiming>: CRenderManager::PrepareNextRender: frameOnScreen: 345323303.758813 renderPts: 345389970.430566 nextFramePts: 345358700.000000 -> diff: 31270.430566  render: true forceNext: false
2026-02-15 13:34:13.137 T:8572    debug <avtiming>: CRenderManager::PrepareNextRender: frameOnScreen: 345385841.558813 renderPts: 345452508.230566 nextFramePts: 345392066.000000 -> diff: 60442.230566  render: true forceNext: false
2026-02-15 13:34:13.170 T:8572    debug <avtiming>: CRenderManager::PrepareNextRender: frameOnScreen: 345418214.558813 renderPts: 345484881.230566 nextFramePts: 345458800.000000 -> diff: 26081.230566  render: true forceNext: false
2026-02-15 13:34:13.216 T:8572    debug <avtiming>: CRenderManager::PrepareNextRender: frameOnScreen: 345464797.958813 renderPts: 345531464.630566 nextFramePts: 345492166.000000 -> diff: 39298.630566  render: true forceNext: false
2026-02-15 13:34:13.248 T:8572    debug <avtiming>: CRenderManager::PrepareNextRender: frameOnScreen: 345496849.958813 renderPts: 345563516.630566 nextFramePts: 345558900.000000 -> diff: 4616.630566  render: true forceNext: false
2026-02-15 13:34:13.275 T:8572    debug <avtiming>: CRenderManager::PrepareNextRender: frameOnScreen: 345523518.558813 renderPts: 345590185.230566 nextFramePts: 345592266.000000 -> diff: -2080.769434  render: false forceNext: false
2026-02-15 13:34:13.309 T:8572    debug <avtiming>: CRenderManager::PrepareNextRender: frameOnScreen: 345557762.958813 renderPts: 345624429.630566 nextFramePts: 345625633.000000 -> diff: -1203.369434  render: false forceNext: false
2026-02-15 13:34:13.341 T:8572    debug <avtiming>: CRenderManager::PrepareNextRender: frameOnScreen: 345590412.358813 renderPts: 345657079.030566 nextFramePts: 345625633.000000 -> diff: 31446.030566  render: true forceNext: false
2026-02-15 13:34:13.372 T:8572    debug <avtiming>: CRenderManager::PrepareNextRender: frameOnScreen: 345620370.958813 renderPts: 345687037.630566 nextFramePts: 345659000.000000 -> diff: 28037.630566  render: true forceNext: false
2026-02-15 13:34:13.404 T:8572    debug <avtiming>: CRenderManager::PrepareNextRender: frameOnScreen: 345652478.258813 renderPts: 345719144.930566 nextFramePts: 345692366.000000 -> diff: 26778.930566  render: true forceNext: false
2026-02-15 13:34:13.435 T:8572    debug <avtiming>: CRenderManager::PrepareNextRender: frameOnScreen: 345682741.958813 renderPts: 345749408.630566 nextFramePts: 345725733.000000 -> diff: 23675.630566  render: true forceNext: false
2026-02-15 13:34:13.467 T:8572    debug <avtiming>: CRenderManager::PrepareNextRender: frameOnScreen: 345715061.358813 renderPts: 345781728.030566 nextFramePts: 345759100.000000 -> diff: 22628.030566  render: true forceNext: false
2026-02-15 13:34:13.506 T:8572    debug <avtiming>: CRenderManager::PrepareNextRender: frameOnScreen: 345754350.458813 renderPts: 345821017.130566 nextFramePts: 345792466.000000 -> diff: 28551.130566  render: true forceNext: false
2026-02-15 13:34:13.536 T:8572    debug <avtiming>: CRenderManager::PrepareNextRender: frameOnScreen: 345785048.158813 renderPts: 345851714.830566 nextFramePts: 345825833.000000 -> diff: 25881.830566  render: true forceNext: false
2026-02-15 13:34:13.560 T:8572    debug <avtiming>: CRenderManager::PrepareNextRender: frameOnScreen: 345809170.658813 renderPts: 345875837.330566 nextFramePts: 345859200.000000 -> diff: 16637.330566  render: true forceNext: false
2026-02-15 13:34:13.606 T:8572    debug <avtiming>: CRenderManager::PrepareNextRender: frameOnScreen: 345855069.358813 renderPts: 345921736.030566 nextFramePts: 345892566.000000 -> diff: 29170.030566  render: true forceNext: false
2026-02-15 13:34:13.638 T:8572    debug <avtiming>: CRenderManager::PrepareNextRender: frameOnScreen: 345886018.058813 renderPts: 345952684.730566 nextFramePts: 345925933.000000 -> diff: 26751.730566  render: true forceNext: false
2026-02-15 13:34:13.673 T:8572    debug <avtiming>: CRenderManager::PrepareNextRender: frameOnScreen: 345920816.958813 renderPts: 345987483.630566 nextFramePts: 345959300.000000 -> diff: 28183.630566  render: true forceNext: false
2026-02-15 13:34:13.716 T:8572    debug <avtiming>: CRenderManager::PrepareNextRender: frameOnScreen: 345964687.458813 renderPts: 346031354.130566 nextFramePts: 345992666.000000 -> diff: 38688.130566  render: true forceNext: false
2026-02-15 13:34:13.748 T:8572    debug <avtiming>: CRenderManager::PrepareNextRender: frameOnScreen: 345996995.358813 renderPts: 346063662.030566 nextFramePts: 346026033.000000 -> diff: 37629.030566  render: true forceNext: false
2026-02-15 13:34:13.785 T:8572    debug <avtiming>: CRenderManager::PrepareNextRender: frameOnScreen: 346033587.858813 renderPts: 346100254.530566 nextFramePts: 346059400.000000 -> diff: 40854.530566  render: true forceNext: false
2026-02-15 13:34:13.810 T:8572    debug <avtiming>: CRenderManager::PrepareNextRender: frameOnScreen: 346058917.858813 renderPts: 346125584.530566 nextFramePts: 346126133.000000 -> diff: -548.469434  render: false forceNext: false
2026-02-15 13:34:13.856 T:8572    debug <avtiming>: CRenderManager::PrepareNextRender: frameOnScreen: 346104944.658813 renderPts: 346171611.330566 nextFramePts: 346126133.000000 -> diff: 45478.330566  render: true forceNext: false
2026-02-15 13:34:13.888 T:8572    debug <avtiming>: CRenderManager::PrepareNextRender: frameOnScreen: 346135924.858813 renderPts: 346202591.530566 nextFramePts: 346159500.000000 -> diff: 43091.530566  render: true forceNext: false
2026-02-15 13:34:13.921 T:8572    debug <avtiming>: CRenderManager::PrepareNextRender: frameOnScreen: 346169073.158813 renderPts: 346235739.830566 nextFramePts: 346192866.000000 -> diff: 42873.830566  render: true forceNext: false
2026-02-15 13:34:13.966 T:8572    debug <avtiming>: CRenderManager::PrepareNextRender: frameOnScreen: 346213812.258813 renderPts: 346280478.930566 nextFramePts: 346226233.000000 -> diff: 54245.930566  render: true forceNext: false
2026-02-15 13:34:13.985 T:8572    debug <avtiming>: CRenderManager::PrepareNextRender: frameOnScreen: 346232931.758813 renderPts: 346299598.430566 nextFramePts: 346292966.000000 -> diff: 6632.430566  render: true forceNext: false
2026-02-15 13:34:14.027 T:8572    debug <avtiming>: CRenderManager::PrepareNextRender: frameOnScreen: 346276494.358813 renderPts: 346343161.030566 nextFramePts: 346326333.000000 -> diff: 16828.030566  render: true forceNext: false
2026-02-15 13:34:14.060 T:8572    debug <avtiming>: CRenderManager::PrepareNextRender: frameOnScreen: 346307994.558813 renderPts: 346374661.230566 nextFramePts: 346359700.000000 -> diff: 14961.230566  render: true forceNext: false
2026-02-15 13:34:14.091 T:8572    debug <avtiming>: CRenderManager::PrepareNextRender: frameOnScreen: 346339859.958813 renderPts: 346406526.630566 nextFramePts: 346393066.000000 -> diff: 13460.630566  render: true forceNext: false
2026-02-15 13:34:14.137 T:8572    debug <avtiming>: CRenderManager::PrepareNextRender: frameOnScreen: 346385918.858813 renderPts: 346452585.530566 nextFramePts: 346426433.000000 -> diff: 26152.530566  render: true forceNext: false
2026-02-15 13:34:14.168 T:8572    debug <avtiming>: CRenderManager::PrepareNextRender: frameOnScreen: 346417388.358813 renderPts: 346484055.030566 nextFramePts: 346459800.000000 -> diff: 24255.030566  render: true forceNext: false
2026-02-15 13:34:14.199 T:8572    debug <avtiming>: CRenderManager::PrepareNextRender: frameOnScreen: 346448671.258813 renderPts: 346515337.930566 nextFramePts: 346493166.000000 -> diff: 22171.930566  render: true forceNext: false
2026-02-15 13:34:14.229 T:8572    debug <avtiming>: CRenderManager::PrepareNextRender: frameOnScreen: 346480013.058813 renderPts: 346546679.730566 nextFramePts: 346526533.000000 -> diff: 20146.730566  render: true forceNext: false
2026-02-15 13:34:14.276 T:8572    debug <avtiming>: CRenderManager::PrepareNextRender: frameOnScreen: 346526281.058813 renderPts: 346592947.730566 nextFramePts: 346559900.000000 -> diff: 33047.730566  render: true forceNext: false
2026-02-15 13:34:14.316 T:8572    debug <avtiming>: CRenderManager::PrepareNextRender: frameOnScreen: 346566628.158813 renderPts: 346633294.830566 nextFramePts: 346593266.000000 -> diff: 40028.830566  render: true forceNext: false
2026-02-15 13:34:14.339 T:8572    debug <avtiming>: CRenderManager::PrepareNextRender: frameOnScreen: 346590114.358813 renderPts: 346656781.030566 nextFramePts: 346626633.000000 -> diff: 30148.030566  render: true forceNext: false
2026-02-15 13:34:14.370 T:8572    debug <avtiming>: CRenderManager::PrepareNextRender: frameOnScreen: 346621155.558813 renderPts: 346687822.230566 nextFramePts: 346660000.000000 -> diff: 27822.230566  render: true forceNext: false
2026-02-15 13:34:14.415 T:8572    debug <avtiming>: CRenderManager::PrepareNextRender: frameOnScreen: 346666875.958813 renderPts: 346733542.630566 nextFramePts: 346693366.000000 -> diff: 40176.630566  render: true forceNext: false
2026-02-15 13:34:14.449 T:8572    debug <avtiming>: CRenderManager::PrepareNextRender: frameOnScreen: 346701055.558813 renderPts: 346767722.230566 nextFramePts: 346760100.000000 -> diff: 7622.230566  render: true forceNext: false
2026-02-15 13:34:14.478 T:8572    debug <avtiming>: CRenderManager::PrepareNextRender: frameOnScreen: 346729224.258813 renderPts: 346795890.930566 nextFramePts: 346793466.000000 -> diff: 2424.930566  render: true forceNext: false
2026-02-15 13:34:14.510 T:8572    debug <avtiming>: CRenderManager::PrepareNextRender: frameOnScreen: 346761875.158813 renderPts: 346828541.830566 nextFramePts: 346826833.000000 -> diff: 1708.830566  render: true forceNext: false
2026-02-15 13:34:14.555 T:8572    debug <avtiming>: CRenderManager::PrepareNextRender: frameOnScreen: 346807141.458813 renderPts: 346873808.130566 nextFramePts: 346860200.000000 -> diff: 13608.130566  render: true forceNext: false
2026-02-15 13:34:14.588 T:8572    debug <avtiming>: CRenderManager::PrepareNextRender: frameOnScreen: 346838887.258813 renderPts: 346905553.930566 nextFramePts: 346893566.000000 -> diff: 11987.930566  render: true forceNext: false
2026-02-15 13:34:14.619 T:8572    debug <avtiming>: CRenderManager::PrepareNextRender: frameOnScreen: 346871111.958813 renderPts: 346937778.630566 nextFramePts: 346926933.000000 -> diff: 10845.630566  render: true forceNext: false
2026-02-15 13:34:14.649 T:8572    debug <avtiming>: CRenderManager::PrepareNextRender: frameOnScreen: 346901933.858813 renderPts: 346968600.530566 nextFramePts: 346960300.000000 -> diff: 8300.530566  render: true forceNext: false
2026-02-15 13:34:14.688 T:8572    debug <avtiming>: CRenderManager::PrepareNextRender: frameOnScreen: 346940055.358813 renderPts: 347006722.030566 nextFramePts: 346993666.000000 -> diff: 13056.030566  render: true forceNext: false
2026-02-15 13:34:14.726 T:8572    debug <avtiming>: CRenderManager::PrepareNextRender: frameOnScreen: 346978936.258813 renderPts: 347045602.930566 nextFramePts: 347027033.000000 -> diff: 18569.930566  render: true forceNext: false
2026-02-15 13:34:14.759 T:8572    debug <avtiming>: CRenderManager::PrepareNextRender: frameOnScreen: 347011805.858813 renderPts: 347078472.530566 nextFramePts: 347060400.000000 -> diff: 18072.530566  render: true forceNext: false
2026-02-15 13:34:14.768 T:1748    debug <general>: Thread Timer 1748 terminating
2026-02-15 13:34:14.790 T:8572    debug <avtiming>: CRenderManager::PrepareNextRender: frameOnScreen: 347042104.058813 renderPts: 347108770.730566 nextFramePts: 347093766.000000 -> diff: 15004.730566  render: true forceNext: false
2026-02-15 13:34:14.846 T:8572    debug <avtiming>: CRenderManager::PrepareNextRender: frameOnScreen: 347098679.558813 renderPts: 347165346.230566 nextFramePts: 347127133.000000 -> diff: 38213.230566  render: true forceNext: false
2026-02-15 13:34:14.869 T:8572    debug <avtiming>: CRenderManager::PrepareNextRender: frameOnScreen: 347121183.258813 renderPts: 347187849.930566 nextFramePts: 347160500.000000 -> diff: 27349.930566  render: true forceNext: false
2026-02-15 13:34:14.899 T:8572    debug <avtiming>: CRenderManager::PrepareNextRender: frameOnScreen: 347152075.858813 renderPts: 347218742.530566 nextFramePts: 347193866.000000 -> diff: 24876.530566  render: true forceNext: false
2026-02-15 13:34:14.946 T:8572    debug <avtiming>: CRenderManager::PrepareNextRender: frameOnScreen: 347198310.958813 renderPts: 347264977.630566 nextFramePts: 347227233.000000 -> diff: 37744.630566  render: true forceNext: false
2026-02-15 13:34:14.979 T:8572    debug <avtiming>: CRenderManager::PrepareNextRender: frameOnScreen: 347230159.258813 renderPts: 347296825.930566 nextFramePts: 347260600.000000 -> diff: 36225.930566  render: true forceNext: false
2026-02-15 13:34:15.010 T:8572    debug <avtiming>: CRenderManager::PrepareNextRender: frameOnScreen: 347261624.858813 renderPts: 347328291.530566 nextFramePts: 347293966.000000 -> diff: 34325.530566  render: true forceNext: false
2026-02-15 13:34:15.057 T:8572    debug <avtiming>: CRenderManager::PrepareNextRender: frameOnScreen: 347307811.358813 renderPts: 347374478.030566 nextFramePts: 347360700.000000 -> diff: 13778.030566  render: true forceNext: false
2026-02-15 13:34:15.089 T:8572    debug <avtiming>: CRenderManager::PrepareNextRender: frameOnScreen: 347339247.658813 renderPts: 347405914.330566 nextFramePts: 347394066.000000 -> diff: 11848.330566  render: true forceNext: false
2026-02-15 13:34:15.119 T:8572    debug <avtiming>: CRenderManager::PrepareNextRender: frameOnScreen: 347370294.658813 renderPts: 347436961.330566 nextFramePts: 347427433.000000 -> diff: 9528.330566  render: true forceNext: false
2026-02-15 13:34:15.150 T:8572    debug <avtiming>: CRenderManager::PrepareNextRender: frameOnScreen: 347402701.158813 renderPts: 347469367.830566 nextFramePts: 347460800.000000 -> diff: 8567.830566  render: true forceNext: false
2026-02-15 13:34:15.181 T:8572    debug <avtiming>: CRenderManager::PrepareNextRender: frameOnScreen: 347433483.158813 renderPts: 347500149.830566 nextFramePts: 347494166.000000 -> diff: 5983.830566  render: true forceNext: false
2026-02-15 13:34:15.212 T:8572    debug <avtiming>: CRenderManager::PrepareNextRender: frameOnScreen: 347464824.758813 renderPts: 347531491.430566 nextFramePts: 347527533.000000 -> diff: 3958.430566  render: true forceNext: false
2026-02-15 13:34:15.258 T:8572    debug <avtiming>: CRenderManager::PrepareNextRender: frameOnScreen: 347510984.758813 renderPts: 347577651.430566 nextFramePts: 347560900.000000 -> diff: 16751.430566  render: true forceNext: false
2026-02-15 13:34:15.305 T:8572    debug <avtiming>: CRenderManager::PrepareNextRender: frameOnScreen: 347557843.458813 renderPts: 347624510.130566 nextFramePts: 347594266.000000 -> diff: 30244.130566  render: true forceNext: false
2026-02-15 13:34:15.337 T:8572    debug <avtiming>: CRenderManager::PrepareNextRender: frameOnScreen: 347589710.958813 renderPts: 347656377.630566 nextFramePts: 347627633.000000 -> diff: 28744.630566  render: true forceNext: false
2026-02-15 13:34:15.392 T:8572    debug <avtiming>: CRenderManager::PrepareNextRender: frameOnScreen: 347645282.058813 renderPts: 347711948.730566 nextFramePts: 347661000.000000 -> diff: 50948.730566  render: true forceNext: false
2026-02-15 13:34:15.414 T:8572    debug <avtiming>: CRenderManager::PrepareNextRender: frameOnScreen: 347666562.758813 renderPts: 347733229.430566 nextFramePts: 347727733.000000 -> diff: 5496.430566  render: true forceNext: false
2026-02-15 13:34:15.447 T:8572    debug <avtiming>: CRenderManager::PrepareNextRender: frameOnScreen: 347699660.158813 renderPts: 347766326.830566 nextFramePts: 347761100.000000 -> diff: 5226.830566  render: true forceNext: false
2026-02-15 13:34:15.493 T:8572    debug <avtiming>: CRenderManager::PrepareNextRender: frameOnScreen: 347745584.858813 renderPts: 347812251.530566 nextFramePts: 347794466.000000 -> diff: 17785.530566  render: true forceNext: false
2026-02-15 13:34:15.539 T:8572    debug <avtiming>: CRenderManager::PrepareNextRender: frameOnScreen: 347792108.058813 renderPts: 347858774.730566 nextFramePts: 347827833.000000 -> diff: 30941.730566  render: true forceNext: false
2026-02-15 13:34:15.586 T:8572    debug <avtiming>: CRenderManager::PrepareNextRender: frameOnScreen: 347838901.058813 renderPts: 347905567.730566 nextFramePts: 347861200.000000 -> diff: 44367.730566  render: true forceNext: false
2026-02-15 13:34:15.618 T:8572    debug <avtiming>: CRenderManager::PrepareNextRender: frameOnScreen: 347871037.558813 renderPts: 347937704.230566 nextFramePts: 347894566.000000 -> diff: 43138.230566  render: true forceNext: false
2026-02-15 13:34:15.648 T:8572    debug <avtiming>: CRenderManager::PrepareNextRender: frameOnScreen: 347902262.958813 renderPts: 347968929.630566 nextFramePts: 347927933.000000 -> diff: 40996.630566  render: true forceNext: false
2026-02-15 13:34:15.695 T:8572    debug <avtiming>: CRenderManager::PrepareNextRender: frameOnScreen: 347948791.658813 renderPts: 348015458.330566 nextFramePts: 347961300.000000 -> diff: 54158.330566  render: true forceNext: false
2026-02-15 13:34:15.712 T:9772    debug <general>: CPtsTracker: detected pattern of length 1: 33366.67, frameduration: 33366.666667
2026-02-15 13:34:15.743 T:8572    debug <avtiming>: CRenderManager::PrepareNextRender: frameOnScreen: 347996612.558813 renderPts: 348063279.230566 nextFramePts: 348028033.000000 -> diff: 35246.230566  render: true forceNext: false
2026-02-15 13:34:15.772 T:8572    debug <avtiming>: CRenderManager::PrepareNextRender: frameOnScreen: 348025432.258813 renderPts: 348092098.930566 nextFramePts: 348094766.000000 -> diff: -2667.069434  render: false forceNext: false
2026-02-15 13:34:15.789 T:8572    debug <avtiming>: CRenderManager::PrepareNextRender: frameOnScreen: 348041334.158813 renderPts: 348108000.830566 nextFramePts: 348094766.000000 -> diff: 13234.830566  render: true forceNext: false
2026-02-15 13:34:15.837 T:8572    debug <avtiming>: CRenderManager::PrepareNextRender: frameOnScreen: 348089528.558813 renderPts: 348156195.230566 nextFramePts: 348128133.000000 -> diff: 28062.230566  render: true forceNext: false
2026-02-15 13:34:15.867 T:8572    debug <general>: CInputManager::ProcessMouse: trying mouse action leftclick
2026-02-15 13:34:15.869 T:8572    debug <avtiming>: CRenderManager::PrepareNextRender: frameOnScreen: 348121297.358813 renderPts: 348187964.030566 nextFramePts: 348161500.000000 -> diff: 26464.030566  render: true forceNext: false
2026-02-15 13:34:15.876 T:2500    debug <general>: CVideoPlayer::SetCaching - caching state 2
2026-02-15 13:34:15.876 T:2500    debug <general>: CDVDClock::SetSpeedAdjust - adjusted:0.000000
2026-02-15 13:34:15.876 T:2500    debug <general>: CVideoPlayer::FlushBuffers - flushing buffers
2026-02-15 13:34:15.876 T:7288    debug <general>: CDVDAudio::Pause - pausing audio stream
2026-02-15 13:34:15.890 T:5384    debug <general>: ffmpeg[0x1ea181b9bd0]: [SWR] Using s16p internally between filters
2026-02-15 13:34:15.909 T:8572    debug <avtiming>: CRenderManager::PrepareNextRender: frameOnScreen: 348128931.658813 renderPts: 348195598.330566 nextFramePts: 348194866.000000 -> diff: 732.330566  render: true forceNext: false
2026-02-15 13:34:15.915 T:7288    debug <general>: CDVDAudio::Flush - flush audio stream
2026-02-15 13:34:15.915 T:7288    debug <general>: CDVDAudio::Pause - pausing audio stream
2026-02-15 13:34:15.915 T:7288    debug <general>: CVideoPlayerAudio - CDVDMsg::GENERAL_SYNCHRONIZE
2026-02-15 13:34:15.915 T:9772    debug <general>: CVideoPlayerVideo - CDVDMsg::GENERAL_SYNCHRONIZE
2026-02-15 13:34:15.916 T:2500    debug <general>: DVDNAV_HOP_CHANNEL
2026-02-15 13:34:15.916 T:2500    debug <general>: CVideoPlayer::FlushBuffers - flushing buffers
2026-02-15 13:34:15.926 T:7288    debug <general>: CDVDAudio::Flush - flush audio stream
2026-02-15 13:34:15.926 T:7288    debug <general>: CDVDAudio::Pause - pausing audio stream
2026-02-15 13:34:15.926 T:7288    debug <general>: CVideoPlayerAudio - CDVDMsg::GENERAL_SYNCHRONIZE
2026-02-15 13:34:15.926 T:9772    debug <general>: CVideoPlayerVideo - CDVDMsg::GENERAL_SYNCHRONIZE
2026-02-15 13:34:15.926 T:2500    debug <general>: CDVDInputStreamNavigator::ProcessBlock - Cell change: Title 1, Chapter 1
2026-02-15 13:34:15.927 T:2500    debug <general>: CDVDInputStreamNavigator::ProcessBlock - At position 0% inside the feature
2026-02-15 13:34:15.927 T:2500    debug <general>: DVDNAV_CELL_CHANGE
2026-02-15 13:34:15.940 T:3596    debug <general>: CFileCache::XFILE::CFileCache::Process - <nfs://192.168.1.20/volume1/iso/01/か/Kalafina/[2009-03-04] Seventh Heaven (DVD)/dvd_video.iso> cache completely reset for seek to position 15532032
2026-02-15 13:34:15.949 T:2500    debug <general>: DVDNAV_NAV_PACKET (HOLDING)
2026-02-15 13:34:16.050 T:2500    debug <general>: DVDNAV_NAV_PACKET - DISCONTINUITY FROM:352632633 TO:781133 DIFF:-351851500
2026-02-15 13:34:16.051 T:9772    debug <general>: CVideoPlayerVideo - Stillframe left, switching to normal playback
2026-02-15 13:34:16.051 T:9772    debug <video>: CVideoPlayerVideo::CalcDropRequirement - hurry: 0
2026-02-15 13:34:16.052 T:9772    debug <general>: Skipped 1 duplicate messages..
2026-02-15 13:34:16.052 T:9772    debug <general>: ffmpeg[0x1ea2321fe30]: [mpeg2video] allocating dummy last picture for B frame
2026-02-15 13:34:16.052 T:9772    debug <video>: CVideoPlayerVideo::CalcDropRequirement - hurry: 0
2026-02-15 13:34:16.055 T:2500    debug <general>: Skipped 1 duplicate messages..
2026-02-15 13:34:16.055 T:2500    debug <general>: CVideoPlayer::HandleMessages - player started 1
2026-02-15 13:34:16.055 T:9764    debug <general>: CApplicationPlayerCallback::OnAVChange: call
2026-02-15 13:34:16.069 T:8572    debug <avtiming>: CRenderManager::PrepareNextRender: frameOnScreen: 348128931.658813 renderPts: 348195598.330566 nextFramePts: 847866.000000 -> diff: 347347732.330566  render: true forceNext: true
2026-02-15 13:34:16.078 T:6628    debug <database>: CVideoDatabase::GetMovieId: (nfs://192.168.1.20/volume1/iso/01/か/Kalafina/[2009-03-04] Seventh Heaven (DVD)/dvd_video.iso), query = SELECT idMedia FROM videoversion WHERE idFile = 4 AND media_type = 'movie' AND itemType = 1
2026-02-15 13:34:16.078 T:6628    debug <database>: CVideoDatabase::GetEpisodeId: (nfs://192.168.1.20/volume1/iso/01/か/Kalafina/[2009-03-04] Seventh Heaven (DVD)/dvd_video.iso), query = select idEpisode from episode where idFile=4
2026-02-15 13:34:16.078 T:6628    debug <database>: CVideoDatabase::GetMusicVideoId: (nfs://192.168.1.20/volume1/iso/01/か/Kalafina/[2009-03-04] Seventh Heaven (DVD)/dvd_video.iso), query = select idMVideo from musicvideo where idFile=4
2026-02-15 13:34:16.079 T:6628  warning <announce>: ANNOUNCEMENT::CAnnouncementManager::DoAnnounce: CAnnouncementManager - Announcement: OnAVChange from xbmc
2026-02-15 13:34:16.123 T:2500    debug <general>: CVideoPlayer::HandleMessages - player started 2
2026-02-15 13:34:16.123 T:2500    debug <general>: CVideoPlayer::SetCaching - caching state 3
2026-02-15 13:34:16.123 T:2500    debug <general>: CDVDClock::SetSpeedAdjust - adjusted:0.000000
2026-02-15 13:34:16.123 T:2500    debug <general>: CVideoPlayer::SetCaching - caching state 0
2026-02-15 13:34:16.123 T:2500    debug <general>: CDVDClock::SetSpeedAdjust - adjusted:0.000000
2026-02-15 13:34:16.123 T:2500    debug <general>: VideoPlayer::Sync - Audio - pts: 815633.000000, cache: 457789.292681, totalcache: 800000.011921
2026-02-15 13:34:16.123 T:2500    debug <general>: VideoPlayer::Sync - Video - pts: 847866.000000, cache: 50000.000000, totalcache: 100000.000000
2026-02-15 13:34:16.123 T:9772    debug <general>: CVideoPlayerVideo - CDVDMsg::GENERAL_RESYNC(747866.000000)
2026-02-15 13:34:16.123 T:9772    debug <video>: CVideoPlayerVideo::CalcDropRequirement - hurry: 0
2026-02-15 13:34:16.123 T:7288    debug <general>: CVideoPlayerAudio - CDVDMsg::GENERAL_RESYNC(747866.000000), level: 80, cache: 469432.626014
2026-02-15 13:34:16.124 T:7288    debug <general>: CDVDAudio::Resume - resume audio stream
2026-02-15 13:34:16.124 T:5384    debug <general>: ffmpeg[0x1ea181b9bd0]: [SWR] Using fltp internally between filters
2026-02-15 13:34:16.126 T:5384    debug <general>: ActiveAE - start sync of audio stream
2026-02-15 13:34:16.129 T:9772    debug <video>: CVideoPlayerVideo::CalcDropRequirement - hurry: 1
2026-02-15 13:34:16.146 T:8572    debug <avtiming>: CRenderManager::PrepareNextRender: frameOnScreen: 771331.200000 renderPts: 837997.871753 nextFramePts: 881233.000000 -> diff: -43235.128247  render: false forceNext: false
2026-02-15 13:34:16.178 T:8572    debug <avtiming>: CRenderManager::PrepareNextRender: frameOnScreen: 802241.800000 renderPts: 868908.471753 nextFramePts: 881233.000000 -> diff: -12324.528247  render: false forceNext: false
2026-02-15 13:34:16.225 T:8572    debug <avtiming>: CRenderManager::PrepareNextRender: frameOnScreen: 850058.500000 renderPts: 916725.171753 nextFramePts: 914600.000000 -> diff: 2125.171753  render: true forceNext: false
2026-02-15 13:34:16.241 T:5384    debug <general>: ActiveAE::SyncStream - average error of -401.620333, start adjusting
2026-02-15 13:34:16.257 T:8572    debug <avtiming>: CRenderManager::PrepareNextRender: frameOnScreen: 882163.000000 renderPts: 948829.671753 nextFramePts: 947966.000000 -> diff: 863.671753  render: true forceNext: false
2026-02-15 13:34:16.288 T:8572    debug <avtiming>: CRenderManager::PrepareNextRender: frameOnScreen: 912051.800000 renderPts: 978718.471753 nextFramePts: 981333.000000 -> diff: -2614.528247  render: false forceNext: false
2026-02-15 13:34:16.319 T:8572    debug <avtiming>: CRenderManager::PrepareNextRender: frameOnScreen: 944284.100000 renderPts: 1010950.771753 nextFramePts: 1014699.000000 -> diff: -3748.228247  render: false forceNext: false
2026-02-15 13:34:16.325 T:5384    debug <general>: ActiveAE::SyncStream - average error -21.620333 below threshold of 30.000000
2026-02-15 13:34:16.365 T:8572    debug <avtiming>: CRenderManager::PrepareNextRender: frameOnScreen: 990277.500000 renderPts: 1056944.171753 nextFramePts: 1014699.000000 -> diff: 42245.171753  render: true forceNext: false
2026-02-15 13:34:16.397 T:8572    debug <avtiming>: CRenderManager::PrepareNextRender: frameOnScreen: 1022818.700000 renderPts: 1089485.371753 nextFramePts: 1048066.000000 -> diff: 41419.371753  render: true forceNext: false
2026-02-15 13:34:16.436 T:8572    debug <avtiming>: CRenderManager::PrepareNextRender: frameOnScreen: 1061731.700000 renderPts: 1128398.371753 nextFramePts: 1081433.000000 -> diff: 46965.371753  render: true forceNext: false
2026-02-15 13:34:16.474 T:8572    debug <avtiming>: CRenderManager::PrepareNextRender: frameOnScreen: 1099537.400000 renderPts: 1166204.071753 nextFramePts: 1114800.000000 -> diff: 51404.071753  render: true forceNext: false
2026-02-15 13:34:16.506 T:8572    debug <avtiming>: CRenderManager::PrepareNextRender: frameOnScreen: 1130554.800000 renderPts: 1197221.471753 nextFramePts: 1181533.000000 -> diff: 15688.471753  render: true forceNext: false
2026-02-15 13:34:16.538 T:8572    debug <avtiming>: CRenderManager::PrepareNextRender: frameOnScreen: 1163076.900000 renderPts: 1229743.571753 nextFramePts: 1214900.000000 -> diff: 14843.571753  render: true forceNext: false
2026-02-15 13:34:16.569 T:8572    debug <avtiming>: CRenderManager::PrepareNextRender: frameOnScreen: 1194459.000000 renderPts: 1261125.671753 nextFramePts: 1248266.000000 -> diff: 12859.671753  render: true forceNext: false
2026-02-15 13:34:16.600 T:8572    debug <avtiming>: CRenderManager::PrepareNextRender: frameOnScreen: 1225855.800000 renderPts: 1292522.471753 nextFramePts: 1281633.000000 -> diff: 10889.471753  render: true forceNext: false
2026-02-15 13:34:16.646 T:8572    debug <avtiming>: CRenderManager::PrepareNextRender: frameOnScreen: 1272152.900000 renderPts: 1338819.571753 nextFramePts: 1315000.000000 -> diff: 23819.571753  render: true forceNext: false
2026-02-15 13:34:16.677 T:8572    debug <avtiming>: CRenderManager::PrepareNextRender: frameOnScreen: 1303643.100000 renderPts: 1370309.771753 nextFramePts: 1348366.000000 -> diff: 21943.771753  render: true forceNext: false
2026-02-15 13:34:16.709 T:8572    debug <avtiming>: CRenderManager::PrepareNextRender: frameOnScreen: 1335492.700000 renderPts: 1402159.371753 nextFramePts: 1381733.000000 -> diff: 20426.371753  render: true forceNext: false
2026-02-15 13:34:16.739 T:8572    debug <avtiming>: CRenderManager::PrepareNextRender: frameOnScreen: 1366401.500000 renderPts: 1433068.171753 nextFramePts: 1415100.000000 -> diff: 17968.171753  render: true forceNext: false
2026-02-15 13:34:16.768 T:8572    debug <avtiming>: CRenderManager::PrepareNextRender: frameOnScreen: 1395987.000000 renderPts: 1462653.671753 nextFramePts: 1448466.000000 -> diff: 14187.671753  render: true forceNext: false
2026-02-15 13:34:16.800 T:8572    debug <avtiming>: CRenderManager::PrepareNextRender: frameOnScreen: 1428934.400000 renderPts: 1495601.071753 nextFramePts: 1481833.000000 -> diff: 13768.071753  render: true forceNext: false
2026-02-15 13:34:16.846 T:8572    debug <avtiming>: CRenderManager::PrepareNextRender: frameOnScreen: 1474743.500000 renderPts: 1541410.171753 nextFramePts: 1515200.000000 -> diff: 26210.171753  render: true forceNext: false
2026-02-15 13:34:16.878 T:8572    debug <avtiming>: CRenderManager::PrepareNextRender: frameOnScreen: 1507049.600000 renderPts: 1573716.271753 nextFramePts: 1548566.000000 -> diff: 25150.271753  render: true forceNext: false
2026-02-15 13:34:16.909 T:8572    debug <avtiming>: CRenderManager::PrepareNextRender: frameOnScreen: 1538612.100000 renderPts: 1605278.771753 nextFramePts: 1581933.000000 -> diff: 23345.771753  render: true forceNext: false
2026-02-15 13:34:16.948 T:8572    debug <avtiming>: CRenderManager::PrepareNextRender: frameOnScreen: 1577977.700000 renderPts: 1644644.371753 nextFramePts: 1615300.000000 -> diff: 29344.371753  render: true forceNext: false
2026-02-15 13:34:16.971 T:8572    debug <avtiming>: CRenderManager::PrepareNextRender: frameOnScreen: 1599935.200000 renderPts: 1666601.871753 nextFramePts: 1648666.000000 -> diff: 17935.871753  render: true forceNext: false
2026-02-15 13:34:17.018 T:8572    debug <avtiming>: CRenderManager::PrepareNextRender: frameOnScreen: 1646794.500000 renderPts: 1713461.171753 nextFramePts: 1682033.000000 -> diff: 31428.171753  render: true forceNext: false
2026-02-15 13:34:17.049 T:8572    debug <avtiming>: CRenderManager::PrepareNextRender: frameOnScreen: 1678375.900000 renderPts: 1745042.571753 nextFramePts: 1715400.000000 -> diff: 29642.571753  render: true forceNext: false
2026-02-15 13:34:17.065 T:8572    debug <avtiming>: CRenderManager::PrepareNextRender: frameOnScreen: 1693506.700000 renderPts: 1760173.371753 nextFramePts: 1748766.000000 -> diff: 11407.371753  render: true forceNext: false
2026-02-15 13:34:17.096 T:8572    debug <avtiming>: CRenderManager::PrepareNextRender: frameOnScreen: 1725469.500000 renderPts: 1792136.171753 nextFramePts: 1782133.000000 -> diff: 10003.171753  render: true forceNext: false
2026-02-15 13:34:17.127 T:8572    debug <avtiming>: CRenderManager::PrepareNextRender: frameOnScreen: 1755838.000000 renderPts: 1822504.671753 nextFramePts: 1815500.000000 -> diff: 7004.671753  render: true forceNext: false
2026-02-15 13:34:17.159 T:8572    debug <avtiming>: CRenderManager::PrepareNextRender: frameOnScreen: 1788262.300000 renderPts: 1854928.971753 nextFramePts: 1848866.000000 -> diff: 6062.971753  render: true forceNext: false
2026-02-15 13:34:17.206 T:8572    debug <avtiming>: CRenderManager::PrepareNextRender: frameOnScreen: 1834866.700000 renderPts: 1901533.371753 nextFramePts: 1882233.000000 -> diff: 19300.371753  render: true forceNext: false
2026-02-15 13:34:17.236 T:8572    debug <avtiming>: CRenderManager::PrepareNextRender: frameOnScreen: 1865309.500000 renderPts: 1931976.171753 nextFramePts: 1915600.000000 -> diff: 16376.171753  render: true forceNext: false
2026-02-15 13:34:17.267 T:8572    debug <avtiming>: CRenderManager::PrepareNextRender: frameOnScreen: 1896643.000000 renderPts: 1963309.671753 nextFramePts: 1948966.000000 -> diff: 14343.671753  render: true forceNext: false
2026-02-15 13:34:17.297 T:8572    debug <avtiming>: CRenderManager::PrepareNextRender: frameOnScreen: 1927230.500000 renderPts: 1993897.171753 nextFramePts: 1982333.000000 -> diff: 11564.171753  render: true forceNext: false
2026-02-15 13:34:17.328 T:8572    debug <avtiming>: CRenderManager::PrepareNextRender: frameOnScreen: 1958902.400000 renderPts: 2025569.071753 nextFramePts: 2015699.000000 -> diff: 9870.071753  render: true forceNext: false
2026-02-15 13:34:17.346 T:5384    debug <general>: ffmpeg[0x1ea181b9bd0]: detected 8 logical cores
2026-02-15 13:34:17.347 T:5384    debug <general>: ffmpeg[0x1ea181b9bd0]: [in] Setting 'time_base' to value '1/48000'
2026-02-15 13:34:17.347 T:5384    debug <general>: ffmpeg[0x1ea181b9bd0]: [in] Setting 'sample_rate' to value '48000'
2026-02-15 13:34:17.347 T:5384    debug <general>: ffmpeg[0x1ea181b9bd0]: [in] Setting 'sample_fmt' to value 'flt'
2026-02-15 13:34:17.347 T:5384    debug <general>: ffmpeg[0x1ea181b9bd0]: [in] Setting 'channel_layout' to value '3'
2026-02-15 13:34:17.347 T:5384    debug <general>: ffmpeg[0x1ea181b9bd0]: [in] tb:1/48000 samplefmt:flt samplerate:48000 chlayout:stereo
2026-02-15 13:34:17.347 T:5384    debug <general>: ffmpeg[0x1ea181b9bd0]: [atempo] Setting 'tempo' to value '1.027945'
2026-02-15 13:34:17.347 T:5384    debug <general>: ffmpeg[0x1ea181b9bd0]: [AVFilterGraph] query_formats: 3 queried, 4 merged, 2 already done, 0 delayed
2026-02-15 13:34:17.348 T:5384    debug <general>: ffmpeg[0x1ea181b9bd0]: For transform of length 4096, forward, rdft_float, flags: [aligned, out_of_place], found 1 matches:
2026-02-15 13:34:17.348 T:5384    debug <general>: ffmpeg[0x1ea181b9bd0]:     1: rdft_r2c_float_c - type: rdft_float, len: [4, ∞], factors[2]: [4, any], flags: [unaligned, inplace, out_of_place, fwd_only], prio: 128
2026-02-15 13:34:17.348 T:5384    debug <general>: ffmpeg[0x1ea181b9bd0]: For transform of length 2048, forward, fft_float, flags: [aligned, out_of_place], found 8 matches:
2026-02-15 13:34:17.348 T:5384    debug <general>: ffmpeg[0x1ea181b9bd0]:     1: fft_sr_float_avx2 - type: fft_float, len: [64, 2097152], factor: 2, flags: [aligned, out_of_place], prio: 416
2026-02-15 13:34:17.348 T:5384    debug <general>: ffmpeg[0x1ea181b9bd0]:     2: fft_sr_float_fma3 - type: fft_float, len: [64, 2097152], factor: 2, flags: [aligned, out_of_place], prio: 384
2026-02-15 13:34:17.348 T:5384    debug <general>: ffmpeg[0x1ea181b9bd0]:     3: fft_sr_float_avx - type: fft_float, len: [64, 2097152], factor: 2, flags: [aligned, out_of_place], prio: 352
2026-02-15 13:34:17.348 T:5384    debug <general>: ffmpeg[0x1ea181b9bd0]:     4: fft_pfa_float_c - type: fft_float, len: [6, ∞], factors[2]: [7, 5, 3, 2, any], flags: [unaligned, inplace, out_of_place], prio: 112
2026-02-15 13:34:17.348 T:5384    debug <general>: ffmpeg[0x1ea181b9bd0]:     5: fft_float_c - type: fft_float, len: [2, ∞], factor: -1, flags: [unaligned, out_of_place], prio: 0
2026-02-15 13:34:17.348 T:5384    debug <general>: ffmpeg[0x1ea181b9bd0]:     6: fft_inplace_small_float_c - type: fft_float, len: [2, 65536], factor: -1, flags: [unaligned, inplace, out_of_place], prio: -256
2026-02-15 13:34:17.348 T:5384    debug <general>: ffmpeg[0x1ea181b9bd0]:     7: fft_inplace_float_c - type: fft_float, len: [2, ∞], factor: -1, flags: [unaligned, inplace, out_of_place], prio: -512
2026-02-15 13:34:17.348 T:5384    debug <general>: ffmpeg[0x1ea181b9bd0]:     8: fft_naive_float_c - type: fft_float, len: [2, ∞], factor: -1, flags: [unaligned, out_of_place], prio: -131072
2026-02-15 13:34:17.348 T:5384    debug <general>: ffmpeg[0x1ea181b9bd0]: Transform tree:
2026-02-15 13:34:17.348 T:5384    debug <general>: ffmpeg[0x1ea181b9bd0]:     rdft_r2c_float_c - type: rdft_float, len: 4096, factors[2]: [4, any], flags: [unaligned, inplace, out_of_place, fwd_only]
2026-02-15 13:34:17.348 T:5384    debug <general>: ffmpeg[0x1ea181b9bd0]:         fft_sr_float_avx2 - type: fft_float, len: 2048, factor: 2, flags: [aligned, out_of_place]
2026-02-15 13:34:17.348 T:5384    debug <general>: ffmpeg[0x1ea181b9bd0]: For transform of length 4096, inverse, rdft_float, flags: [aligned, out_of_place], found 1 matches:
2026-02-15 13:34:17.348 T:5384    debug <general>: ffmpeg[0x1ea181b9bd0]:     1: rdft_c2r_float_c - type: rdft_float, len: [4, ∞], factors[2]: [4, any], flags: [unaligned, inplace, out_of_place, inv_only], prio: 128
2026-02-15 13:34:17.348 T:5384    debug <general>: ffmpeg[0x1ea181b9bd0]: For transform of length 2048, inverse, fft_float, flags: [aligned, out_of_place], found 8 matches:
2026-02-15 13:34:17.348 T:5384    debug <general>: ffmpeg[0x1ea181b9bd0]:     1: fft_sr_float_avx2 - type: fft_float, len: [64, 2097152], factor: 2, flags: [aligned, out_of_place], prio: 416
2026-02-15 13:34:17.348 T:5384    debug <general>: ffmpeg[0x1ea181b9bd0]:     2: fft_sr_float_fma3 - type: fft_float, len: [64, 2097152], factor: 2, flags: [aligned, out_of_place], prio: 384
2026-02-15 13:34:17.348 T:5384    debug <general>: ffmpeg[0x1ea181b9bd0]:     3: fft_sr_float_avx - type: fft_float, len: [64, 2097152], factor: 2, flags: [aligned, out_of_place], prio: 352
2026-02-15 13:34:17.348 T:5384    debug <general>: ffmpeg[0x1ea181b9bd0]:     4: fft_pfa_float_c - type: fft_float, len: [6, ∞], factors[2]: [7, 5, 3, 2, any], flags: [unaligned, inplace, out_of_place], prio: 112
2026-02-15 13:34:17.348 T:5384    debug <general>: ffmpeg[0x1ea181b9bd0]:     5: fft_float_c - type: fft_float, len: [2, ∞], factor: -1, flags: [unaligned, out_of_place], prio: 0
2026-02-15 13:34:17.348 T:5384    debug <general>: ffmpeg[0x1ea181b9bd0]:     6: fft_inplace_small_float_c - type: fft_float, len: [2, 65536], factor: -1, flags: [unaligned, inplace, out_of_place], prio: -256
2026-02-15 13:34:17.349 T:5384    debug <general>: ffmpeg[0x1ea181b9bd0]:     7: fft_inplace_float_c - type: fft_float, len: [2, ∞], factor: -1, flags: [unaligned, inplace, out_of_place], prio: -512
2026-02-15 13:34:17.349 T:5384    debug <general>: ffmpeg[0x1ea181b9bd0]:     8: fft_naive_float_c - type: fft_float, len: [2, ∞], factor: -1, flags: [unaligned, out_of_place], prio: -131072
2026-02-15 13:34:17.349 T:5384    debug <general>: ffmpeg[0x1ea181b9bd0]: Transform tree:
2026-02-15 13:34:17.349 T:5384    debug <general>: ffmpeg[0x1ea181b9bd0]:     rdft_c2r_float_c - type: rdft_float, len: 4096, factors[2]: [4, any], flags: [unaligned, inplace, out_of_place, inv_only]
2026-02-15 13:34:17.349 T:5384    debug <general>: ffmpeg[0x1ea181b9bd0]:         fft_sr_float_avx2 - type: fft_float, len: 2048, factor: 2, flags: [aligned, out_of_place]
2026-02-15 13:34:17.359 T:8572    debug <avtiming>: CRenderManager::PrepareNextRender: frameOnScreen: 1989487.100000 renderPts: 2056153.771753 nextFramePts: 2049066.000000 -> diff: 7087.771753  render: true forceNext: false
2026-02-15 13:34:17.376 T:8572    debug <avtiming>: CRenderManager::PrepareNextRender: frameOnScreen: 2005654.400000 renderPts: 2072321.071753 nextFramePts: 2082433.000000 -> diff: -10111.928247  render: false forceNext: false
2026-02-15 13:34:17.423 T:8572    debug <avtiming>: CRenderManager::PrepareNextRender: frameOnScreen: 2052731.600000 renderPts: 2119398.271753 nextFramePts: 2115800.000000 -> diff: 3598.271753  render: true forceNext: false
2026-02-15 13:34:17.474 T:8572    debug <avtiming>: CRenderManager::PrepareNextRender: frameOnScreen: 2104102.800000 renderPts: 2170769.471753 nextFramePts: 2149166.000000 -> diff: 21603.471753  render: true forceNext: false
2026-02-15 13:34:17.499 T:8572    debug <avtiming>: CRenderManager::PrepareNextRender: frameOnScreen: 2130414.500000 renderPts: 2197081.171753 nextFramePts: 2182533.000000 -> diff: 14548.171753  render: true forceNext: false
2026-02-15 13:34:17.547 T:8572    debug <avtiming>: CRenderManager::PrepareNextRender: frameOnScreen: 2178077.100000 renderPts: 2244743.771753 nextFramePts: 2215900.000000 -> diff: 28843.771753  render: true forceNext: false
2026-02-15 13:34:17.578 T:8572    debug <avtiming>: CRenderManager::PrepareNextRender: frameOnScreen: 2209264.500000 renderPts: 2275931.171753 nextFramePts: 2249266.000000 -> diff: 26665.171753  render: true forceNext: false
2026-02-15 13:34:17.609 T:8572    debug <avtiming>: CRenderManager::PrepareNextRender: frameOnScreen: 2241389.300000 renderPts: 2308055.971753 nextFramePts: 2282633.000000 -> diff: 25422.971753  render: true forceNext: false
2026-02-15 13:34:17.641 T:8572    debug <avtiming>: CRenderManager::PrepareNextRender: frameOnScreen: 2271111.300000 renderPts: 2337777.971753 nextFramePts: 2316000.000000 -> diff: 21777.971753  render: true forceNext: false
2026-02-15 13:34:17.673 T:8572    debug <avtiming>: CRenderManager::PrepareNextRender: frameOnScreen: 2303930.300000 renderPts: 2370596.971753 nextFramePts: 2349366.000000 -> diff: 21230.971753  render: true forceNext: false
2026-02-15 13:34:17.720 T:8572    debug <avtiming>: CRenderManager::PrepareNextRender: frameOnScreen: 2350338.500000 renderPts: 2417005.171753 nextFramePts: 2382733.000000 -> diff: 34272.171753  render: true forceNext: false
2026-02-15 13:34:17.781 T:8572    debug <avtiming>: CRenderManager::PrepareNextRender: frameOnScreen: 2412289.100000 renderPts: 2478955.771753 nextFramePts: 2416100.000000 -> diff: 62855.771753  render: true forceNext: false
2026-02-15 13:34:17.828 T:8572    debug <avtiming>: CRenderManager::PrepareNextRender: frameOnScreen: 2459458.400000 renderPts: 2526125.071753 nextFramePts: 2482833.000000 -> diff: 43292.071753  render: true forceNext: false
2026-02-15 13:34:17.860 T:8572    debug <avtiming>: CRenderManager::PrepareNextRender: frameOnScreen: 2492249.000000 renderPts: 2558915.671753 nextFramePts: 2549566.000000 -> diff: 9349.671753  render: true forceNext: false
2026-02-15 13:34:17.892 T:8572    debug <avtiming>: CRenderManager::PrepareNextRender: frameOnScreen: 2522977.200000 renderPts: 2589643.871753 nextFramePts: 2582933.000000 -> diff: 6710.871753  render: true forceNext: false
2026-02-15 13:34:17.937 T:8572    debug <avtiming>: CRenderManager::PrepareNextRender: frameOnScreen: 2568592.100000 renderPts: 2635258.771753 nextFramePts: 2616300.000000 -> diff: 18958.771753  render: true forceNext: false
2026-02-15 13:34:17.993 T:8572    debug <avtiming>: CRenderManager::PrepareNextRender: frameOnScreen: 2624132.100000 renderPts: 2690798.771753 nextFramePts: 2649666.000000 -> diff: 41132.771753  render: true forceNext: false
2026-02-15 13:34:18.016 T:8572    debug <avtiming>: CRenderManager::PrepareNextRender: frameOnScreen: 2647868.300000 renderPts: 2714534.971753 nextFramePts: 2683033.000000 -> diff: 31501.971753  render: true forceNext: false
2026-02-15 13:34:18.047 T:8572    debug <avtiming>: CRenderManager::PrepareNextRender: frameOnScreen: 2679062.100000 renderPts: 2745728.771753 nextFramePts: 2716400.000000 -> diff: 29328.771753  render: true forceNext: false
2026-02-15 13:34:18.093 T:8572    debug <avtiming>: CRenderManager::PrepareNextRender: frameOnScreen: 2724373.300000 renderPts: 2791039.971753 nextFramePts: 2749766.000000 -> diff: 41273.971753  render: true forceNext: false
2026-02-15 13:34:18.140 T:8572    debug <avtiming>: CRenderManager::PrepareNextRender: frameOnScreen: 2771593.000000 renderPts: 2838259.671753 nextFramePts: 2783133.000000 -> diff: 55126.671753  render: true forceNext: false
2026-02-15 13:34:18.188 T:8572    debug <avtiming>: CRenderManager::PrepareNextRender: frameOnScreen: 2818718.900000 renderPts: 2885385.571753 nextFramePts: 2849866.000000 -> diff: 35519.571753  render: true forceNext: false
2026-02-15 13:34:18.235 T:8572    debug <avtiming>: CRenderManager::PrepareNextRender: frameOnScreen: 2865873.700000 renderPts: 2932540.371753 nextFramePts: 2916600.000000 -> diff: 15940.371753  render: true forceNext: false
2026-02-15 13:34:18.281 T:8572    debug <avtiming>: CRenderManager::PrepareNextRender: frameOnScreen: 2911748.300000 renderPts: 2978414.971753 nextFramePts: 2949966.000000 -> diff: 28448.971753  render: true forceNext: false
2026-02-15 13:34:18.328 T:8572    debug <avtiming>: CRenderManager::PrepareNextRender: frameOnScreen: 2959092.100000 renderPts: 3025758.771753 nextFramePts: 2983333.000000 -> diff: 42425.771753  render: true forceNext: false
2026-02-15 13:34:18.345 T:8572    debug <avtiming>: CRenderManager::PrepareNextRender: frameOnScreen: 2975701.100000 renderPts: 3042367.771753 nextFramePts: 3016700.000000 -> diff: 25667.771753  render: true forceNext: false
2026-02-15 13:34:18.406 T:8572    debug <avtiming>: CRenderManager::PrepareNextRender: frameOnScreen: 3037077.800000 renderPts: 3103744.471753 nextFramePts: 3050066.000000 -> diff: 53678.471753  render: true forceNext: false
2026-02-15 13:34:18.468 T:8572    debug <avtiming>: CRenderManager::PrepareNextRender: frameOnScreen: 3099963.100000 renderPts: 3166629.771753 nextFramePts: 3116800.000000 -> diff: 49829.771753  render: true forceNext: false
2026-02-15 13:34:18.505 T:8572    debug <avtiming>: CRenderManager::PrepareNextRender: frameOnScreen: 3137717.200000 renderPts: 3204383.871753 nextFramePts: 3183533.000000 -> diff: 20850.871753  render: true forceNext: false
2026-02-15 13:34:18.545 T:8572    debug <avtiming>: CRenderManager::PrepareNextRender: frameOnScreen: 3177609.700000 renderPts: 3244276.371753 nextFramePts: 3216900.000000 -> diff: 27376.371753  render: true forceNext: false
2026-02-15 13:34:18.592 T:8572    debug <avtiming>: CRenderManager::PrepareNextRender: frameOnScreen: 3224491.300000 renderPts: 3291157.971753 nextFramePts: 3250266.000000 -> diff: 40891.971753  render: true forceNext: false
2026-02-15 13:34:18.639 T:8572    debug <avtiming>: CRenderManager::PrepareNextRender: frameOnScreen: 3271490.900000 renderPts: 3338157.571753 nextFramePts: 3283633.000000 -> diff: 54524.571753  render: true forceNext: false
2026-02-15 13:34:18.686 T:8572    debug <avtiming>: CRenderManager::PrepareNextRender: frameOnScreen: 3318258.000000 renderPts: 3384924.671753 nextFramePts: 3350366.000000 -> diff: 34558.671753  render: true forceNext: false
2026-02-15 13:34:18.748 T:8572    debug <avtiming>: CRenderManager::PrepareNextRender: frameOnScreen: 3381423.700000 renderPts: 3448090.371753 nextFramePts: 3383733.000000 -> diff: 64357.371753  render: true forceNext: false
2026-02-15 13:34:18.779 T:8572    debug <avtiming>: CRenderManager::PrepareNextRender: frameOnScreen: 3412809.600000 renderPts: 3479476.271753 nextFramePts: 3450466.000000 -> diff: 29010.271753  render: true forceNext: false
2026-02-15 13:34:18.826 T:8572    debug <avtiming>: CRenderManager::PrepareNextRender: frameOnScreen: 3459950.100000 renderPts: 3526616.771753 nextFramePts: 3483833.000000 -> diff: 42783.771753  render: true forceNext: false
2026-02-15 13:34:18.856 T:8572    debug <avtiming>: CRenderManager::PrepareNextRender: frameOnScreen: 3491022.000000 renderPts: 3557688.671753 nextFramePts: 3550566.000000 -> diff: 7122.671753  render: true forceNext: false
2026-02-15 13:34:18.904 T:8572    debug <avtiming>: CRenderManager::PrepareNextRender: frameOnScreen: 3538000.200000 renderPts: 3604666.871753 nextFramePts: 3583933.000000 -> diff: 20733.871753  render: true forceNext: false
2026-02-15 13:34:18.950 T:8572    debug <avtiming>: CRenderManager::PrepareNextRender: frameOnScreen: 3584610.600000 renderPts: 3651277.271753 nextFramePts: 3617300.000000 -> diff: 33977.271753  render: true forceNext: false
2026-02-15 13:34:18.981 T:8572    debug <avtiming>: CRenderManager::PrepareNextRender: frameOnScreen: 3615779.500000 renderPts: 3682446.171753 nextFramePts: 3650666.000000 -> diff: 31780.171753  render: true forceNext: false
2026-02-15 13:34:19.036 T:8572    debug <avtiming>: CRenderManager::PrepareNextRender: frameOnScreen: 3670815.100000 renderPts: 3737481.771753 nextFramePts: 3684033.000000 -> diff: 53448.771753  render: true forceNext: false
2026-02-15 13:34:19.059 T:8572    debug <avtiming>: CRenderManager::PrepareNextRender: frameOnScreen: 3694516.400000 renderPts: 3761183.071753 nextFramePts: 3750766.000000 -> diff: 10417.071753  render: true forceNext: false
2026-02-15 13:34:19.106 T:8572    debug <avtiming>: CRenderManager::PrepareNextRender: frameOnScreen: 3740823.700000 renderPts: 3807490.371753 nextFramePts: 3784133.000000 -> diff: 23357.371753  render: true forceNext: false
2026-02-15 13:34:19.138 T:8572    debug <avtiming>: CRenderManager::PrepareNextRender: frameOnScreen: 3773301.200000 renderPts: 3839967.871753 nextFramePts: 3817500.000000 -> diff: 22467.871753  render: true forceNext: false
2026-02-15 13:34:19.168 T:8572    debug <avtiming>: CRenderManager::PrepareNextRender: frameOnScreen: 3803465.700000 renderPts: 3870132.371753 nextFramePts: 3850866.000000 -> diff: 19266.371753  render: true forceNext: false
2026-02-15 13:34:19.198 T:8572    debug <avtiming>: CRenderManager::PrepareNextRender: frameOnScreen: 3834748.900000 renderPts: 3901415.571753 nextFramePts: 3884233.000000 -> diff: 17182.571753  render: true forceNext: false
2026-02-15 13:34:19.229 T:8572    debug <avtiming>: CRenderManager::PrepareNextRender: frameOnScreen: 3865827.500000 renderPts: 3932494.171753 nextFramePts: 3917600.000000 -> diff: 14894.171753  render: true forceNext: false
2026-02-15 13:34:19.276 T:8572    debug <avtiming>: CRenderManager::PrepareNextRender: frameOnScreen: 3912194.500000 renderPts: 3978861.171753 nextFramePts: 3950966.000000 -> diff: 27895.171753  render: true forceNext: false
2026-02-15 13:34:19.308 T:8572    debug <avtiming>: CRenderManager::PrepareNextRender: frameOnScreen: 3943668.300000 renderPts: 4010334.971753 nextFramePts: 3984333.000000 -> diff: 26001.971753  render: true forceNext: false
2026-02-15 13:34:19.339 T:8572    debug <avtiming>: CRenderManager::PrepareNextRender: frameOnScreen: 3975835.000000 renderPts: 4042501.671753 nextFramePts: 4017699.000000 -> diff: 24802.671753  render: true forceNext: false
2026-02-15 13:34:19.371 T:8572    debug <avtiming>: CRenderManager::PrepareNextRender: frameOnScreen: 4006187.600000 renderPts: 4072854.271753 nextFramePts: 4051066.000000 -> diff: 21788.271753  render: true forceNext: false
2026-02-15 13:34:19.417 T:8572    debug <avtiming>: CRenderManager::PrepareNextRender: frameOnScreen: 4052584.700000 renderPts: 4119251.371753 nextFramePts: 4084433.000000 -> diff: 34818.371753  render: true forceNext: false
2026-02-15 13:34:19.448 T:8572    debug <avtiming>: CRenderManager::PrepareNextRender: frameOnScreen: 4084427.100000 renderPts: 4151093.771753 nextFramePts: 4117800.000000 -> diff: 33293.771753  render: true forceNext: false
2026-02-15 13:34:19.495 T:8572    debug <avtiming>: CRenderManager::PrepareNextRender: frameOnScreen: 4130851.400000 renderPts: 4197518.071753 nextFramePts: 4151166.000000 -> diff: 46352.071753  render: true forceNext: false
2026-02-15 13:34:19.526 T:8572    debug <avtiming>: CRenderManager::PrepareNextRender: frameOnScreen: 4163041.200000 renderPts: 4229707.871753 nextFramePts: 4217900.000000 -> diff: 11807.871753  render: true forceNext: false
2026-02-15 13:34:19.564 T:8572    debug <avtiming>: CRenderManager::PrepareNextRender: frameOnScreen: 4201454.800000 renderPts: 4268121.471753 nextFramePts: 4251266.000000 -> diff: 16855.471753  render: true forceNext: false
2026-02-15 13:34:19.589 T:8572    debug <avtiming>: CRenderManager::PrepareNextRender: frameOnScreen: 4224932.100000 renderPts: 4291598.771753 nextFramePts: 4284633.000000 -> diff: 6965.771753  render: true forceNext: false
2026-02-15 13:34:19.635 T:8572    debug <avtiming>: CRenderManager::PrepareNextRender: frameOnScreen: 4271784.200000 renderPts: 4338450.871753 nextFramePts: 4318000.000000 -> diff: 20450.871753  render: true forceNext: false
2026-02-15 13:34:19.667 T:8572    debug <avtiming>: CRenderManager::PrepareNextRender: frameOnScreen: 4303996.200000 renderPts: 4370662.871753 nextFramePts: 4351366.000000 -> diff: 19296.871753  render: true forceNext: false
2026-02-15 13:34:19.702 T:8572    debug <avtiming>: CRenderManager::PrepareNextRender: frameOnScreen: 4339689.200000 renderPts: 4406355.871753 nextFramePts: 4384733.000000 -> diff: 21622.871753  render: true forceNext: false
2026-02-15 13:34:19.752 T:8572    debug <avtiming>: CRenderManager::PrepareNextRender: frameOnScreen: 4388210.600000 renderPts: 4454877.271753 nextFramePts: 4418100.000000 -> diff: 36777.271753  render: true forceNext: false
2026-02-15 13:34:19.776 T:8572    debug <avtiming>: CRenderManager::PrepareNextRender: frameOnScreen: 4412362.300000 renderPts: 4479028.971753 nextFramePts: 4451466.000000 -> diff: 27562.971753  render: true forceNext: false
2026-02-15 13:34:19.811 T:8572    debug <avtiming>: CRenderManager::PrepareNextRender: frameOnScreen: 4448478.900000 renderPts: 4515145.571753 nextFramePts: 4484833.000000 -> diff: 30312.571753  render: true forceNext: false
2026-02-15 13:34:19.839 T:8572    debug <avtiming>: CRenderManager::PrepareNextRender: frameOnScreen: 4476533.000000 renderPts: 4543199.671753 nextFramePts: 4518200.000000 -> diff: 24999.671753  render: true forceNext: false
2026-02-15 13:34:19.874 T:8572    debug <avtiming>: CRenderManager::PrepareNextRender: frameOnScreen: 4512261.300000 renderPts: 4578927.971753 nextFramePts: 4551566.000000 -> diff: 27361.971753  render: true forceNext: false
2026-02-15 13:34:19.901 T:8572    debug <avtiming>: CRenderManager::PrepareNextRender: frameOnScreen: 4539233.000000 renderPts: 4605899.671753 nextFramePts: 4584933.000000 -> diff: 20966.671753  render: true forceNext: false
2026-02-15 13:34:19.930 T:8572    debug <avtiming>: CRenderManager::PrepareNextRender: frameOnScreen: 4568794.500000 renderPts: 4635461.171753 nextFramePts: 4618300.000000 -> diff: 17161.171753  render: true forceNext: false
2026-02-15 13:34:19.963 T:8572    debug <avtiming>: CRenderManager::PrepareNextRender: frameOnScreen: 4600581.100000 renderPts: 4667247.771753 nextFramePts: 4651666.000000 -> diff: 15581.771753  render: true forceNext: false
2026-02-15 13:34:19.995 T:8572    debug <avtiming>: CRenderManager::PrepareNextRender: frameOnScreen: 4633082.900000 renderPts: 4699749.571753 nextFramePts: 4685033.000000 -> diff: 14716.571753  render: true forceNext: false
2026-02-15 13:34:20.003 T:9772    debug <general>: CPtsTracker: detected pattern of length 1: 33366.67, frameduration: 33366.666667
2026-02-15 13:34:20.025 T:8572    debug <avtiming>: CRenderManager::PrepareNextRender: frameOnScreen: 4663254.400000 renderPts: 4729921.071753 nextFramePts: 4718400.000000 -> diff: 11521.071753  render: true forceNext: false
2026-02-15 13:34:20.056 T:8572    debug <avtiming>: CRenderManager::PrepareNextRender: frameOnScreen: 4694534.900000 renderPts: 4761201.571753 nextFramePts: 4751766.000000 -> diff: 9435.571753  render: true forceNext: false
2026-02-15 13:34:20.098 T:8572    debug <avtiming>: CRenderManager::PrepareNextRender: frameOnScreen: 4736006.000000 renderPts: 4802672.671753 nextFramePts: 4785133.000000 -> diff: 17539.671753  render: true forceNext: false
2026-02-15 13:34:20.120 T:8572    debug <avtiming>: CRenderManager::PrepareNextRender: frameOnScreen: 4758141.300000 renderPts: 4824807.971753 nextFramePts: 4818500.000000 -> diff: 6307.971753  render: true forceNext: false
2026-02-15 13:34:20.166 T:8572    debug <avtiming>: CRenderManager::PrepareNextRender: frameOnScreen: 4803274.600000 renderPts: 4869941.271753 nextFramePts: 4851866.000000 -> diff: 18075.271753  render: true forceNext: false
2026-02-15 13:34:20.197 T:8572    debug <avtiming>: CRenderManager::PrepareNextRender: frameOnScreen: 4835372.800000 renderPts: 4902039.471753 nextFramePts: 4885233.000000 -> diff: 16806.471753  render: true forceNext: false
2026-02-15 13:34:20.236 T:8572    debug <avtiming>: CRenderManager::PrepareNextRender: frameOnScreen: 4874425.000000 renderPts: 4941091.671753 nextFramePts: 4918600.000000 -> diff: 22491.671753  render: true forceNext: false
2026-02-15 13:34:20.274 T:8572    debug <avtiming>: CRenderManager::PrepareNextRender: frameOnScreen: 4912228.900000 renderPts: 4978895.571753 nextFramePts: 4951966.000000 -> diff: 26929.571753  render: true forceNext: false
2026-02-15 13:34:20.314 T:8572    debug <avtiming>: CRenderManager::PrepareNextRender: frameOnScreen: 4951801.100000 renderPts: 5018467.771753 nextFramePts: 4985333.000000 -> diff: 33134.771753  render: true forceNext: false
2026-02-15 13:34:20.338 T:8572    debug <avtiming>: CRenderManager::PrepareNextRender: frameOnScreen: 4976279.800000 renderPts: 5042946.471753 nextFramePts: 5018700.000000 -> diff: 24246.471753  render: true forceNext: false
2026-02-15 13:34:20.369 T:8572    debug <avtiming>: CRenderManager::PrepareNextRender: frameOnScreen: 5006877.400000 renderPts: 5073544.071753 nextFramePts: 5052066.000000 -> diff: 21478.071753  render: true forceNext: false
2026-02-15 13:34:20.415 T:8572    debug <avtiming>: CRenderManager::PrepareNextRender: frameOnScreen: 5053045.800000 renderPts: 5119712.471753 nextFramePts: 5085433.000000 -> diff: 34279.471753  render: true forceNext: false
2026-02-15 13:34:20.447 T:8572    debug <avtiming>: CRenderManager::PrepareNextRender: frameOnScreen: 5085938.500000 renderPts: 5152605.171753 nextFramePts: 5152166.000000 -> diff: 439.171753  render: true forceNext: false
2026-02-15 13:34:20.491 T:8572    debug <avtiming>: CRenderManager::PrepareNextRender: frameOnScreen: 5130308.800000 renderPts: 5196975.471753 nextFramePts: 5185533.000000 -> diff: 11442.471753  render: true forceNext: false
2026-02-15 13:34:20.539 T:8572    debug <avtiming>: CRenderManager::PrepareNextRender: frameOnScreen: 5177856.300000 renderPts: 5244522.971753 nextFramePts: 5218900.000000 -> diff: 25622.971753  render: true forceNext: false
2026-02-15 13:34:20.571 T:8572    debug <avtiming>: CRenderManager::PrepareNextRender: frameOnScreen: 5209592.100000 renderPts: 5276258.771753 nextFramePts: 5252266.000000 -> diff: 23992.771753  render: true forceNext: false
2026-02-15 13:34:20.617 T:8572    debug <avtiming>: CRenderManager::PrepareNextRender: frameOnScreen: 5255246.200000 renderPts: 5321912.871753 nextFramePts: 5285633.000000 -> diff: 36279.871753  render: true forceNext: false
2026-02-15 13:34:20.635 T:8572    debug <avtiming>: CRenderManager::PrepareNextRender: frameOnScreen: 5272610.700000 renderPts: 5339277.371753 nextFramePts: 5319000.000000 -> diff: 20277.371753  render: true forceNext: false
2026-02-15 13:34:20.666 T:8572    debug <avtiming>: CRenderManager::PrepareNextRender: frameOnScreen: 5302686.400000 renderPts: 5369353.071753 nextFramePts: 5352366.000000 -> diff: 16987.071753  render: true forceNext: false
2026-02-15 13:34:20.698 T:8572    debug <avtiming>: CRenderManager::PrepareNextRender: frameOnScreen: 5335550.000000 renderPts: 5402216.671753 nextFramePts: 5385733.000000 -> diff: 16483.671753  render: true forceNext: false
2026-02-15 13:34:20.727 T:8572    debug <avtiming>: CRenderManager::PrepareNextRender: frameOnScreen: 5365484.100000 renderPts: 5432150.771753 nextFramePts: 5419100.000000 -> diff: 13050.771753  render: true forceNext: false
2026-02-15 13:34:20.757 T:8572    debug <avtiming>: CRenderManager::PrepareNextRender: frameOnScreen: 5396469.600000 renderPts: 5463136.271753 nextFramePts: 5452466.000000 -> diff: 10670.271753  render: true forceNext: false
2026-02-15 13:34:20.790 T:8572    debug <avtiming>: CRenderManager::PrepareNextRender: frameOnScreen: 5428351.600000 renderPts: 5495018.271753 nextFramePts: 5485833.000000 -> diff: 9185.271753  render: true forceNext: false
2026-02-15 13:34:20.838 T:8572    debug <avtiming>: CRenderManager::PrepareNextRender: frameOnScreen: 5476366.000000 renderPts: 5543032.671753 nextFramePts: 5519200.000000 -> diff: 23832.671753  render: true forceNext: false
2026-02-15 13:34:20.869 T:8572    debug <avtiming>: CRenderManager::PrepareNextRender: frameOnScreen: 5507273.400000 renderPts: 5573940.071753 nextFramePts: 5552566.000000 -> diff: 21374.071753  render: true forceNext: false
2026-02-15 13:34:20.900 T:8572    debug <avtiming>: CRenderManager::PrepareNextRender: frameOnScreen: 5539080.800000 renderPts: 5605747.471753 nextFramePts: 5585933.000000 -> diff: 19814.471753  render: true forceNext: false
2026-02-15 13:34:20.945 T:8572    debug <avtiming>: CRenderManager::PrepareNextRender: frameOnScreen: 5584133.800000 renderPts: 5650800.471753 nextFramePts: 5619300.000000 -> diff: 31500.471753  render: true forceNext: false
2026-02-15 13:34:20.978 T:8572    debug <avtiming>: CRenderManager::PrepareNextRender: frameOnScreen: 5617467.100000 renderPts: 5684133.771753 nextFramePts: 5652666.000000 -> diff: 31467.771753  render: true forceNext: false
2026-02-15 13:34:21.008 T:8572    debug <avtiming>: CRenderManager::PrepareNextRender: frameOnScreen: 5646654.900000 renderPts: 5713321.571753 nextFramePts: 5686033.000000 -> diff: 27288.571753  render: true forceNext: false
2026-02-15 13:34:21.055 T:8572    debug <avtiming>: CRenderManager::PrepareNextRender: frameOnScreen: 5693486.400000 renderPts: 5760153.071753 nextFramePts: 5719400.000000 -> diff: 40753.071753  render: true forceNext: false
2026-02-15 13:34:21.086 T:8572    debug <avtiming>: CRenderManager::PrepareNextRender: frameOnScreen: 5725221.400000 renderPts: 5791888.071753 nextFramePts: 5752766.000000 -> diff: 39122.071753  render: true forceNext: false
2026-02-15 13:34:21.126 T:8572    debug <avtiming>: CRenderManager::PrepareNextRender: frameOnScreen: 5765528.600000 renderPts: 5832195.271753 nextFramePts: 5819500.000000 -> diff: 12695.271753  render: true forceNext: false
2026-02-15 13:34:21.148 T:8572    debug <avtiming>: CRenderManager::PrepareNextRender: frameOnScreen: 5788423.600000 renderPts: 5855090.271753 nextFramePts: 5852866.000000 -> diff: 2224.271753  render: true forceNext: false
2026-02-15 13:34:21.194 T:8572    debug <avtiming>: CRenderManager::PrepareNextRender: frameOnScreen: 5833973.500000 renderPts: 5900640.171753 nextFramePts: 5886233.000000 -> diff: 14407.171753  render: true forceNext: false
2026-02-15 13:34:21.225 T:8572    debug <avtiming>: CRenderManager::PrepareNextRender: frameOnScreen: 5866062.300000 renderPts: 5932728.971753 nextFramePts: 5919600.000000 -> diff: 13128.971753  render: true forceNext: false
2026-02-15 13:34:21.256 T:8572    debug <avtiming>: CRenderManager::PrepareNextRender: frameOnScreen: 5896957.300000 renderPts: 5963623.971753 nextFramePts: 5952966.000000 -> diff: 10657.971753  render: true forceNext: false
2026-02-15 13:34:21.303 T:8572    debug <avtiming>: CRenderManager::PrepareNextRender: frameOnScreen: 5942981.600000 renderPts: 6009648.271753 nextFramePts: 5986333.000000 -> diff: 23315.271753  render: true forceNext: false
2026-02-15 13:34:21.319 T:8572    debug <avtiming>: CRenderManager::PrepareNextRender: frameOnScreen: 5959688.400000 renderPts: 6026355.071753 nextFramePts: 6019700.000000 -> diff: 6655.071753  render: true forceNext: false
2026-02-15 13:34:21.366 T:8572    debug <avtiming>: CRenderManager::PrepareNextRender: frameOnScreen: 6006200.600000 renderPts: 6072867.271753 nextFramePts: 6053066.000000 -> diff: 19801.271753  render: true forceNext: false
2026-02-15 13:34:21.396 T:8572    debug <avtiming>: CRenderManager::PrepareNextRender: frameOnScreen: 6037460.400000 renderPts: 6104127.071753 nextFramePts: 6086433.000000 -> diff: 17694.071753  render: true forceNext: false
2026-02-15 13:34:21.427 T:8572    debug <avtiming>: CRenderManager::PrepareNextRender: frameOnScreen: 6069035.600000 renderPts: 6135702.271753 nextFramePts: 6119800.000000 -> diff: 15902.271753  render: true forceNext: false
2026-02-15 13:34:21.458 T:8572    debug <avtiming>: CRenderManager::PrepareNextRender: frameOnScreen: 6100924.400000 renderPts: 6167591.071753 nextFramePts: 6153166.000000 -> diff: 14425.071753  render: true forceNext: false
2026-02-15 13:34:21.489 T:8572    debug <avtiming>: CRenderManager::PrepareNextRender: frameOnScreen: 6131950.000000 renderPts: 6198616.671753 nextFramePts: 6186533.000000 -> diff: 12083.671753  render: true forceNext: false
2026-02-15 13:34:21.535 T:8572    debug <avtiming>: CRenderManager::PrepareNextRender: frameOnScreen: 6177705.800000 renderPts: 6244372.471753 nextFramePts: 6219900.000000 -> diff: 24472.471753  render: true forceNext: false
2026-02-15 13:34:21.568 T:8572    debug <avtiming>: CRenderManager::PrepareNextRender: frameOnScreen: 6210263.200000 renderPts: 6276929.871753 nextFramePts: 6253266.000000 -> diff: 23663.871753  render: true forceNext: false
2026-02-15 13:34:21.597 T:8572    debug <avtiming>: CRenderManager::PrepareNextRender: frameOnScreen: 6240748.400000 renderPts: 6307415.071753 nextFramePts: 6286633.000000 -> diff: 20782.071753  render: true forceNext: false
2026-02-15 13:34:21.652 T:8572    debug <avtiming>: CRenderManager::PrepareNextRender: frameOnScreen: 6295019.700000 renderPts: 6361686.371753 nextFramePts: 6320000.000000 -> diff: 41686.371753  render: true forceNext: false
2026-02-15 13:34:21.674 T:8572    debug <avtiming>: CRenderManager::PrepareNextRender: frameOnScreen: 6318911.500000 renderPts: 6385578.171753 nextFramePts: 6353366.000000 -> diff: 32212.171753  render: true forceNext: false
2026-02-15 13:34:21.705 T:8572    debug <avtiming>: CRenderManager::PrepareNextRender: frameOnScreen: 6350312.800000 renderPts: 6416979.471753 nextFramePts: 6386733.000000 -> diff: 30246.471753  render: true forceNext: false
2026-02-15 13:34:21.736 T:8572    debug <avtiming>: CRenderManager::PrepareNextRender: frameOnScreen: 6381530.900000 renderPts: 6448197.571753 nextFramePts: 6420100.000000 -> diff: 28097.571753  render: true forceNext: false
2026-02-15 13:34:21.767 T:8572    debug <avtiming>: CRenderManager::PrepareNextRender: frameOnScreen: 6413251.000000 renderPts: 6479917.671753 nextFramePts: 6453466.000000 -> diff: 26451.671753  render: true forceNext: false
2026-02-15 13:34:21.812 T:8572    debug <avtiming>: CRenderManager::PrepareNextRender: frameOnScreen: 6458613.000000 renderPts: 6525279.671753 nextFramePts: 6486833.000000 -> diff: 38446.671753  render: true forceNext: false
2026-02-15 13:34:21.845 T:8572    debug <avtiming>: CRenderManager::PrepareNextRender: frameOnScreen: 6491415.800000 renderPts: 6558082.471753 nextFramePts: 6553566.000000 -> diff: 4516.471753  render: true forceNext: false
2026-02-15 13:34:21.876 T:8572    debug <avtiming>: CRenderManager::PrepareNextRender: frameOnScreen: 6522795.200000 renderPts: 6589461.871753 nextFramePts: 6586933.000000 -> diff: 2528.871753  render: true forceNext: false
2026-02-15 13:34:21.936 T:8572    debug <avtiming>: CRenderManager::PrepareNextRender: frameOnScreen: 6583902.300000 renderPts: 6650568.971753 nextFramePts: 6620300.000000 -> diff: 30268.971753  render: true forceNext: false
2026-02-15 13:34:21.983 T:8572    debug <avtiming>: CRenderManager::PrepareNextRender: frameOnScreen: 6630919.300000 renderPts: 6697585.971753 nextFramePts: 6653666.000000 -> diff: 43919.971753  render: true forceNext: false
2026-02-15 13:34:22.030 T:8572    debug <avtiming>: CRenderManager::PrepareNextRender: frameOnScreen: 6677577.000000 renderPts: 6744243.671753 nextFramePts: 6687033.000000 -> diff: 57210.671753  render: true forceNext: false
2026-02-15 13:34:22.078 T:8572    debug <avtiming>: CRenderManager::PrepareNextRender: frameOnScreen: 6725866.700000 renderPts: 6792533.371753 nextFramePts: 6753766.000000 -> diff: 38767.371753  render: true forceNext: false
2026-02-15 13:34:22.139 T:8572    debug <avtiming>: CRenderManager::PrepareNextRender: frameOnScreen: 6787958.400000 renderPts: 6854625.071753 nextFramePts: 6787133.000000 -> diff: 67492.071753  render: true forceNext: false
2026-02-15 13:34:22.194 T:8572    debug <avtiming>: CRenderManager::PrepareNextRender: frameOnScreen: 6843072.000000 renderPts: 6909738.671753 nextFramePts: 6853866.000000 -> diff: 55872.671753  render: true forceNext: false
2026-02-15 13:34:22.247 T:8572    debug <avtiming>: CRenderManager::PrepareNextRender: frameOnScreen: 6897174.100000 renderPts: 6963840.771753 nextFramePts: 6920600.000000 -> diff: 43240.771753  render: true forceNext: false
2026-02-15 13:34:22.300 T:8572    debug <avtiming>: CRenderManager::PrepareNextRender: frameOnScreen: 6949701.100000 renderPts: 7016367.771753 nextFramePts: 6987333.000000 -> diff: 29034.771753  render: true forceNext: false
2026-02-15 13:34:22.356 T:8572    debug <avtiming>: CRenderManager::PrepareNextRender: frameOnScreen: 7006597.900000 renderPts: 7073264.571753 nextFramePts: 7020700.000000 -> diff: 52564.571753  render: true forceNext: false
2026-02-15 13:34:22.396 T:8572    debug <avtiming>: CRenderManager::PrepareNextRender: frameOnScreen: 7045684.000000 renderPts: 7112350.671753 nextFramePts: 7087433.000000 -> diff: 24917.671753  render: true forceNext: false
2026-02-15 13:34:22.434 T:8572    debug <avtiming>: CRenderManager::PrepareNextRender: frameOnScreen: 7084310.800000 renderPts: 7150977.471753 nextFramePts: 7120800.000000 -> diff: 30177.471753  render: true forceNext: false
2026-02-15 13:34:22.468 T:8572    debug <avtiming>: CRenderManager::PrepareNextRender: frameOnScreen: 7117992.400000 renderPts: 7184659.071753 nextFramePts: 7154166.000000 -> diff: 30493.071753  render: true forceNext: false
2026-02-15 13:34:22.497 T:8572    debug <avtiming>: CRenderManager::PrepareNextRender: frameOnScreen: 7148024.800000 renderPts: 7214691.471753 nextFramePts: 7187533.000000 -> diff: 27158.471753  render: true forceNext: false
2026-02-15 13:34:22.527 T:8572    debug <avtiming>: CRenderManager::PrepareNextRender: frameOnScreen: 7178377.300000 renderPts: 7245043.971753 nextFramePts: 7220900.000000 -> diff: 24143.971753  render: true forceNext: false
2026-02-15 13:34:22.558 T:8572    debug <avtiming>: CRenderManager::PrepareNextRender: frameOnScreen: 7210016.200000 renderPts: 7276682.871753 nextFramePts: 7254266.000000 -> diff: 22416.871753  render: true forceNext: false
2026-02-15 13:34:22.590 T:8572    debug <avtiming>: CRenderManager::PrepareNextRender: frameOnScreen: 7241087.000000 renderPts: 7307753.671753 nextFramePts: 7287633.000000 -> diff: 20120.671753  render: true forceNext: false
2026-02-15 13:34:22.636 T:8572    debug <avtiming>: CRenderManager::PrepareNextRender: frameOnScreen: 7287218.200000 renderPts: 7353884.871753 nextFramePts: 7321000.000000 -> diff: 32884.871753  render: true forceNext: false
2026-02-15 13:34:22.652 T:9772    debug <general>: CPtsTracker: pattern lost on diff 66733.000000, number of losses 2
2026-02-15 13:34:22.671 T:8572    debug <avtiming>: CRenderManager::PrepareNextRender: frameOnScreen: 7322366.600000 renderPts: 7389033.271753 nextFramePts: 7354366.000000 -> diff: 34667.271753  render: true forceNext: false
2026-02-15 13:34:22.682 T:9772    debug <video>: CVideoPlayerVideo::CalcDropRequirement - dropped in decoder, lateframes: 0, Bufferlevel: 4, dropped: 2
2026-02-15 13:34:22.716 T:8572    debug <avtiming>: CRenderManager::PrepareNextRender: frameOnScreen: 7367230.100000 renderPts: 7433896.771753 nextFramePts: 7421100.000000 -> diff: 12796.771753  render: true forceNext: false
2026-02-15 13:34:22.747 T:8572    debug <avtiming>: CRenderManager::PrepareNextRender: frameOnScreen: 7398716.700000 renderPts: 7465383.371753 nextFramePts: 7454466.000000 -> diff: 10917.371753  render: true forceNext: false
2026-02-15 13:34:22.780 T:8572    debug <avtiming>: CRenderManager::PrepareNextRender: frameOnScreen: 7431810.600000 renderPts: 7498477.271753 nextFramePts: 7487833.000000 -> diff: 10644.271753  render: true forceNext: false
2026-02-15 13:34:22.807 T:8572    debug <avtiming>: CRenderManager::PrepareNextRender: frameOnScreen: 7459812.200000 renderPts: 7526478.871753 nextFramePts: 7554566.000000 -> diff: -28087.128247  render: false forceNext: false
2026-02-15 13:34:22.854 T:8572    debug <avtiming>: CRenderManager::PrepareNextRender: frameOnScreen: 7506956.500000 renderPts: 7573623.171753 nextFramePts: 7554566.000000 -> diff: 19057.171753  render: true forceNext: false
2026-02-15 13:34:22.885 T:8572    debug <avtiming>: CRenderManager::PrepareNextRender: frameOnScreen: 7538214.800000 renderPts: 7604881.471753 nextFramePts: 7587933.000000 -> diff: 16948.471753  render: true forceNext: false
2026-02-15 13:34:22.916 T:8572    debug <avtiming>: CRenderManager::PrepareNextRender: frameOnScreen: 7570011.700000 renderPts: 7636678.371753 nextFramePts: 7621300.000000 -> diff: 15378.371753  render: true forceNext: false
2026-02-15 13:34:22.947 T:8572    debug <avtiming>: CRenderManager::PrepareNextRender: frameOnScreen: 7600941.500000 renderPts: 7667608.171753 nextFramePts: 7654666.000000 -> diff: 12942.171753  render: true forceNext: false
2026-02-15 13:34:22.977 T:8572    debug <avtiming>: CRenderManager::PrepareNextRender: frameOnScreen: 7630657.000000 renderPts: 7697323.671753 nextFramePts: 7688033.000000 -> diff: 9290.671753  render: true forceNext: false
2026-02-15 13:34:23.018 T:8572    debug <avtiming>: CRenderManager::PrepareNextRender: frameOnScreen: 7671541.800000 renderPts: 7738208.471753 nextFramePts: 7721400.000000 -> diff: 16808.471753  render: true forceNext: false
2026-02-15 13:34:23.056 T:8572    debug <avtiming>: CRenderManager::PrepareNextRender: frameOnScreen: 7709929.800000 renderPts: 7776596.471753 nextFramePts: 7754766.000000 -> diff: 21830.471753  render: true forceNext: false
2026-02-15 13:34:23.087 T:8572    debug <avtiming>: CRenderManager::PrepareNextRender: frameOnScreen: 7740288.700000 renderPts: 7806955.371753 nextFramePts: 7788133.000000 -> diff: 18822.371753  render: true forceNext: false
2026-02-15 13:34:23.120 T:8572    debug <avtiming>: CRenderManager::PrepareNextRender: frameOnScreen: 7771705.100000 renderPts: 7838371.771753 nextFramePts: 7821500.000000 -> diff: 16871.771753  render: true forceNext: false
2026-02-15 13:34:23.151 T:8572    debug <avtiming>: CRenderManager::PrepareNextRender: frameOnScreen: 7803923.300000 renderPts: 7870589.971753 nextFramePts: 7854866.000000 -> diff: 15723.971753  render: true forceNext: false
2026-02-15 13:34:23.197 T:8572    debug <avtiming>: CRenderManager::PrepareNextRender: frameOnScreen: 7849955.500000 renderPts: 7916622.171753 nextFramePts: 7888233.000000 -> diff: 28389.171753  render: true forceNext: false
2026-02-15 13:34:23.237 T:8572    debug <avtiming>: CRenderManager::PrepareNextRender: frameOnScreen: 7890350.500000 renderPts: 7957017.171753 nextFramePts: 7921600.000000 -> diff: 35417.171753  render: true forceNext: false
2026-02-15 13:34:23.259 T:8572    debug <avtiming>: CRenderManager::PrepareNextRender: frameOnScreen: 7912555.700000 renderPts: 7979222.371753 nextFramePts: 7954966.000000 -> diff: 24256.371753  render: true forceNext: false
2026-02-15 13:34:23.290 T:8572    debug <avtiming>: CRenderManager::PrepareNextRender: frameOnScreen: 7944172.100000 renderPts: 8010838.771753 nextFramePts: 7988333.000000 -> diff: 22505.771753  render: true forceNext: false
2026-02-15 13:34:23.336 T:8572    debug <avtiming>: CRenderManager::PrepareNextRender: frameOnScreen: 7989948.700000 renderPts: 8056615.371753 nextFramePts: 8021699.000000 -> diff: 34916.371753  render: true forceNext: false
2026-02-15 13:34:23.369 T:8572    debug <avtiming>: CRenderManager::PrepareNextRender: frameOnScreen: 8022681.500000 renderPts: 8089348.171753 nextFramePts: 8055066.000000 -> diff: 34282.171753  render: true forceNext: false
2026-02-15 13:34:23.399 T:8572    debug <avtiming>: CRenderManager::PrepareNextRender: frameOnScreen: 8053795.500000 renderPts: 8120462.171753 nextFramePts: 8121800.000000 -> diff: -1337.828247  render: false forceNext: false
2026-02-15 13:34:23.430 T:8572    debug <avtiming>: CRenderManager::PrepareNextRender: frameOnScreen: 8083665.100000 renderPts: 8150331.771753 nextFramePts: 8121800.000000 -> diff: 28531.771753  render: true forceNext: false
2026-02-15 13:34:23.463 T:8572    debug <avtiming>: CRenderManager::PrepareNextRender: frameOnScreen: 8116911.200000 renderPts: 8183577.871753 nextFramePts: 8155166.000000 -> diff: 28411.871753  render: true forceNext: false
2026-02-15 13:34:23.493 T:8572    debug <avtiming>: CRenderManager::PrepareNextRender: frameOnScreen: 8147595.000000 renderPts: 8214261.671753 nextFramePts: 8188533.000000 -> diff: 25728.671753  render: true forceNext: false
2026-02-15 13:34:23.525 T:8572    debug <avtiming>: CRenderManager::PrepareNextRender: frameOnScreen: 8177817.900000 renderPts: 8244484.571753 nextFramePts: 8221900.000000 -> diff: 22584.571753  render: true forceNext: false
2026-02-15 13:34:23.557 T:8572    debug <avtiming>: CRenderManager::PrepareNextRender: frameOnScreen: 8210556.000000 renderPts: 8277222.671753 nextFramePts: 8255266.000000 -> diff: 21956.671753  render: true forceNext: false
2026-02-15 13:34:23.587 T:8572    debug <avtiming>: CRenderManager::PrepareNextRender: frameOnScreen: 8239996.500000 renderPts: 8306663.171753 nextFramePts: 8288633.000000 -> diff: 18030.171753  render: true forceNext: false
2026-02-15 13:34:23.619 T:8572    debug <avtiming>: CRenderManager::PrepareNextRender: frameOnScreen: 8272419.400000 renderPts: 8339086.071753 nextFramePts: 8321999.000000 -> diff: 17087.071753  render: true forceNext: false
2026-02-15 13:34:23.665 T:8572    debug <avtiming>: CRenderManager::PrepareNextRender: frameOnScreen: 8318783.000000 renderPts: 8385449.671753 nextFramePts: 8355366.000000 -> diff: 30083.671753  render: true forceNext: false
2026-02-15 13:34:23.696 T:8572    debug <avtiming>: CRenderManager::PrepareNextRender: frameOnScreen: 8349910.900000 renderPts: 8416577.571753 nextFramePts: 8388733.000000 -> diff: 27844.571753  render: true forceNext: false
2026-02-15 13:34:23.727 T:8572    debug <avtiming>: CRenderManager::PrepareNextRender: frameOnScreen: 8382178.200000 renderPts: 8448844.871753 nextFramePts: 8422100.000000 -> diff: 26744.871753  render: true forceNext: false
2026-02-15 13:34:23.775 T:8572    debug <avtiming>: CRenderManager::PrepareNextRender: frameOnScreen: 8429327.100000 renderPts: 8495993.771753 nextFramePts: 8455466.000000 -> diff: 40527.771753  render: true forceNext: false
2026-02-15 13:34:23.781 T:9772    debug <video>: CVideoPlayerVideo::CalcDropRequirement - dropped in decoder, lateframes: 0, Bufferlevel: 4, dropped: 2
2026-02-15 13:34:23.805 T:8572    debug <avtiming>: CRenderManager::PrepareNextRender: frameOnScreen: 8459739.200000 renderPts: 8526405.871753 nextFramePts: 8522200.000000 -> diff: 4205.871753  render: true forceNext: false
2026-02-15 13:34:23.834 T:8572    debug <avtiming>: CRenderManager::PrepareNextRender: frameOnScreen: 8489728.400000 renderPts: 8556395.071753 nextFramePts: 8555566.000000 -> diff: 829.071753  render: true forceNext: false
2026-02-15 13:34:23.882 T:8572    debug <avtiming>: CRenderManager::PrepareNextRender: frameOnScreen: 8537579.200000 renderPts: 8604245.871753 nextFramePts: 8588933.000000 -> diff: 15312.871753  render: true forceNext: false
2026-02-15 13:34:23.913 T:8572    debug <avtiming>: CRenderManager::PrepareNextRender: frameOnScreen: 8569543.100000 renderPts: 8636209.771753 nextFramePts: 8655666.000000 -> diff: -19456.228247  render: false forceNext: false
2026-02-15 13:34:23.929 T:8572    debug <avtiming>: CRenderManager::PrepareNextRender: frameOnScreen: 8584557.000000 renderPts: 8651223.671753 nextFramePts: 8655666.000000 -> diff: -4442.328247  render: false forceNext: false
2026-02-15 13:34:23.976 T:8572    debug <avtiming>: CRenderManager::PrepareNextRender: frameOnScreen: 8630975.100000 renderPts: 8697641.771753 nextFramePts: 8689033.000000 -> diff: 8608.771753  render: true forceNext: false
2026-02-15 13:34:24.007 T:8572    debug <avtiming>: CRenderManager::PrepareNextRender: frameOnScreen: 8663046.200000 renderPts: 8729712.871753 nextFramePts: 8722400.000000 -> diff: 7312.871753  render: true forceNext: false
2026-02-15 13:34:24.038 T:8572    debug <avtiming>: CRenderManager::PrepareNextRender: frameOnScreen: 8694410.200000 renderPts: 8761076.871753 nextFramePts: 8755766.000000 -> diff: 5310.871753  render: true forceNext: false
2026-02-15 13:34:24.069 T:8572    debug <avtiming>: CRenderManager::PrepareNextRender: frameOnScreen: 8724532.800000 renderPts: 8791199.471753 nextFramePts: 8789133.000000 -> diff: 2066.471753  render: true forceNext: false
2026-02-15 13:34:24.116 T:8572    debug <avtiming>: CRenderManager::PrepareNextRender: frameOnScreen: 8771399.900000 renderPts: 8838066.571753 nextFramePts: 8822500.000000 -> diff: 15566.571753  render: true forceNext: false
2026-02-15 13:34:24.147 T:8572    debug <avtiming>: CRenderManager::PrepareNextRender: frameOnScreen: 8803411.700000 renderPts: 8870078.371753 nextFramePts: 8855866.000000 -> diff: 14212.371753  render: true forceNext: false
2026-02-15 13:34:24.179 T:8572    debug <avtiming>: CRenderManager::PrepareNextRender: frameOnScreen: 8834114.100000 renderPts: 8900780.771753 nextFramePts: 8889233.000000 -> diff: 11547.771753  render: true forceNext: false
2026-02-15 13:34:24.229 T:8572    debug <avtiming>: CRenderManager::PrepareNextRender: frameOnScreen: 8884144.800000 renderPts: 8950811.471753 nextFramePts: 8922600.000000 -> diff: 28211.471753  render: true forceNext: false
2026-02-15 13:34:24.257 T:8572    debug <avtiming>: CRenderManager::PrepareNextRender: frameOnScreen: 8911875.200000 renderPts: 8978541.871753 nextFramePts: 8955966.000000 -> diff: 22575.871753  render: true forceNext: false
2026-02-15 13:34:24.298 T:8572    debug <avtiming>: CRenderManager::PrepareNextRender: frameOnScreen: 8952736.800000 renderPts: 9019403.471753 nextFramePts: 8989333.000000 -> diff: 30070.471753  render: true forceNext: false
2026-02-15 13:34:24.336 T:8572    debug <avtiming>: CRenderManager::PrepareNextRender: frameOnScreen: 8990753.400000 renderPts: 9057420.071753 nextFramePts: 9022700.000000 -> diff: 34720.071753  render: true forceNext: false
2026-02-15 13:34:24.368 T:8572    debug <avtiming>: CRenderManager::PrepareNextRender: frameOnScreen: 9022968.200000 renderPts: 9089634.871753 nextFramePts: 9056066.000000 -> diff: 33568.871753  render: true forceNext: false
2026-02-15 13:34:24.415 T:8572    debug <avtiming>: CRenderManager::PrepareNextRender: frameOnScreen: 9068654.100000 renderPts: 9135320.771753 nextFramePts: 9089433.000000 -> diff: 45887.771753  render: true forceNext: false
2026-02-15 13:34:24.446 T:8572    debug <avtiming>: CRenderManager::PrepareNextRender: frameOnScreen: 9100638.000000 renderPts: 9167304.671753 nextFramePts: 9156166.000000 -> diff: 11138.671753  render: true forceNext: false
2026-02-15 13:34:24.493 T:8572    debug <avtiming>: CRenderManager::PrepareNextRender: frameOnScreen: 9147747.000000 renderPts: 9214413.671753 nextFramePts: 9189533.000000 -> diff: 24880.671753  render: true forceNext: false
2026-02-15 13:34:24.525 T:8572    debug <avtiming>: CRenderManager::PrepareNextRender: frameOnScreen: 9178155.400000 renderPts: 9244822.071753 nextFramePts: 9222900.000000 -> diff: 21922.071753  render: true forceNext: false
2026-02-15 13:34:24.557 T:8572    debug <avtiming>: CRenderManager::PrepareNextRender: frameOnScreen: 9210244.000000 renderPts: 9276910.671753 nextFramePts: 9256266.000000 -> diff: 20644.671753  render: true forceNext: false
2026-02-15 13:34:24.588 T:8572    debug <avtiming>: CRenderManager::PrepareNextRender: frameOnScreen: 9240888.900000 renderPts: 9307555.571753 nextFramePts: 9289633.000000 -> diff: 17922.571753  render: true forceNext: false
2026-02-15 13:34:24.619 T:8572    debug <avtiming>: CRenderManager::PrepareNextRender: frameOnScreen: 9272072.800000 renderPts: 9338739.471753 nextFramePts: 9323000.000000 -> diff: 15739.471753  render: true forceNext: false
2026-02-15 13:34:24.666 T:8572    debug <avtiming>: CRenderManager::PrepareNextRender: frameOnScreen: 9318734.900000 renderPts: 9385401.571753 nextFramePts: 9356366.000000 -> diff: 29035.571753  render: true forceNext: false
2026-02-15 13:34:24.697 T:8572    debug <avtiming>: CRenderManager::PrepareNextRender: frameOnScreen: 9350098.700000 renderPts: 9416765.371753 nextFramePts: 9389733.000000 -> diff: 27032.371753  render: true forceNext: false
2026-02-15 13:34:24.744 T:8572    debug <avtiming>: CRenderManager::PrepareNextRender: frameOnScreen: 9396762.000000 renderPts: 9463428.671753 nextFramePts: 9423100.000000 -> diff: 40328.671753  render: true forceNext: false
2026-02-15 13:34:24.776 T:8572    debug <avtiming>: CRenderManager::PrepareNextRender: frameOnScreen: 9428718.000000 renderPts: 9495384.671753 nextFramePts: 9456466.000000 -> diff: 38918.671753  render: true forceNext: false
2026-02-15 13:34:24.812 T:8572    debug <avtiming>: CRenderManager::PrepareNextRender: frameOnScreen: 9465495.600000 renderPts: 9532162.271753 nextFramePts: 9489833.000000 -> diff: 42329.271753  render: true forceNext: false
2026-02-15 13:34:24.837 T:8572    debug <avtiming>: CRenderManager::PrepareNextRender: frameOnScreen: 9491135.700000 renderPts: 9557802.371753 nextFramePts: 9523200.000000 -> diff: 34602.371753  render: true forceNext: false
2026-02-15 13:34:24.868 T:8572    debug <avtiming>: CRenderManager::PrepareNextRender: frameOnScreen: 9522181.800000 renderPts: 9588848.471753 nextFramePts: 9589933.000000 -> diff: -1084.528247  render: false forceNext: false
2026-02-15 13:34:24.914 T:8572    debug <avtiming>: CRenderManager::PrepareNextRender: frameOnScreen: 9568163.400000 renderPts: 9634830.071753 nextFramePts: 9589933.000000 -> diff: 44897.071753  render: true forceNext: false
2026-02-15 13:34:24.946 T:8572    debug <avtiming>: CRenderManager::PrepareNextRender: frameOnScreen: 9600775.200000 renderPts: 9667441.871753 nextFramePts: 9623300.000000 -> diff: 44141.871753  render: true forceNext: false
2026-02-15 13:34:24.976 T:8572    debug <avtiming>: CRenderManager::PrepareNextRender: frameOnScreen: 9631450.800000 renderPts: 9698117.471753 nextFramePts: 9656666.000000 -> diff: 41451.471753  render: true forceNext: false
2026-02-15 13:34:25.024 T:8572    debug <avtiming>: CRenderManager::PrepareNextRender: frameOnScreen: 9678716.300000 renderPts: 9745382.971753 nextFramePts: 9690033.000000 -> diff: 55349.971753  render: true forceNext: false
2026-02-15 13:34:25.055 T:8572    debug <avtiming>: CRenderManager::PrepareNextRender: frameOnScreen: 9708813.900000 renderPts: 9775480.571753 nextFramePts: 9756766.000000 -> diff: 18714.571753  render: true forceNext: false
2026-02-15 13:34:25.087 T:8572    debug <avtiming>: CRenderManager::PrepareNextRender: frameOnScreen: 9740741.400000 renderPts: 9807408.071753 nextFramePts: 9790133.000000 -> diff: 17275.071753  render: true forceNext: false
2026-02-15 13:34:25.117 T:8572    debug <avtiming>: CRenderManager::PrepareNextRender: frameOnScreen: 9772168.700000 renderPts: 9838835.371753 nextFramePts: 9823500.000000 -> diff: 15335.371753  render: true forceNext: false
2026-02-15 13:34:25.164 T:8572    debug <avtiming>: CRenderManager::PrepareNextRender: frameOnScreen: 9818109.200000 renderPts: 9884775.871753 nextFramePts: 9856866.000000 -> diff: 27909.871753  render: true forceNext: false
2026-02-15 13:34:25.211 T:8572    debug <avtiming>: CRenderManager::PrepareNextRender: frameOnScreen: 9864994.400000 renderPts: 9931661.071753 nextFramePts: 9890233.000000 -> diff: 41428.071753  render: true forceNext: false
2026-02-15 13:34:25.258 T:8572    debug <avtiming>: CRenderManager::PrepareNextRender: frameOnScreen: 9912226.300000 renderPts: 9978892.971753 nextFramePts: 9923600.000000 -> diff: 55292.971753  render: true forceNext: false
2026-02-15 13:34:25.290 T:8572    debug <avtiming>: CRenderManager::PrepareNextRender: frameOnScreen: 9944023.600000 renderPts: 10010690.271753 nextFramePts: 9990333.000000 -> diff: 20357.271753  render: true forceNext: false
2026-02-15 13:34:25.344 T:8572    debug <avtiming>: CRenderManager::PrepareNextRender: frameOnScreen: 9998552.500000 renderPts: 10065219.171753 nextFramePts: 10023700.000000 -> diff: 41519.171753  render: true forceNext: false
2026-02-15 13:34:25.369 T:8572    debug <avtiming>: CRenderManager::PrepareNextRender: frameOnScreen: 10023171.200000 renderPts: 10089837.871753 nextFramePts: 10057066.000000 -> diff: 32771.871753  render: true forceNext: false
2026-02-15 13:34:25.399 T:8572    debug <avtiming>: CRenderManager::PrepareNextRender: frameOnScreen: 10052450.000000 renderPts: 10119116.671753 nextFramePts: 10090433.000000 -> diff: 28683.671753  render: true forceNext: false
2026-02-15 13:34:25.446 T:8572    debug <avtiming>: CRenderManager::PrepareNextRender: frameOnScreen: 10099471.400000 renderPts: 10166138.071753 nextFramePts: 10123800.000000 -> diff: 42338.071753  render: true forceNext: false
2026-02-15 13:34:25.478 T:8572    debug <avtiming>: CRenderManager::PrepareNextRender: frameOnScreen: 10130601.200000 renderPts: 10197267.871753 nextFramePts: 10190533.000000 -> diff: 6734.871753  render: true forceNext: false
2026-02-15 13:34:25.525 T:8572    debug <avtiming>: CRenderManager::PrepareNextRender: frameOnScreen: 10178544.400000 renderPts: 10245211.071753 nextFramePts: 10223900.000000 -> diff: 21311.071753  render: true forceNext: false
2026-02-15 13:34:25.556 T:8572    debug <avtiming>: CRenderManager::PrepareNextRender: frameOnScreen: 10209369.900000 renderPts: 10276036.571753 nextFramePts: 10257266.000000 -> diff: 18770.571753  render: true forceNext: false
2026-02-15 13:34:25.587 T:8572    debug <avtiming>: CRenderManager::PrepareNextRender: frameOnScreen: 10240155.000000 renderPts: 10306821.671753 nextFramePts: 10290633.000000 -> diff: 16188.671753  render: true forceNext: false
2026-02-15 13:34:25.619 T:8572    debug <avtiming>: CRenderManager::PrepareNextRender: frameOnScreen: 10272708.900000 renderPts: 10339375.571753 nextFramePts: 10324000.000000 -> diff: 15375.571753  render: true forceNext: false
2026-02-15 13:34:25.665 T:8572    debug <avtiming>: CRenderManager::PrepareNextRender: frameOnScreen: 10318094.000000 renderPts: 10384760.671753 nextFramePts: 10357366.000000 -> diff: 27394.671753  render: true forceNext: false
2026-02-15 13:34:25.696 T:8572    debug <avtiming>: CRenderManager::PrepareNextRender: frameOnScreen: 10350080.500000 renderPts: 10416747.171753 nextFramePts: 10390733.000000 -> diff: 26014.171753  render: true forceNext: false
2026-02-15 13:34:25.727 T:8572    debug <avtiming>: CRenderManager::PrepareNextRender: frameOnScreen: 10381662.100000 renderPts: 10448328.771753 nextFramePts: 10424100.000000 -> diff: 24228.771753  render: true forceNext: false
2026-02-15 13:34:25.758 T:8572    debug <avtiming>: CRenderManager::PrepareNextRender: frameOnScreen: 10413157.700000 renderPts: 10479824.371753 nextFramePts: 10457466.000000 -> diff: 22358.371753  render: true forceNext: false
2026-02-15 13:34:25.790 T:8572    debug <avtiming>: CRenderManager::PrepareNextRender: frameOnScreen: 10444823.700000 renderPts: 10511490.371753 nextFramePts: 10490833.000000 -> diff: 20657.371753  render: true forceNext: false
2026-02-15 13:34:25.835 T:8572    debug <avtiming>: CRenderManager::PrepareNextRender: frameOnScreen: 10490029.100000 renderPts: 10556695.771753 nextFramePts: 10524200.000000 -> diff: 32495.771753  render: true forceNext: false
2026-02-15 13:34:25.876 T:8572    debug <avtiming>: CRenderManager::PrepareNextRender: frameOnScreen: 10531273.100000 renderPts: 10597939.771753 nextFramePts: 10557566.000000 -> diff: 40373.771753  render: true forceNext: false
2026-02-15 13:34:25.898 T:8572    debug <avtiming>: CRenderManager::PrepareNextRender: frameOnScreen: 10553888.100000 renderPts: 10620554.771753 nextFramePts: 10590933.000000 -> diff: 29621.771753  render: true forceNext: false
2026-02-15 13:34:25.944 T:8572    debug <avtiming>: CRenderManager::PrepareNextRender: frameOnScreen: 10600009.100000 renderPts: 10666675.771753 nextFramePts: 10624300.000000 -> diff: 42375.771753  render: true forceNext: false
2026-02-15 13:34:25.975 T:8572    debug <avtiming>: CRenderManager::PrepareNextRender: frameOnScreen: 10632058.700000 renderPts: 10698725.371753 nextFramePts: 10691033.000000 -> diff: 7692.371753  render: true forceNext: false
2026-02-15 13:34:26.005 T:8572    debug <avtiming>: CRenderManager::PrepareNextRender: frameOnScreen: 10662684.000000 renderPts: 10729350.671753 nextFramePts: 10724400.000000 -> diff: 4950.671753  render: true forceNext: false
2026-02-15 13:34:26.036 T:8572    debug <avtiming>: CRenderManager::PrepareNextRender: frameOnScreen: 10694718.200000 renderPts: 10761384.871753 nextFramePts: 10757766.000000 -> diff: 3618.871753  render: true forceNext: false
2026-02-15 13:34:26.052 T:8572    debug <avtiming>: CRenderManager::PrepareNextRender: frameOnScreen: 10710681.600000 renderPts: 10777348.271753 nextFramePts: 10791133.000000 -> diff: -13784.728247  render: false forceNext: false
2026-02-15 13:34:26.097 T:8572    debug <avtiming>: CRenderManager::PrepareNextRender: frameOnScreen: 10756111.700000 renderPts: 10822778.371753 nextFramePts: 10824500.000000 -> diff: -1721.628247  render: false forceNext: false
2026-02-15 13:34:26.113 T:8572    debug <avtiming>: CRenderManager::PrepareNextRender: frameOnScreen: 10771819.600000 renderPts: 10838486.271753 nextFramePts: 10824500.000000 -> diff: 13986.271753  render: true forceNext: false
2026-02-15 13:34:26.145 T:8572    debug <avtiming>: CRenderManager::PrepareNextRender: frameOnScreen: 10804168.000000 renderPts: 10870834.671753 nextFramePts: 10857866.000000 -> diff: 12968.671753  render: true forceNext: false
2026-02-15 13:34:26.176 T:8572    debug <avtiming>: CRenderManager::PrepareNextRender: frameOnScreen: 10834982.500000 renderPts: 10901649.171753 nextFramePts: 10891233.000000 -> diff: 10416.171753  render: true forceNext: false
2026-02-15 13:34:26.222 T:8572    debug <avtiming>: CRenderManager::PrepareNextRender: frameOnScreen: 10880527.700000 renderPts: 10947194.371753 nextFramePts: 10924600.000000 -> diff: 22594.371753  render: true forceNext: false
2026-02-15 13:34:26.254 T:8572    debug <avtiming>: CRenderManager::PrepareNextRender: frameOnScreen: 10913456.900000 renderPts: 10980123.571753 nextFramePts: 10957966.000000 -> diff: 22157.571753  render: true forceNext: false
2026-02-15 13:34:26.284 T:8572    debug <avtiming>: CRenderManager::PrepareNextRender: frameOnScreen: 10944197.500000 renderPts: 11010864.171753 nextFramePts: 10991333.000000 -> diff: 19531.171753  render: true forceNext: false
2026-02-15 13:34:26.315 T:8572    debug <avtiming>: CRenderManager::PrepareNextRender: frameOnScreen: 10975806.900000 renderPts: 11042473.571753 nextFramePts: 11024700.000000 -> diff: 17773.571753  render: true forceNext: false
2026-02-15 13:34:26.346 T:8572    debug <avtiming>: CRenderManager::PrepareNextRender: frameOnScreen: 11006690.100000 renderPts: 11073356.771753 nextFramePts: 11058066.000000 -> diff: 15290.771753  render: true forceNext: false
2026-02-15 13:34:26.385 T:8572    debug <avtiming>: CRenderManager::PrepareNextRender: frameOnScreen: 11045134.000000 renderPts: 11111800.671753 nextFramePts: 11091433.000000 -> diff: 20367.671753  render: true forceNext: false
2026-02-15 13:34:26.424 T:8572    debug <avtiming>: CRenderManager::PrepareNextRender: frameOnScreen: 11084431.600000 renderPts: 11151098.271753 nextFramePts: 11124800.000000 -> diff: 26298.271753  render: true forceNext: false
2026-02-15 13:34:26.456 T:8572    debug <general>: CInputManager::ProcessMouse: trying mouse action leftclick
2026-02-15 13:34:26.457 T:8572     info <general>: CVideoPlayer::CloseFile()
2026-02-15 13:34:26.457 T:8572    debug <general>: CRenderManager::DeleteRenderer - deleting renderer
2026-02-15 13:34:26.457 T:8572    debug <general>: DX::DeviceResources::SetHdrColorSpace: DXGI SetColorSpace1 RGB_FULL_G22_NONE_P709 success
2026-02-15 13:34:26.458 T:8572     info <general>: VideoPlayer: waiting for threads to exit
2026-02-15 13:34:26.461 T:2500     info <general>: CVideoPlayer::OnExit()
2026-02-15 13:34:26.461 T:2500    debug <bluray>: CDVDInputStream::SavePlaylistDetails: Playing playlist/title 1 - menu false, duration 2263 seconds, watched time 0 seconds
2026-02-15 13:34:26.461 T:2500    debug <general>: CDVDInputStream::UpdateItemFromPlaylistDetails: Playlist/title 1 - menu false, duration 2263 seconds, watched time 0 seconds
2026-02-15 13:34:26.461 T:2500    debug <general>: CDVDInputStream::UpdateItemFromPlaylistDetails: Main playlist 1
2026-02-15 13:34:26.461 T:2500     info <general>: Closing stream player 1
2026-02-15 13:34:26.461 T:2500     info <general>: Waiting for audio thread to exit
2026-02-15 13:34:26.473 T:7288     info <general>: thread end: CVideoPlayerAudio::OnExit()
2026-02-15 13:34:26.474 T:7288    debug <general>: Thread VideoPlayerAudio 7288 terminating
2026-02-15 13:34:26.474 T:2500     info <general>: Closing audio device
2026-02-15 13:34:26.474 T:5384    debug <general>: ffmpeg[0x1ea181b9bd0]: [SWR] Using s16p internally between filters
2026-02-15 13:34:26.493 T:2500    debug <general>: CDVDAudio::Flush - flush audio stream
2026-02-15 13:34:26.494 T:5384    debug <general>: ffmpeg[0x1ea181b9bd0]: [SWR] Using s16p internally between filters
2026-02-15 13:34:26.494 T:5384    debug <general>: CActiveAE::DiscardStream - audio stream deleted
2026-02-15 13:34:26.494 T:5384    debug <general>: CActiveAE::ClearDiscardedBuffers - buffer pool deleted
2026-02-15 13:34:26.494 T:5384    debug <general>: ffmpeg[0x1ea181b9bd0]: [SWR] Using s16p internally between filters
2026-02-15 13:34:26.494 T:5384    debug <general>: CActiveAE::ClearDiscardedBuffers - buffer pool deleted
2026-02-15 13:34:26.494 T:5384    debug <general>: ffmpeg[0x1ea181b9bd0]: [SWR] Using s16p internally between filters
2026-02-15 13:34:26.494 T:5384    debug <general>: CActiveAE::ClearDiscardedBuffers - buffer pool deleted
2026-02-15 13:34:26.494 T:5384    debug <general>: ActiveAE::CActiveAE::ConfigureLowLatency: Low latency mode: true - Initial buffer level: 20ms (resample: false)
2026-02-15 13:34:26.494 T:5384    debug <general>: CActiveAE::ClearDiscardedBuffers - buffer pool deleted
2026-02-15 13:34:26.494 T:2500     info <general>: Deleting audio codec
2026-02-15 13:34:26.494 T:2500     info <general>: Closing stream player 2
2026-02-15 13:34:26.494 T:2500     info <general>: waiting for video thread to exit
2026-02-15 13:34:26.533 T:9772  warning <general>: CVideoPlayerVideo::OutputPicture - timeout waiting for buffer
2026-02-15 13:34:26.534 T:9772     info <general>: thread end: video_thread
2026-02-15 13:34:26.534 T:9772    debug <general>: Thread VideoPlayerVideo 9772 terminating
2026-02-15 13:34:26.536 T:2500     info <general>: deleting video codec
2026-02-15 13:34:26.543 T:3596    debug <general>: Thread FileCache 3596 terminating
2026-02-15 13:34:26.544 T:5484     info <general>: Deleting settings information for files nfs://192.168.1.20/volume1/iso/01/か/Kalafina/[2009-03-04] Seventh Heaven (DVD)/dvd_video.iso
2026-02-15 13:34:26.544 T:5484    debug <database>: dbiplus::SqliteDataset::exec: 0 ms for query: DELETE FROM settings WHERE idFile=4
2026-02-15 13:34:26.545 T:5484    debug <general>: CSaveFileState::DoWork - Saving file state for video item nfs://192.168.1.20/volume1/iso/01/か/Kalafina/[2009-03-04] Seventh Heaven (DVD)/dvd_video.iso
2026-02-15 13:34:26.548 T:5484    debug <database>: dbiplus::SqliteDatabase::start_transaction: Sqlite start transaction
2026-02-15 13:34:26.565 T:2500    debug <general>: CNFSFile::Close closing file volume1/iso/01/か/Kalafina/[2009-03-04] Seventh Heaven (DVD)/dvd_video.iso
2026-02-15 13:34:26.565 T:2500    debug <general>: Thread VideoPlayer 2500 terminating
2026-02-15 13:34:26.565 T:8572     info <general>: VideoPlayer: finished waiting
2026-02-15 13:34:26.565 T:8572     info <general>: CVideoPlayer::CloseFile()
2026-02-15 13:34:26.565 T:8572     info <general>: VideoPlayer: waiting for threads to exit
2026-02-15 13:34:26.565 T:8572     info <general>: VideoPlayer: finished waiting
2026-02-15 13:34:26.565 T:8572    debug <general>: Radio UECP (RDS) Processor - delete CDVDRadioRDSData::~CDVDRadioRDSData
2026-02-15 13:34:26.565 T:8572    debug <general>: Audio ID3 tag processor - delete CVideoPlayerAudioID3::~CVideoPlayerAudioID3
2026-02-15 13:34:26.568 T:5484    debug <database>: dbiplus::SqliteDataset::exec: 2 ms for query: update files set playCount=NULL,lastPlayed='2026-02-15 13:34:26' where idFile=4
2026-02-15 13:34:26.570 T:5484    debug <database>: dbiplus::SqliteDatabase::commit_transaction: Sqlite commit transaction
2026-02-15 13:34:26.571 T:5484    debug <general>: CApplicationPlayerCallback::OnPlayBackStopped: call
2026-02-15 13:34:26.579 T:10696   debug <general>: CVideoSyncD3D: Cleaning up Direct3d
2026-02-15 13:34:26.580 T:10696   debug <general>: Thread RefClock 10696 terminating
2026-02-15 13:34:26.580 T:8572    debug <general>: CGUIWindowManager::PreviousWindow: Deactivate
2026-02-15 13:34:26.580 T:8572    debug <general>: ------ Window Deinit (VideoOSD.xml) ------
2026-02-15 13:34:26.580 T:8572    debug <general>: ------ Window Deinit (VideoFullScreen.xml) ------
2026-02-15 13:34:26.582 T:8572    debug <general>: CGUIWindowManager::PreviousWindow: Activate new
2026-02-15 13:34:26.583 T:8572    debug <general>: ------ Window Init (MyVideoNav.xml) ------
2026-02-15 13:34:26.583 T:8572    debug <general>: CGUIMediaWindow::GetDirectory (nfs://192.168.1.20/volume1/iso/01/か/Kalafina/[2009-03-04] Seventh Heaven (DVD)/)
2026-02-15 13:34:26.583 T:8572    debug <general>:   ParentPath = [nfs://192.168.1.20/volume1/iso/01/か/Kalafina/]
2026-02-15 13:34:26.590 T:8572    debug <database>: CVideoDatabase::RunQuery: took 0 ms for 1 items query: SELECT  files.strFilename, files.playCount,  bookmark.timeInSeconds, bookmark.totalTimeInSeconds FROM files  LEFT JOIN bookmark ON    files.idFile = bookmark.idFile AND bookmark.type = 1 WHERE files.idPath=6
2026-02-15 13:34:26.590 T:9880    debug <general>: Thread BackgroundLoader start, auto delete: false
2026-02-15 13:34:26.590 T:8572    debug <general>: [threads] name: 'BackgroundLoader' priority: below normal
2026-02-15 13:34:26.592 T:8572    debug <general>: ffmpeg[0x0]: [mjpeg] marker=d8 avail_size_in_buf=297611
2026-02-15 13:34:26.592 T:8572    debug <general>: ffmpeg[0x0]: [mjpeg] marker parser used 0 bytes (0 bits)
2026-02-15 13:34:26.592 T:8572    debug <general>: ffmpeg[0x0]: [mjpeg] marker=e0 avail_size_in_buf=297609
2026-02-15 13:34:26.592 T:8572    debug <general>: ffmpeg[0x0]: [mjpeg] marker parser used 16 bytes (128 bits)
2026-02-15 13:34:26.592 T:8572    debug <general>: ffmpeg[0x0]: [mjpeg] marker=db avail_size_in_buf=297591
2026-02-15 13:34:26.592 T:8572    debug <general>: ffmpeg[0x0]: [mjpeg] index=0
2026-02-15 13:34:26.592 T:8572    debug <general>: ffmpeg[0x0]: [mjpeg] qscale[0]: 1
2026-02-15 13:34:26.592 T:8572    debug <general>: ffmpeg[0x0]: [mjpeg] marker parser used 67 bytes (536 bits)
2026-02-15 13:34:26.592 T:8572    debug <general>: ffmpeg[0x0]: [mjpeg] marker=c0 avail_size_in_buf=297522
2026-02-15 13:34:26.592 T:8572    debug <general>: ffmpeg[0x0]: [mjpeg] Changing bps from 0 to 8
2026-02-15 13:34:26.592 T:8572    debug <general>: ffmpeg[0x0]: [mjpeg] sof0: picture: 1920x1080
2026-02-15 13:34:26.592 T:8572    debug <general>: ffmpeg[0x0]: [mjpeg] component 0 1:1 id: 1 quant:0
2026-02-15 13:34:26.592 T:8572    debug <general>: ffmpeg[0x0]: [mjpeg] pix fmt id 11000000
2026-02-15 13:34:26.592 T:8572    debug <general>: ffmpeg[0x0]: [mjpeg] Format gray chosen by get_format().
2026-02-15 13:34:26.592 T:9880    debug <general>: Thread BackgroundLoader 9880 terminating
2026-02-15 13:34:26.592 T:8572    debug <general>: ffmpeg[0x0]: [mjpeg] marker parser used 11 bytes (88 bits)
2026-02-15 13:34:26.592 T:8572    debug <general>: ffmpeg[0x0]: [mjpeg] marker=c4 avail_size_in_buf=297509
2026-02-15 13:34:26.592 T:8572    debug <general>: ffmpeg[0x0]: [mjpeg] class=0 index=0 nb_codes=10
2026-02-15 13:34:26.592 T:8572    debug <general>: ffmpeg[0x0]: [mjpeg] marker parser used 29 bytes (232 bits)
2026-02-15 13:34:26.592 T:8572    debug <general>: ffmpeg[0x0]: [mjpeg] marker=c4 avail_size_in_buf=297478
2026-02-15 13:34:26.592 T:8572    debug <general>: ffmpeg[0x0]: [mjpeg] class=1 index=0 nb_codes=39
2026-02-15 13:34:26.592 T:8572    debug <general>: ffmpeg[0x0]: [mjpeg] marker parser used 58 bytes (464 bits)
2026-02-15 13:34:26.592 T:8572    debug <general>: ffmpeg[0x0]: [mjpeg] escaping removed 1278 bytes
2026-02-15 13:34:26.592 T:8572    debug <general>: ffmpeg[0x0]: [mjpeg] marker=da avail_size_in_buf=297418
2026-02-15 13:34:26.592 T:8572    debug <general>: ffmpeg[0x0]: [mjpeg] component: 1
2026-02-15 13:34:26.597 T:8572    debug <general>: ffmpeg[0x0]: [mjpeg] marker parser used 296139 bytes (2369108 bits)
2026-02-15 13:34:26.597 T:8572    debug <general>: ffmpeg[0x0]: [mjpeg] marker=d9 avail_size_in_buf=0
2026-02-15 13:34:26.597 T:8572    debug <general>: ffmpeg[0x0]: [mjpeg] decode frame unused 0 bytes
2026-02-15 13:34:26.597 T:8572    debug <general>: ffmpeg[0x0]: [swscaler] Forcing full internal H chroma due to input having non subsampled chroma
2026-02-15 13:34:26.602 T:8572    debug <general>: Skipped 1 duplicate messages..
2026-02-15 13:34:26.602 T:8572    debug <general>: ------ Window Deinit (DialogSeekBar.xml) ------
2026-02-15 13:34:26.615 T:6628    debug <database>: CVideoDatabase::GetMovieId: (nfs://192.168.1.20/volume1/iso/01/か/Kalafina/[2009-03-04] Seventh Heaven (DVD)/dvd_video.iso), query = SELECT idMedia FROM videoversion WHERE idFile = 4 AND media_type = 'movie' AND itemType = 1
2026-02-15 13:34:26.615 T:6628    debug <database>: CVideoDatabase::GetEpisodeId: (nfs://192.168.1.20/volume1/iso/01/か/Kalafina/[2009-03-04] Seventh Heaven (DVD)/dvd_video.iso), query = select idEpisode from episode where idFile=4
2026-02-15 13:34:26.615 T:6628    debug <database>: CVideoDatabase::GetMusicVideoId: (nfs://192.168.1.20/volume1/iso/01/か/Kalafina/[2009-03-04] Seventh Heaven (DVD)/dvd_video.iso), query = select idMVideo from musicvideo where idFile=4
2026-02-15 13:34:26.615 T:6628  warning <announce>: ANNOUNCEMENT::CAnnouncementManager::DoAnnounce: CAnnouncementManager - Announcement: OnStop from xbmc
2026-02-15 13:34:26.758 T:8572    debug <general>: ------ Window Deinit (Custom_1109_TopBarOverlay.xml) ------
2026-02-15 13:34:32.095 T:8572    debug <general>: Keyboard: scancode: 0x1, sym: 0x1b (escape), unicode: 0x1b, modifier: 0x0
2026-02-15 13:34:32.205 T:8572    debug <general>: Keyboard: scancode: 0xc001, sym: 0x1b (escape), unicode: 0x00, modifier: 0x0
2026-02-15 13:34:32.205 T:8572    debug <general>: CInputManager::HandleKey: escape (0xf01b) pressed, window 10025, action is PreviousMenu
2026-02-15 13:34:32.205 T:8572    debug <general>: CGUIWindowManager::PreviousWindow: Deactivate
2026-02-15 13:34:32.206 T:8572    debug <general>: ------ Window Deinit (Pointer.xml) ------
2026-02-15 13:34:32.538 T:8572    debug <general>: ------ Window Deinit (MyVideoNav.xml) ------
2026-02-15 13:34:32.538 T:8572    debug <general>: FreeVisualisation() done
2026-02-15 13:34:32.568 T:8572    debug <general>: CGUIWindowManager::PreviousWindow: Activate new
2026-02-15 13:34:32.568 T:8572    debug <general>: ------ Window Init (Home.xml) ------
2026-02-15 13:34:32.569 T:8572    debug <general>: CDirectoryProvider[addons://]: refreshing...
2026-02-15 13:34:32.570 T:8572    debug <general>: CDirectoryProvider[addons://sources/video/]: refreshing...
2026-02-15 13:34:32.570 T:8572    debug <general>: CDirectoryProvider[addons://sources/audio/]: refreshing...
2026-02-15 13:34:32.570 T:8572    debug <general>: CDirectoryProvider[addons://sources/game/]: refreshing...
2026-02-15 13:34:32.570 T:8572    debug <general>: CDirectoryProvider[addons://sources/executable/]: refreshing...
2026-02-15 13:34:32.570 T:8572    debug <general>: CDirectoryProvider[addons://sources/image/]: refreshing...
2026-02-15 13:34:32.570 T:8572    debug <general>: CDirectoryProvider[library://video/]: refreshing...
2026-02-15 13:34:32.570 T:8572    debug <general>: CDirectoryProvider[sources://video/]: refreshing...
2026-02-15 13:34:32.570 T:8572    debug <general>: CDirectoryProvider[special://videoplaylists/]: refreshing...
2026-02-15 13:34:32.570 T:8572    debug <general>: CDirectoryProvider[favourites://]: refreshing...
2026-02-15 13:34:32.570 T:8572    debug <general>: CDirectoryProvider[addons://sources/game/]: refreshing...
2026-02-15 13:34:32.577 T:8572    debug <general>: ffmpeg[0x0]: [swscaler] Forcing full internal H chroma due to odd output size
2026-02-15 13:34:32.577 T:8572    debug <general>: ffmpeg[0x0]: [swscaler] Forcing full internal H chroma due to input having non subsampled chroma
2026-02-15 13:34:32.579 T:9764    debug <general>: CAddonDatabase: SELECT repo.id FROM repo .. took 0 ms
2026-02-15 13:34:32.583 T:5484    debug <general>: CMultiPathDirectory::GetDirectory(multipath://special%3a%2f%2fprofile%2fplaylists%2fvideo/special%3a%2f%2fprofile%2fplaylists%2fmixed/)
2026-02-15 13:34:32.583 T:5484    debug <general>: Getting Directory (special://profile/playlists/video)
2026-02-15 13:34:32.583 T:5484    debug <general>: Getting Directory (special://profile/playlists/mixed)
2026-02-15 13:34:32.583 T:5484    debug <general>: CMultiPathDirectory::MergeItems, items = 0
2026-02-15 13:34:32.585 T:9764    debug <general>: CAddonDatabase: query  SELECT addons.*, repo.addonID AS repoID FROM addons JOIN addonlinkrepo ON addons.id=addonlinkrepo.idAddon JOIN repo ON repo.id=addonlinkrepo.idRepo WHERE addonlinkrepo.idRepo IN (1) ORDER BY repo.addonID, addons.addonID returned 1036 rows in 5 ms
2026-02-15 13:34:32.586 T:3360    debug <general>: IMAGE_FILES::CImageCacheCleaner::ScanOldestCache: begin process to clean image cache
2026-02-15 13:34:32.586 T:3360    debug <general>: IMAGE_FILES::CImageCacheCleaner::ScanOldestCache: found no old cached images to process
2026-02-15 13:34:32.586 T:3360    debug <general>: CTextureCache::ScanOldestCache: scheduling the next image cache cleaning in 48 hours
2026-02-15 13:34:32.586 T:9740    debug <general>: Thread Timer start, auto delete: false
2026-02-15 13:34:32.607 T:9764    debug <general>: CAddonDatabase::GetAddons took 27 ms
2026-02-15 13:34:32.609 T:9764    debug <addons>: ADDON::CAddonRepos::LoadAddonsFromDatabase: repository.xbmc.org - 1034 addon(s) loaded
2026-02-15 13:34:32.609 T:9764    debug <addons>: ADDON::CAddonRepos::BuildUpdateOrOutdatedList: Building update list from installed add-ons
2026-02-15 13:34:32.609 T:9764    debug <addons>: ADDON::CAddonRepos::DoAddonUpdateCheck: update check: addonID = audioencoder.kodi.builtin.aac / Origin = b6a50484-93a0-4afb-a01c-8d17e059feda / Version = 1.0.2
2026-02-15 13:34:32.609 T:9764    debug <addons>: ADDON::CAddonRepos::DoAddonUpdateCheck: update check: addonID = audioencoder.kodi.builtin.wma / Origin = b6a50484-93a0-4afb-a01c-8d17e059feda / Version = 1.0.2
2026-02-15 13:34:32.609 T:9764    debug <addons>: ADDON::CAddonRepos::DoAddonUpdateCheck: update check: addonID = game.controller.default / Origin = b6a50484-93a0-4afb-a01c-8d17e059feda / Version = 1.0.46
2026-02-15 13:34:32.609 T:9764    debug <addons>: ADDON::CAddonRepos::DoAddonUpdateCheck: update check: addonID = game.controller.keyboard / Origin = b6a50484-93a0-4afb-a01c-8d17e059feda / Version = 1.1.47
2026-02-15 13:34:32.609 T:9764    debug <addons>: ADDON::CAddonRepos::DoAddonUpdateCheck: update check: addonID = game.controller.mouse / Origin = b6a50484-93a0-4afb-a01c-8d17e059feda / Version = 1.0.30
2026-02-15 13:34:32.609 T:9764    debug <addons>: ADDON::CAddonRepos::DoAddonUpdateCheck: update check: addonID = game.controller.snes / Origin = b6a50484-93a0-4afb-a01c-8d17e059feda / Version = 1.0.46
2026-02-15 13:34:32.609 T:9764    debug <addons>: ADDON::CAddonRepos::DoAddonUpdateCheck: update check: addonID = metadata.album.universal / Origin = b6a50484-93a0-4afb-a01c-8d17e059feda / Version = 3.1.18
2026-02-15 13:34:32.609 T:9764    debug <addons>: ADDON::CAddonRepos::DoAddonUpdateCheck: update check: addonID = metadata.artists.universal / Origin = b6a50484-93a0-4afb-a01c-8d17e059feda / Version = 4.3.21
2026-02-15 13:34:32.609 T:9764    debug <addons>: ADDON::CAddonRepos::DoAddonUpdateCheck: update check: addonID = metadata.common.allmusic.com / Origin = b6a50484-93a0-4afb-a01c-8d17e059feda / Version = 3.2.2
2026-02-15 13:34:32.609 T:9764    debug <addons>: ADDON::CAddonRepos::DoAddonUpdateCheck: update check: addonID = metadata.common.fanart.tv / Origin = b6a50484-93a0-4afb-a01c-8d17e059feda / Version = 3.6.5
2026-02-15 13:34:32.610 T:9764    debug <addons>: ADDON::CAddonRepos::DoAddonUpdateCheck: update check: addonID = metadata.common.musicbrainz.org / Origin = b6a50484-93a0-4afb-a01c-8d17e059feda / Version = 2.2.4
2026-02-15 13:34:32.610 T:9764    debug <addons>: ADDON::CAddonRepos::DoAddonUpdateCheck: update check: addonID = metadata.common.theaudiodb.com / Origin = b6a50484-93a0-4afb-a01c-8d17e059feda / Version = 2.0.3
2026-02-15 13:34:32.610 T:9764    debug <addons>: ADDON::CAddonRepos::DoAddonUpdateCheck: update check: addonID = metadata.generic.albums / Origin = b6a50484-93a0-4afb-a01c-8d17e059feda / Version = 1.0.18
2026-02-15 13:34:32.610 T:9764    debug <addons>: ADDON::CAddonRepos::DoAddonUpdateCheck: update check: addonID = metadata.generic.artists / Origin = b6a50484-93a0-4afb-a01c-8d17e059feda / Version = 1.0.18
2026-02-15 13:34:32.610 T:9764    debug <addons>: ADDON::CAddonRepos::DoAddonUpdateCheck: update check: addonID = metadata.local / Origin = b6a50484-93a0-4afb-a01c-8d17e059feda / Version = 1.0.1
2026-02-15 13:34:32.610 T:9764    debug <addons>: ADDON::CAddonRepos::DoAddonUpdateCheck: update check: addonID = metadata.themoviedb.org.python / Origin = b6a50484-93a0-4afb-a01c-8d17e059feda / Version = 3.1.3
2026-02-15 13:34:32.610 T:9764    debug <addons>: ADDON::CAddonRepos::DoAddonUpdateCheck: update check: addonID = metadata.tvshows.themoviedb.org.python / Origin = b6a50484-93a0-4afb-a01c-8d17e059feda / Version = 1.8.1
2026-02-15 13:34:32.610 T:9764    debug <addons>: ADDON::CAddonRepos::DoAddonUpdateCheck: update check: addonID = peripheral.joystick / Origin = b6a50484-93a0-4afb-a01c-8d17e059feda / Version = 22.0.5
2026-02-15 13:34:32.610 T:9764    debug <addons>: ADDON::CAddonRepos::DoAddonUpdateCheck: update check: addonID = repository.xbmc.org / Origin = b6a50484-93a0-4afb-a01c-8d17e059feda / Version = 3.5.0
2026-02-15 13:34:32.610 T:9764    debug <addons>: ADDON::CAddonRepos::DoAddonUpdateCheck: update check: addonID = resource.images.weathericons.default / Origin = b6a50484-93a0-4afb-a01c-8d17e059feda / Version = 1.1.9
2026-02-15 13:34:32.610 T:9764    debug <addons>: ADDON::CAddonRepos::DoAddonUpdateCheck: update check: addonID = resource.language.en_gb / Origin = b6a50484-93a0-4afb-a01c-8d17e059feda / Version = 2.0.2
2026-02-15 13:34:32.610 T:9764    debug <addons>: ADDON::CAddonRepos::DoAddonUpdateCheck: update check: addonID = resource.language.ja_jp / Origin = repository.xbmc.org / Version = 11.0.77
2026-02-15 13:34:32.610 T:9764    debug <addons>: ADDON::CAddonRepos::DoAddonUpdateCheck: update check: addonID = resource.uisounds.kodi / Origin = b6a50484-93a0-4afb-a01c-8d17e059feda / Version = 1.0.1
2026-02-15 13:34:32.610 T:9764    debug <addons>: ADDON::CAddonRepos::DoAddonUpdateCheck: update check: addonID = screensaver.xbmc.builtin.black / Origin = b6a50484-93a0-4afb-a01c-8d17e059feda / Version = 1.0.34
2026-02-15 13:34:32.610 T:9764    debug <addons>: ADDON::CAddonRepos::DoAddonUpdateCheck: update check: addonID = screensaver.xbmc.builtin.dim / Origin = b6a50484-93a0-4afb-a01c-8d17e059feda / Version = 1.0.66
2026-02-15 13:34:32.610 T:9764    debug <addons>: ADDON::CAddonRepos::DoAddonUpdateCheck: update check: addonID = script.module.pil / Origin = b6a50484-93a0-4afb-a01c-8d17e059feda / Version = 5.1.0
2026-02-15 13:34:32.610 T:9764    debug <addons>: ADDON::CAddonRepos::DoAddonUpdateCheck: update check: addonID = script.module.pycryptodome / Origin = b6a50484-93a0-4afb-a01c-8d17e059feda / Version = 3.4.3
2026-02-15 13:34:32.610 T:9764    debug <addons>: ADDON::CAddonRepos::DoAddonUpdateCheck: update check: addonID = service.xbmc.versioncheck / Origin = b6a50484-93a0-4afb-a01c-8d17e059feda / Version = 0.5.30+matrix.1
2026-02-15 13:34:32.610 T:9764    debug <addons>: ADDON::CAddonRepos::DoAddonUpdateCheck: update check: addonID = skin.estuary / Origin = b6a50484-93a0-4afb-a01c-8d17e059feda / Version = 4.1.0
2026-02-15 13:34:32.610 T:9764    debug <addons>: ADDON::CAddonRepos::DoAddonUpdateCheck: update check: addonID = webinterface.default / Origin = b6a50484-93a0-4afb-a01c-8d17e059feda / Version = 21.x-1.0.1
2026-02-15 13:34:32.610 T:9764    debug <general>: CAddonMgr::GetAvailableUpdatesOrOutdatedAddons took 31 ms
2026-02-15 13:34:33.163 T:8572    debug <general>: Keyboard: scancode: 0x1, sym: 0x1b (escape), unicode: 0x1b, modifier: 0x0
2026-02-15 13:34:33.301 T:8572    debug <general>: Keyboard: scancode: 0xc001, sym: 0x1b (escape), unicode: 0x00, modifier: 0x0
2026-02-15 13:34:33.302 T:8572    debug <general>: CInputManager::HandleKey: escape (0xf01b) pressed, window 10000, action is PreviousMenu
2026-02-15 13:34:33.302 T:8572    debug <general>: CGUIWindowManager::PreviousWindow: Deactivate
2026-02-15 13:34:33.641 T:8572    debug <general>: Keyboard: scancode: 0x148, sym: 0x111 (up), unicode: 0x00, modifier: 0x0
2026-02-15 13:34:33.642 T:8572    debug <general>: CInputManager::HandleKey: up (0xf080) pressed, window 10000, action is Up
2026-02-15 13:34:33.735 T:8572    debug <general>: Keyboard: scancode: 0xc148, sym: 0x111 (up), unicode: 0x00, modifier: 0x0
2026-02-15 13:34:34.171 T:8572    debug <general>: Keyboard: scancode: 0x14b, sym: 0x114 (left), unicode: 0x00, modifier: 0x0
2026-02-15 13:34:34.172 T:8572    debug <general>: CInputManager::HandleKey: left (0xf082) pressed, window 10000, action is Left
2026-02-15 13:34:34.294 T:8572    debug <general>: Keyboard: scancode: 0xc14b, sym: 0x114 (left), unicode: 0x00, modifier: 0x0
2026-02-15 13:34:34.669 T:8572    debug <general>: Keyboard: scancode: 0x148, sym: 0x111 (up), unicode: 0x00, modifier: 0x0
2026-02-15 13:34:34.670 T:8572    debug <general>: CInputManager::HandleKey: up (0xf080) pressed, window 10000, action is Up
2026-02-15 13:34:34.781 T:8572    debug <general>: Keyboard: scancode: 0xc148, sym: 0x111 (up), unicode: 0x00, modifier: 0x0
2026-02-15 13:34:34.875 T:8572    debug <general>: Keyboard: scancode: 0x148, sym: 0x111 (up), unicode: 0x00, modifier: 0x0
2026-02-15 13:34:34.876 T:8572    debug <general>: CInputManager::HandleKey: up (0xf080) pressed, window 10000, action is Up
2026-02-15 13:34:34.984 T:8572    debug <general>: Keyboard: scancode: 0xc148, sym: 0x111 (up), unicode: 0x00, modifier: 0x0
2026-02-15 13:34:35.647 T:8572    debug <general>: Keyboard: scancode: 0x1c, sym: 0x0d (enter), unicode: 0x0d, modifier: 0x0
2026-02-15 13:34:35.756 T:8572    debug <general>: Keyboard: scancode: 0xc01c, sym: 0x0d (enter), unicode: 0x00, modifier: 0x0
2026-02-15 13:34:35.757 T:8572    debug <general>: CInputManager::HandleKey: return (0xf00d) pressed, window 10000, action is Select
2026-02-15 13:34:35.757 T:8572    debug <general>: Activating window ID: 10111
2026-02-15 13:34:35.757 T:8572    debug <general>: ------ Window Init (DialogButtonMenu.xml) ------
2026-02-15 13:34:35.757 T:8572     info <general>: Loading skin file: DialogButtonMenu.xml, load type: KEEP_IN_MEMORY
2026-02-15 13:34:35.762 T:8572    debug <general>: ffmpeg[0x0]: [swscaler] Forcing full internal H chroma due to input having non subsampled chroma
2026-02-15 13:34:36.974 T:8572    debug <general>: Keyboard: scancode: 0x1c, sym: 0x0d (enter), unicode: 0x0d, modifier: 0x0
2026-02-15 13:34:37.071 T:8572    debug <general>: Keyboard: scancode: 0xc01c, sym: 0x0d (enter), unicode: 0x00, modifier: 0x0
2026-02-15 13:34:37.071 T:8572    debug <general>: CInputManager::HandleKey: return (0xf00d) pressed, window 10111, action is Select
2026-02-15 13:34:37.101 T:8572     info <general>: Stopping the application...
2026-02-15 13:34:37.101 T:8572     info <general>: Stopping player
2026-02-15 13:34:37.101 T:8572     info <general>: Storing total System Uptime
2026-02-15 13:34:37.102 T:6628  warning <announce>: ANNOUNCEMENT::CAnnouncementManager::DoAnnounce: CAnnouncementManager - Announcement: OnQuit from xbmc
2026-02-15 13:34:37.102 T:8572     info <general>: Saving settings
2026-02-15 13:34:37.108 T:8572     info <general>: Saving skin settings
2026-02-15 13:34:37.108 T:8572     info <general>: Stopping all
2026-02-15 13:34:37.109 T:9764    debug <general>: Thread JobWorker 9764 terminating (autodelete)
2026-02-15 13:34:37.109 T:5484    debug <general>: Thread JobWorker 5484 terminating (autodelete)
2026-02-15 13:34:37.114 T:3360    debug <general>: Thread JobWorker 3360 terminating (autodelete)
2026-02-15 13:34:37.114 T:8572    debug <general>: CNetworkBase::NetworkMessage - Signaling network services to stop
2026-02-15 13:34:37.114 T:8572     info <general>: ES: Stopping event server
2026-02-15 13:34:37.114 T:8572     info <general>: [WS-Discovery]: terminating
2026-02-15 13:34:37.114 T:8572    debug <general>: CNetworkBase::NetworkMessage - Waiting for network services to stop
2026-02-15 13:34:37.114 T:8572     info <general>: stopping upnp
2026-02-15 13:34:37.114 T:8572     info <Platinum>: [platinum.core.upnp]: Stopping UPnP...
2026-02-15 13:34:37.115 T:8572     info <Platinum>: [neptune.sockets.bsd]: shutdown failed (-20416)
2026-02-15 13:34:37.115 T:4156  warning <Platinum>: [platinum.core.http.servertask]: PLT_HttpListenTask exiting with -20021 (NPT_ERROR_CANCELLED)
2026-02-15 13:34:37.166 T:2160     info <Platinum>: [platinum.inputdatagramstream]: PLT_InputDatagramStream received 0
2026-02-15 13:34:37.166 T:2160  warning <Platinum>: [neptune.bufferedstreams]: NPT_CHECK failed, result=-20021 (NPT_ERROR_CANCELLED) [(__result)]
2026-02-15 13:34:37.166 T:2160  warning <Platinum>: [neptune.http]: NPT_CHECK failed, result=-20021 (NPT_ERROR_CANCELLED) [(stream.ReadLine(line, NPT_HTTP_PROTOCOL_MAX_LINE_LENGTH))]
2026-02-15 13:34:37.166 T:2160     info <Platinum>: [neptune.http]: NPT_CHECK failed, result=-20021 (NPT_ERROR_CANCELLED) [(result)]
2026-02-15 13:34:37.166 T:2160  warning <Platinum>: [platinum.core.ssdp]: PLT_SsdpSearchTask got an error (-20021) waiting for response
2026-02-15 13:34:37.216 T:8572  warning <Platinum>: [platinum.core.http.server]: NPT_CHECK failed, result=-20009 (NPT_ERROR_INVALID_STATE) [(NPT_ERROR_INVALID_STATE)]
2026-02-15 13:34:37.267 T:8572     info <Platinum>: [neptune.sockets.bsd]: shutdown failed (-20416)
2026-02-15 13:34:37.268 T:2928  warning <Platinum>: [platinum.core.http.servertask]: PLT_HttpListenTask exiting with -20021 (NPT_ERROR_CANCELLED)
2026-02-15 13:34:37.320 T:8572     info <Platinum>: [neptune.sockets.bsd]: setting multicast interface 127.0.0.1
2026-02-15 13:34:37.320 T:8572     info <Platinum>: [neptune.sockets.bsd]: setting multicast TTL to 2
2026-02-15 13:34:37.324 T:8572     info <Platinum>: [neptune.sockets.bsd]: setting multicast interface 192.168.124.145
2026-02-15 13:34:37.324 T:8572     info <Platinum>: [neptune.sockets.bsd]: setting multicast TTL to 2
2026-02-15 13:34:37.324 T:5452     info <Platinum>: [platinum.inputdatagramstream]: PLT_InputDatagramStream received 153
2026-02-15 13:34:37.324 T:5452     info <Platinum>: [platinum.inputdatagramstream]: PLT_InputDatagramStream requested 4096, consumed 153, left 0
2026-02-15 13:34:37.324 T:5452     info <Platinum>: [platinum.inputdatagramstream]: PLT_InputDatagramStream received 162
2026-02-15 13:34:37.324 T:5452     info <Platinum>: [platinum.inputdatagramstream]: PLT_InputDatagramStream requested 4096, consumed 162, left 0
2026-02-15 13:34:37.325 T:5452     info <Platinum>: [platinum.inputdatagramstream]: PLT_InputDatagramStream received 209
2026-02-15 13:34:37.325 T:5452     info <Platinum>: [platinum.inputdatagramstream]: PLT_InputDatagramStream requested 4096, consumed 209, left 0
2026-02-15 13:34:37.325 T:5452     info <Platinum>: [platinum.inputdatagramstream]: PLT_InputDatagramStream received 207
2026-02-15 13:34:37.325 T:5452     info <Platinum>: [platinum.inputdatagramstream]: PLT_InputDatagramStream requested 4096, consumed 207, left 0
2026-02-15 13:34:37.325 T:5452     info <Platinum>: [platinum.inputdatagramstream]: PLT_InputDatagramStream received 219
2026-02-15 13:34:37.326 T:5452     info <Platinum>: [platinum.inputdatagramstream]: PLT_InputDatagramStream requested 4096, consumed 219, left 0
2026-02-15 13:34:37.326 T:8572  warning <Platinum>: [platinum.core.http.server]: NPT_CHECK failed, result=-20009 (NPT_ERROR_INVALID_STATE) [(NPT_ERROR_INVALID_STATE)]
2026-02-15 13:34:37.326 T:5452     info <Platinum>: [platinum.inputdatagramstream]: PLT_InputDatagramStream received 217
2026-02-15 13:34:37.326 T:5452     info <Platinum>: [platinum.inputdatagramstream]: PLT_InputDatagramStream requested 4096, consumed 217, left 0
2026-02-15 13:34:37.326 T:5452     info <Platinum>: [platinum.inputdatagramstream]: PLT_InputDatagramStream received 0
2026-02-15 13:34:37.326 T:5452  warning <Platinum>: [neptune.bufferedstreams]: NPT_CHECK failed, result=-20021 (NPT_ERROR_CANCELLED) [(__result)]
2026-02-15 13:34:37.326 T:5452  warning <Platinum>: [platinum.core.http.servertask]: NPT_CHECK failed, result=-20021 (NPT_ERROR_CANCELLED) [(res)]
2026-02-15 13:34:37.377 T:8572  warning <Platinum>: [platinum.core.upnp]: NPT_CHECK failed, result=-20009 (NPT_ERROR_INVALID_STATE) [(NPT_ERROR_INVALID_STATE)]
2026-02-15 13:34:37.929 T:9144     info <general>: ES: UDP Event server stopped
2026-02-15 13:34:37.929 T:9144    debug <general>: Thread EventServer 9144 terminating
2026-02-15 13:34:37.989 T:8428    debug <general>: Thread TCPServer 8428 terminating
2026-02-15 13:34:37.989 T:8572    debug <general>: CServiceAddonManager: stopping service.xbmc.versioncheck.
2026-02-15 13:34:37.989 T:8572     info <general>: CServiceAddonManager: failed to stop service.xbmc.versioncheck (may have ended)
2026-02-15 13:34:37.989 T:5384    debug <general>: Thread ActiveAE 5384 terminating
2026-02-15 13:34:37.998 T:5340    debug <general>: [threads] name: 'AESink' no task
2026-02-15 13:34:37.998 T:5340    debug <general>: Thread AESink 5340 terminating
2026-02-15 13:34:37.998 T:8572    debug <general>: CAESinkDirectSound::Deinitialize: Cleaning up
2026-02-15 13:34:38.006 T:8572     info <general>: Application stopped
2026-02-15 13:34:38.207 T:3460    debug <general>: Thread PeripEventScan 3460 terminating
2026-02-15 13:34:38.208 T:10560   debug <general>: Thread PeripBusUSB 10560 terminating
2026-02-15 13:34:38.209 T:10208   debug <general>: Thread PeripBusCEC 10208 terminating
2026-02-15 13:34:38.209 T:8708    debug <general>: Thread PeripBusAddon 8708 terminating
2026-02-15 13:34:38.561 T:8572     info <peripheral.joystick>: Disabling joystick interface "directinput"
2026-02-15 13:34:38.561 T:8572     info <peripheral.joystick>: Disabling joystick interface "xinput"
2026-02-15 13:34:38.562 T:8572    debug <general>: SECTION:UnloadDll(C:\Program Files\Kodi\addons\peripheral.joystick\peripheral.joystick.dll)
2026-02-15 13:34:38.562 T:8572     info <general>: ADDON: Dll Destroyed - Joystick Support
2026-02-15 13:34:38.562 T:8572     info <general>: unload skin
2026-02-15 13:34:38.564 T:8572    debug <general>: ------ Window Deinit (Home.xml) ------
2026-02-15 13:34:38.564 T:8572    debug <general>: FreeVisualisation() done
2026-02-15 13:34:38.567 T:8572    debug <general>: Skipped 1 duplicate messages..
2026-02-15 13:34:38.567 T:8572    debug <general>: ------ Window Deinit () ------
2026-02-15 13:34:38.567 T:8572    debug <general>: FreeVisualisation() done
2026-02-15 13:34:38.571 T:8572    debug <general>: ------ Window Deinit (DialogButtonMenu.xml) ------
2026-02-15 13:34:38.573 T:8572    debug <general>: CTextureBundleXBT::CloseBundle - Closed bundle
2026-02-15 13:34:38.590 T:8572     info <general>: Unloaded skin
2026-02-15 13:34:38.592 T:9740    debug <general>: Thread Timer 9740 terminating
2026-02-15 13:34:38.592 T:8572    debug <general>: DX::DeviceResources::ReleaseBackBuffer: release buffers.
2026-02-15 13:34:38.604 T:8572     info <general>: unload sections
2026-02-15 13:34:38.605 T:6628  warning <announce>: ANNOUNCEMENT::CAnnouncementManager::DoAnnounce: CAnnouncementManager - Announcement: OnClear from xbmc
2026-02-15 13:34:38.605 T:8156    debug <general>: Thread CWin32PowerStateWorker 8156 terminating
2026-02-15 13:34:38.605 T:8572    debug <pvr>: PVR::CPVRManager::~CPVRManager: PVR Manager instance destroyed
2026-02-15 13:34:38.606 T:6384    debug <general>: Thread Timer 6384 terminating
2026-02-15 13:34:38.606 T:8572    debug <general>: CWinSystemWin32::RestoreDesktopResolution: restoring desktop resolution for 'QXL0001 #1'.
2026-02-15 13:34:38.607 T:10868   debug <general>: Thread RemoteControl 10868 terminating
2026-02-15 13:34:38.611 T:6628    debug <general>: Thread Announce 6628 terminating
2026-02-15 13:34:38.611 T:8572     info <general>: Exiting the application...
