2026-08-15 15:50:20.265 T:3928     info <general>: -----------------------------------------------------------------------
2026-08-15 15:50:20.265 T:3928     info <general>: Starting Kodi (22.0-BETA1 (21.90.801) Git:20260814-3693b95596). Platform: Windows NT x86 64-bit
2026-08-15 15:50:20.266 T:3928     info <general>: Using Release Kodi x64
2026-08-15 15:50:20.266 T:3928     info <general>: Kodi compiled 2026-08-15 by MSVC 194234436 for Windows NT x86 64-bit version 10.0 (0x0A00000C)
2026-08-15 15:50:20.266 T:3928     info <general>: Running on Windows 11 25H2, kernel: Windows NT x86 64-bit version 10.0.26200.9168
2026-08-15 15:50:20.266 T:3928     info <general>: FFmpeg version/source: 9.0-Kodi
2026-08-15 15:50:20.266 T:3928     info <general>: Host CPU: 13th Gen Intel(R) Core(TM) i7-13700T, 8 cores available
2026-08-15 15:50:20.267 T:3928     info <general>: System has 16.0 GB of RAM installed
2026-08-15 15:50:20.267 T:3928     info <general>: Desktop Resolution: 1920x1080 32Bit at 64Hz
2026-08-15 15:50:20.267 T:3928     info <general>: Running with restricted rights
2026-08-15 15:50:20.267 T:3928     info <general>: Aero is enabled
2026-08-15 15:50:20.267 T:3928     info <general>: Display is not HDR capable or cannot be detected
2026-08-15 15:50:20.267 T:3928     info <general>: special://xbmc/ is mapped to: C:\Program Files\Kodi
2026-08-15 15:50:20.267 T:3928     info <general>: special://xbmcbin/ is mapped to: C:\Program Files\Kodi
2026-08-15 15:50:20.267 T:3928     info <general>: special://xbmcbinaddons/ is mapped to: C:\Program Files\Kodi/addons
2026-08-15 15:50:20.267 T:3928     info <general>: special://masterprofile/ is mapped to: C:\Users\xxxxx\AppData\Roaming\Kodi\userdata
2026-08-15 15:50:20.267 T:3928     info <general>: special://home/ is mapped to: C:\Users\xxxxx\AppData\Roaming\Kodi\
2026-08-15 15:50:20.267 T:3928     info <general>: special://temp/ is mapped to: C:\Users\xxxxx\AppData\Roaming\Kodi\cache
2026-08-15 15:50:20.267 T:3928     info <general>: special://logpath/ is mapped to: C:\Users\xxxxx\AppData\Roaming\Kodi\
2026-08-15 15:50:20.267 T:3928     info <general>: Webserver extra whitelist paths: 
2026-08-15 15:50:20.267 T:3928     info <general>: The executable running is: C:\Program Files\Kodi\kodi.exe
2026-08-15 15:50:20.269 T:3928     info <general>: Local hostname: silentw
2026-08-15 15:50:20.269 T:3928     info <general>: Log File is located: C:\Users\xxxxx\AppData\Roaming\Kodi\kodi.log
2026-08-15 15:50:20.269 T:3928     info <general>: -----------------------------------------------------------------------
2026-08-15 15:50:20.269 T:3928     info <general>: loading settings
2026-08-15 15:50:20.269 T:3928     info <general>: special://profile/ is mapped to: special://masterprofile/
2026-08-15 15:50:20.273 T:3928     info <general>: No settings file to load (special://xbmc/system/advancedsettings.xml)
2026-08-15 15:50:20.273 T:3928     info <general>: No settings file to load (special://masterprofile/advancedsettings.xml)
2026-08-15 15:50:20.273 T:3928     info <general>: Default Video Player: VideoPlayer
2026-08-15 15:50:20.273 T:3928     info <general>: Default Audio Player: paplayer
2026-08-15 15:50:20.273 T:3928     info <general>: Enabled debug logging due to GUI setting (2)
2026-08-15 15:50:20.273 T:3928     info <general>: CMediaSourceSettings: loading media sources from special://masterprofile/sources.xml
2026-08-15 15:50:20.274 T:3928    debug <general>: CSkinSettings: no <skinsettings> tag found
2026-08-15 15:50:20.274 T:3928     info <general>: New Cache GUI Settings (replacement of cache in advancedsettings.xml) are:
                                                     Buffer Mode: 4
                                                     Memory Size: 64 MB
                                                     Read Factor: 0.00 x (adaptive)
                                                     Chunk Size : 131072 bytes
2026-08-15 15:50:20.274 T:3928     info <general>: creating subdirectories
2026-08-15 15:50:20.274 T:3928     info <general>: userdata folder: special://masterprofile/
2026-08-15 15:50:20.274 T:3928     info <general>: recording folder: 
2026-08-15 15:50:20.274 T:3928     info <general>: screenshots folder: 
2026-08-15 15:50:20.277 T:3928     info <general>: SqliteDatabase: library version 3.51.3
2026-08-15 15:50:20.278 T:3928     info <general>: Running database version Addons33
2026-08-15 15:50:20.287 T:3928    debug <general>: ADDON::CAddonInfoBuilder::ParseXMLTypes: Binary addon found: peripheral.joystick
2026-08-15 15:50:20.291 T:3928    debug <general>: ADDON::CAddonMgr::FindAddons: Addon 'metadata.album.universal' already present with version 3.1.18 at 'C:\Program Files\Kodi\addons\metadata.album.universal\' replaced with version 3.1.20 at 'C:\Users\xxxxx\AppData\Roaming\Kodi\addons\metadata.album.universal\'
2026-08-15 15:50:20.291 T:3928    debug <general>: ADDON::CAddonMgr::FindAddons: Addon 'metadata.artists.universal' already present with version 4.3.21 at 'C:\Program Files\Kodi\addons\metadata.artists.universal\' replaced with version 4.3.23 at 'C:\Users\xxxxx\AppData\Roaming\Kodi\addons\metadata.artists.universal\'
2026-08-15 15:50:20.292 T:3928    debug <general>: ADDON::CAddonMgr::FindAddons: Addon 'metadata.common.fanart.tv' already present with version 3.6.5 at 'C:\Program Files\Kodi\addons\metadata.common.fanart.tv\' replaced with version 3.6.5 at 'C:\Users\xxxxx\AppData\Roaming\Kodi\addons\metadata.common.fanart.tv\'
2026-08-15 15:50:20.292 T:3928    debug <general>: ADDON::CAddonMgr::FindAddons: Addon 'metadata.generic.albums' already present with version 1.0.18 at 'C:\Program Files\Kodi\addons\metadata.generic.albums\' replaced with version 1.0.18 at 'C:\Users\xxxxx\AppData\Roaming\Kodi\addons\metadata.generic.albums\'
2026-08-15 15:50:20.292 T:3928    debug <general>: ADDON::CAddonMgr::FindAddons: Addon 'metadata.themoviedb.org.python' already present with version 3.1.3 at 'C:\Program Files\Kodi\addons\metadata.themoviedb.org.python\' replaced with version 3.2.1 at 'C:\Users\xxxxx\AppData\Roaming\Kodi\addons\metadata.themoviedb.org.python\'
2026-08-15 15:50:20.292 T:3928    debug <general>: ADDON::CAddonMgr::FindAddons: Addon 'metadata.tvshows.themoviedb.org.python' already present with version 1.8.1 at 'C:\Program Files\Kodi\addons\metadata.tvshows.themoviedb.org.python\' replaced with version 2.0.6 at 'C:\Users\xxxxx\AppData\Roaming\Kodi\addons\metadata.tvshows.themoviedb.org.python\'
2026-08-15 15:50:20.293 T:3928    debug <general>: ADDON::CAddonMgr::FindAddons: Addon 'service.xbmc.versioncheck' already present with version 0.5.27+matrix.1 at 'C:\Program Files\Kodi\addons\service.xbmc.versioncheck\' replaced with version 0.5.30+matrix.1 at 'C:\Users\xxxxx\AppData\Roaming\Kodi\addons\service.xbmc.versioncheck\'
2026-08-15 15:50:20.294 T:3928     info <general>: Addon Manager: Found addon: 'audioencoder.kodi.builtin.aac v1.0.2'
2026-08-15 15:50:20.294 T:3928     info <general>: Addon Manager: Found addon: 'audioencoder.kodi.builtin.wma v1.0.2'
2026-08-15 15:50:20.294 T:3928     info <general>: Addon Manager: Found addon: 'game.controller.default v1.0.47'
2026-08-15 15:50:20.294 T:3928     info <general>: Addon Manager: Found addon: 'game.controller.keyboard v1.1.49'
2026-08-15 15:50:20.294 T:3928     info <general>: Addon Manager: Found addon: 'game.controller.mouse v1.0.31'
2026-08-15 15:50:20.294 T:3928     info <general>: Addon Manager: Found addon: 'game.controller.snes v1.0.47'
2026-08-15 15:50:20.294 T:3928     info <general>: Addon Manager: Found addon: 'kodi.binary.global.audioengine v1.1.1'
2026-08-15 15:50:20.294 T:3928     info <general>: Addon Manager: Found addon: 'kodi.binary.global.filesystem v1.1.11'
2026-08-15 15:50:20.294 T:3928     info <general>: Addon Manager: Found addon: 'kodi.binary.global.general v1.0.5'
2026-08-15 15:50:20.294 T:3928     info <general>: Addon Manager: Found addon: 'kodi.binary.global.gui v5.15.1'
2026-08-15 15:50:20.294 T:3928     info <general>: Addon Manager: Found addon: 'kodi.binary.global.main v2.0.3'
2026-08-15 15:50:20.294 T:3928     info <general>: Addon Manager: Found addon: 'kodi.binary.global.network v1.0.4'
2026-08-15 15:50:20.294 T:3928     info <general>: Addon Manager: Found addon: 'kodi.binary.global.tools v1.0.4'
2026-08-15 15:50:20.294 T:3928     info <general>: Addon Manager: Found addon: 'kodi.binary.instance.audiodecoder v4.0.0'
2026-08-15 15:50:20.294 T:3928     info <general>: Addon Manager: Found addon: 'kodi.binary.instance.audioencoder v3.0.0'
2026-08-15 15:50:20.294 T:3928     info <general>: Addon Manager: Found addon: 'kodi.binary.instance.game v6.0.0'
2026-08-15 15:50:20.294 T:3928     info <general>: Addon Manager: Found addon: 'kodi.binary.instance.imagedecoder v3.0.1'
2026-08-15 15:50:20.294 T:3928     info <general>: Addon Manager: Found addon: 'kodi.binary.instance.inputstream v3.4.0'
2026-08-15 15:50:20.294 T:3928     info <general>: Addon Manager: Found addon: 'kodi.binary.instance.peripheral v3.0.2'
2026-08-15 15:50:20.294 T:3928     info <general>: Addon Manager: Found addon: 'kodi.binary.instance.pvr v9.2.0'
2026-08-15 15:50:20.294 T:3928     info <general>: Addon Manager: Found addon: 'kodi.binary.instance.screensaver v2.2.0'
2026-08-15 15:50:20.294 T:3928     info <general>: Addon Manager: Found addon: 'kodi.binary.instance.shaderpreset v1.1.0'
2026-08-15 15:50:20.295 T:3928     info <general>: Addon Manager: Found addon: 'kodi.binary.instance.vfs v3.0.1'
2026-08-15 15:50:20.295 T:3928     info <general>: Addon Manager: Found addon: 'kodi.binary.instance.videocodec v2.2.1'
2026-08-15 15:50:20.295 T:3928     info <general>: Addon Manager: Found addon: 'kodi.binary.instance.visualization v5.0.0'
2026-08-15 15:50:20.295 T:3928     info <general>: Addon Manager: Found addon: 'kodi.resource v1.0.0'
2026-08-15 15:50:20.295 T:3928     info <general>: Addon Manager: Found addon: 'metadata.album.universal v3.1.20'
2026-08-15 15:50:20.295 T:3928     info <general>: Addon Manager: Found addon: 'metadata.artists.universal v4.3.23'
2026-08-15 15:50:20.295 T:3928     info <general>: Addon Manager: Found addon: 'metadata.common.allmusic.com v3.2.2'
2026-08-15 15:50:20.295 T:3928     info <general>: Addon Manager: Found addon: 'metadata.common.fanart.tv v3.6.5'
2026-08-15 15:50:20.295 T:3928     info <general>: Addon Manager: Found addon: 'metadata.common.musicbrainz.org v2.2.4'
2026-08-15 15:50:20.295 T:3928     info <general>: Addon Manager: Found addon: 'metadata.common.theaudiodb.com v2.0.3'
2026-08-15 15:50:20.295 T:3928     info <general>: Addon Manager: Found addon: 'metadata.generic.albums v1.0.18'
2026-08-15 15:50:20.295 T:3928     info <general>: Addon Manager: Found addon: 'metadata.generic.artists v1.0.18'
2026-08-15 15:50:20.295 T:3928     info <general>: Addon Manager: Found addon: 'metadata.local v1.0.1'
2026-08-15 15:50:20.295 T:3928     info <general>: Addon Manager: Found addon: 'metadata.themoviedb.org.python v3.2.1'
2026-08-15 15:50:20.295 T:3928     info <general>: Addon Manager: Found addon: 'metadata.tvshows.themoviedb.org.python v2.0.6'
2026-08-15 15:50:20.295 T:3928     info <general>: Addon Manager: Found addon: 'peripheral.joystick v22.0.9'
2026-08-15 15:50:20.295 T:3928     info <general>: Addon Manager: Found addon: 'repository.xbmc.org v3.5.0'
2026-08-15 15:50:20.295 T:3928     info <general>: Addon Manager: Found addon: 'resource.images.weathericons.default v1.1.9'
2026-08-15 15:50:20.295 T:3928     info <general>: Addon Manager: Found addon: 'resource.language.en_gb v2.0.2'
2026-08-15 15:50:20.295 T:3928     info <general>: Addon Manager: Found addon: 'resource.language.ja_jp v11.0.83'
2026-08-15 15:50:20.295 T:3928     info <general>: Addon Manager: Found addon: 'resource.uisounds.kodi v1.0.1'
2026-08-15 15:50:20.295 T:3928     info <general>: Addon Manager: Found addon: 'screensaver.xbmc.builtin.black v1.0.34'
2026-08-15 15:50:20.295 T:3928     info <general>: Addon Manager: Found addon: 'screensaver.xbmc.builtin.dim v1.0.66'
2026-08-15 15:50:20.295 T:3928     info <general>: Addon Manager: Found addon: 'script.module.pil v5.1.0'
2026-08-15 15:50:20.295 T:3928     info <general>: Addon Manager: Found addon: 'script.module.pycryptodome v3.4.3'
2026-08-15 15:50:20.295 T:3928     info <general>: Addon Manager: Found addon: 'service.xbmc.versioncheck v0.5.30+matrix.1'
2026-08-15 15:50:20.295 T:3928     info <general>: Addon Manager: Found addon: 'skin.estuary v4.1.0'
2026-08-15 15:50:20.295 T:3928     info <general>: Addon Manager: Found addon: 'webinterface.default v21.x-1.0.1'
2026-08-15 15:50:20.296 T:3928     info <general>: Addon Manager: Found addon: 'xbmc.addon v21.90.801'
2026-08-15 15:50:20.296 T:3928     info <general>: Addon Manager: Found addon: 'xbmc.core v0.1.0'
2026-08-15 15:50:20.296 T:3928     info <general>: Addon Manager: Found addon: 'xbmc.gui v5.18.0'
2026-08-15 15:50:20.296 T:3928     info <general>: Addon Manager: Found addon: 'xbmc.json v13.16.0'
2026-08-15 15:50:20.296 T:3928     info <general>: Addon Manager: Found addon: 'xbmc.metadata v2.1.0'
2026-08-15 15:50:20.296 T:3928     info <general>: Addon Manager: Found addon: 'xbmc.python v3.0.2'
2026-08-15 15:50:20.296 T:3928     info <general>: Addon Manager: Found addon: 'xbmc.webinterface v1.0.0'
2026-08-15 15:50:20.296 T:3928    debug <general>: CFavourites::Load - no system favourites found, skipping
2026-08-15 15:50:20.296 T:3928    debug <general>: CFavourites::Load - no userdata favourites found, skipping
2026-08-15 15:50:20.297 T:7224    debug <general>: Thread CWin32PowerStateWorker start, auto delete: false
2026-08-15 15:50:20.297 T:7224    debug <general>: [threads] name: 'CWin32PowerStateWorker' priority: idle
2026-08-15 15:50:20.298 T:3928    debug <general>: CWIN32Util::GetDriveStatus: Requesting status for drive \\.\D:.
2026-08-15 15:50:20.298 T:3928    debug <general>: CWIN32Util::GetDriveStatus: Requesting media status for drive \\.\D:.
2026-08-15 15:50:20.299 T:3928     info <general>: IANA Language Subtag Registry: loading...
2026-08-15 15:50:20.299 T:3928     info <general>: IANA Language Subtag Registry: file C:\Program Files\Kodi\system\language-subtag-registry.txt
2026-08-15 15:50:20.299 T:3928     info <general>: IANA Language Subtag Registry: registry date 2025-08-25
2026-08-15 15:50:20.394 T:3928    debug <general>: KODI::UTILS::I18N::CRegistryFile::Parse: IANA Language Subtag Registry: file read.
2026-08-15 15:50:20.394 T:3928    debug <general>: KODI::UTILS::I18N::CSubTagsCollection<struct KODI::UTILS::I18N::LanguageSubTag>::InsertDescLookupElem: deprecated subtag [in] redefines the description [indonesian] previously defined by subtag [id] - ignored
2026-08-15 15:50:20.394 T:3928    debug <general>: KODI::UTILS::I18N::CSubTagsCollection<struct KODI::UTILS::I18N::LanguageSubTag>::InsertDescLookupElem: deprecated subtag [iw] redefines the description [hebrew] previously defined by subtag [he] - ignored
2026-08-15 15:50:20.394 T:3928    debug <general>: KODI::UTILS::I18N::CSubTagsCollection<struct KODI::UTILS::I18N::LanguageSubTag>::InsertDescLookupElem: deprecated subtag [jw] redefines the description [javanese] previously defined by subtag [jv] - ignored
2026-08-15 15:50:20.394 T:3928    debug <general>: KODI::UTILS::I18N::CSubTagsCollection<struct KODI::UTILS::I18N::LanguageSubTag>::InsertDescLookupElem: subtag [ro] redefines the description [moldavian] previously defined by deprecated subtag [mo] - overwritten
2026-08-15 15:50:20.394 T:3928    debug <general>: KODI::UTILS::I18N::CSubTagsCollection<struct KODI::UTILS::I18N::LanguageSubTag>::InsertDescLookupElem: subtag [ro] redefines the description [moldovan] previously defined by deprecated subtag [mo] - overwritten
2026-08-15 15:50:20.394 T:3928    debug <general>: KODI::UTILS::I18N::CSubTagsCollection<struct KODI::UTILS::I18N::LanguageSubTag>::InsertDescLookupElem: subtag [yi] redefines the description [yiddish] previously defined by deprecated subtag [ji] - overwritten
2026-08-15 15:50:20.395 T:3928    debug <general>: KODI::UTILS::I18N::CSubTagsCollection<struct KODI::UTILS::I18N::LanguageSubTag>::InsertDescLookupElem: subtag [bzc] redefines the description [southern betsimisaraka malagasy] previously defined by deprecated subtag [bjq] - overwritten
2026-08-15 15:50:20.395 T:3928    debug <general>: KODI::UTILS::I18N::CSubTagsCollection<struct KODI::UTILS::I18N::LanguageSubTag>::InsertDescLookupElem: subtag [dnj] redefines the description [dan] previously defined by deprecated subtag [daf] - overwritten
2026-08-15 15:50:20.395 T:3928    debug <general>: KODI::UTILS::I18N::CSubTagsCollection<struct KODI::UTILS::I18N::LanguageSubTag>::InsertDescLookupElem: subtag [dwu] redefines the description [dhuwal] previously defined by deprecated subtag [duj] - overwritten
2026-08-15 15:50:20.395 T:3928    debug <general>: KODI::UTILS::I18N::CSubTagsCollection<struct KODI::UTILS::I18N::LanguageSubTag>::InsertDescLookupElem: subtag [dze] redefines the description [djiwarli] previously defined by deprecated subtag [djl] - overwritten
2026-08-15 15:50:20.395 T:3928    debug <general>: KODI::UTILS::I18N::CSubTagsCollection<struct KODI::UTILS::I18N::LanguageSubTag>::InsertDescLookupElem: subtag [gyz] redefines the description [geji] previously defined by deprecated subtag [gji] - overwritten
2026-08-15 15:50:20.396 T:3928    debug <general>: KODI::UTILS::I18N::CSubTagsCollection<struct KODI::UTILS::I18N::LanguageSubTag>::InsertDescLookupElem: deprecated subtag [kpp] redefines the description [paku karen] previously defined by subtag [jkp] - ignored
2026-08-15 15:50:20.396 T:3928    debug <general>: KODI::UTILS::I18N::CSubTagsCollection<struct KODI::UTILS::I18N::LanguageSubTag>::InsertDescLookupElem: deprecated subtag [lno] redefines the description [lango (south sudan)] previously defined by subtag [lgo] - ignored
2026-08-15 15:50:20.397 T:3928    debug <general>: KODI::UTILS::I18N::CSubTagsCollection<struct KODI::UTILS::I18N::LanguageSubTag>::InsertDescLookupElem: subtag [nrk] redefines the description [ngarla] previously defined by deprecated subtag [nlr] - overwritten
2026-08-15 15:50:20.397 T:3928    debug <general>: KODI::UTILS::I18N::CSubTagsCollection<struct KODI::UTILS::I18N::LanguageSubTag>::InsertDescLookupElem: subtag [nxq] redefines the description [naxi] previously defined by deprecated subtag [nbf] - overwritten
2026-08-15 15:50:20.397 T:3928    debug <general>: KODI::UTILS::I18N::CSubTagsCollection<struct KODI::UTILS::I18N::LanguageSubTag>::InsertDescLookupElem: subtag [prf] redefines the description [paranan] previously defined by deprecated subtag [agp] - overwritten
2026-08-15 15:50:20.397 T:3928    debug <general>: KODI::UTILS::I18N::CSubTagsCollection<struct KODI::UTILS::I18N::LanguageSubTag>::InsertDescLookupElem: deprecated subtag [rmr] redefines the description [caló] previously defined by subtag [rmq] - ignored
2026-08-15 15:50:20.397 T:3928    debug <general>: KODI::UTILS::I18N::CSubTagsCollection<struct KODI::UTILS::I18N::LanguageSubTag>::InsertDescLookupElem: subtag [sdq] redefines the description [semandang] previously defined by deprecated subtag [sdm] - overwritten
2026-08-15 15:50:20.397 T:3928    debug <general>: KODI::UTILS::I18N::CSubTagsCollection<struct KODI::UTILS::I18N::LanguageSubTag>::InsertDescLookupElem: subtag [spn] redefines the description [sanapaná] previously defined by deprecated subtag [sap] - overwritten
2026-08-15 15:50:20.398 T:3928    debug <general>: KODI::UTILS::I18N::CSubTagsCollection<struct KODI::UTILS::I18N::LanguageSubTag>::InsertDescLookupElem: deprecated subtag [sul] redefines the description [surigaonon] previously defined by subtag [sgd] - ignored
2026-08-15 15:50:20.398 T:3928    debug <general>: KODI::UTILS::I18N::CSubTagsCollection<struct KODI::UTILS::I18N::LanguageSubTag>::InsertDescLookupElem: subtag [tvu] redefines the description [tunen] previously defined by deprecated subtag [baz] - overwritten
2026-08-15 15:50:20.398 T:3928    debug <general>: KODI::UTILS::I18N::CSubTagsCollection<struct KODI::UTILS::I18N::LanguageSubTag>::InsertDescLookupElem: subtag [uki] redefines the description [kui (india)] previously defined by deprecated subtag [kxu] - overwritten
2026-08-15 15:50:20.398 T:3928    debug <general>: KODI::UTILS::I18N::CSubTagsCollection<struct KODI::UTILS::I18N::LanguageSubTag>::InsertDescLookupElem: deprecated subtag [wgw] redefines the description [wagawaga] previously defined by subtag [wgb] - ignored
2026-08-15 15:50:20.398 T:3928    debug <general>: KODI::UTILS::I18N::CSubTagsCollection<struct KODI::UTILS::I18N::LanguageSubTag>::InsertDescLookupElem: deprecated subtag [wiw] redefines the description [wirangu] previously defined by subtag [wgu] - ignored
2026-08-15 15:50:20.398 T:3928    debug <general>: KODI::UTILS::I18N::CSubTagsCollection<struct KODI::UTILS::I18N::LanguageSubTag>::InsertDescLookupElem: subtag [wnw] redefines the description [wintu] previously defined by deprecated subtag [wit] - overwritten
2026-08-15 15:50:20.398 T:3928    debug <general>: KODI::UTILS::I18N::CSubTagsCollection<struct KODI::UTILS::I18N::LanguageSubTag>::InsertDescLookupElem: subtag [wyn] redefines the description [wyandot] previously defined by deprecated subtag [wya] - overwritten
2026-08-15 15:50:20.398 T:3928    debug <general>: KODI::UTILS::I18N::CSubTagsCollection<struct KODI::UTILS::I18N::LanguageSubTag>::InsertDescLookupElem: subtag [xch] redefines the description [chimakum] previously defined by deprecated subtag [cmk] - overwritten
2026-08-15 15:50:20.399 T:3928    debug <general>: KODI::UTILS::I18N::CSubTagsCollection<struct KODI::UTILS::I18N::LanguageSubTag>::InsertDescLookupElem: subtag [ynq] redefines the description [yendang] previously defined by deprecated subtag [yen] - overwritten
2026-08-15 15:50:20.399 T:3928    debug <general>: KODI::UTILS::I18N::CSubTagsCollection<struct KODI::UTILS::I18N::LanguageSubTag>::InsertDescLookupElem: subtag [yyr] redefines the description [yir yoront] previously defined by deprecated subtag [yiy] - overwritten
2026-08-15 15:50:20.399 T:3928    debug <general>: KODI::UTILS::I18N::CSubTagsCollection<struct KODI::UTILS::I18N::LanguageSubTag>::InsertDescLookupElem: deprecated subtag [zua] redefines the description [zeem] previously defined by subtag [zem] - ignored
2026-08-15 15:50:20.399 T:3928    debug <general>: KODI::UTILS::I18N::CSubTagsCollection<struct KODI::UTILS::I18N::GrandfatheredTag>::InsertDescLookupElem: deprecated subtag [zh-hakka] redefines the description [hakka] previously defined by deprecated subtag [i-hak] - ignored
2026-08-15 15:50:20.399 T:3928    debug <general>: KODI::UTILS::I18N::CSubTagsCollection<struct KODI::UTILS::I18N::GrandfatheredTag>::InsertDescLookupElem: deprecated subtag [zh-min-nan] redefines the description [hokkien] previously defined by deprecated subtag [zh-min] - ignored
2026-08-15 15:50:20.399 T:3928    debug <general>: KODI::UTILS::I18N::CSubTagsCollection<struct KODI::UTILS::I18N::GrandfatheredTag>::InsertDescLookupElem: deprecated subtag [zh-min-nan] redefines the description [amoy] previously defined by deprecated subtag [zh-min] - ignored
2026-08-15 15:50:20.399 T:3928    debug <general>: KODI::UTILS::I18N::CSubTagsCollection<struct KODI::UTILS::I18N::GrandfatheredTag>::InsertDescLookupElem: deprecated subtag [zh-min-nan] redefines the description [taiwanese] previously defined by deprecated subtag [zh-min] - ignored
2026-08-15 15:50:20.399 T:3928     info <general>: IANA Language Subtag Registry: 9281 records loaded
2026-08-15 15:50:20.401 T:3928     info <general>: CKeyboardLayoutManager: loading keyboard layouts from special://xbmc/system/keyboardlayouts...
2026-08-15 15:50:20.401 T:3928    debug <general>: CKeyboardLayoutManager: keyboard layout "Arabic QWERTY" successfully loaded
2026-08-15 15:50:20.401 T:3928    debug <general>: CKeyboardLayoutManager: keyboard layout "Bulgarian ЯВЕРТЪ" successfully loaded
2026-08-15 15:50:20.401 T:3928    debug <general>: CKeyboardLayoutManager: keyboard layout "Bulgarian АБВ" successfully loaded
2026-08-15 15:50:20.401 T:3928    debug <general>: CKeyboardLayoutManager: keyboard layout "Chinese BasePY" successfully loaded
2026-08-15 15:50:20.401 T:3928    debug <general>: CKeyboardLayoutManager: keyboard layout "Croatian QWERTY" successfully loaded
2026-08-15 15:50:20.401 T:3928    debug <general>: CKeyboardLayoutManager: keyboard layout "Czech QWERTZ" successfully loaded
2026-08-15 15:50:20.401 T:3928    debug <general>: CKeyboardLayoutManager: keyboard layout "Danish QWERTY" successfully loaded
2026-08-15 15:50:20.401 T:3928    debug <general>: CKeyboardLayoutManager: keyboard layout "English QWERTY" successfully loaded
2026-08-15 15:50:20.401 T:3928    debug <general>: CKeyboardLayoutManager: keyboard layout "English AZERTY" successfully loaded
2026-08-15 15:50:20.402 T:3928    debug <general>: CKeyboardLayoutManager: keyboard layout "English ABC" successfully loaded
2026-08-15 15:50:20.402 T:3928    debug <general>: CKeyboardLayoutManager: keyboard layout "Estonian QWERTY" successfully loaded
2026-08-15 15:50:20.402 T:3928    debug <general>: CKeyboardLayoutManager: keyboard layout "French AZERTY" successfully loaded
2026-08-15 15:50:20.402 T:3928    debug <general>: CKeyboardLayoutManager: keyboard layout "German QWERTZ" successfully loaded
2026-08-15 15:50:20.402 T:3928    debug <general>: CKeyboardLayoutManager: keyboard layout "German ABC" successfully loaded
2026-08-15 15:50:20.402 T:3928    debug <general>: CKeyboardLayoutManager: keyboard layout "Greek QWERTY" successfully loaded
2026-08-15 15:50:20.402 T:3928    debug <general>: CKeyboardLayoutManager: keyboard layout "Hebrew QWERTY" successfully loaded
2026-08-15 15:50:20.402 T:3928    debug <general>: CKeyboardLayoutManager: keyboard layout "Hebrew ABC" successfully loaded
2026-08-15 15:50:20.402 T:3928    debug <general>: CKeyboardLayoutManager: keyboard layout "Hungarian QWERTZ" successfully loaded
2026-08-15 15:50:20.402 T:3928    debug <general>: CKeyboardLayoutManager: keyboard layout "Icelandic QWERTY" successfully loaded
2026-08-15 15:50:20.402 T:3928    debug <general>: CKeyboardLayoutManager: keyboard layout "Italian QWERTY" successfully loaded
2026-08-15 15:50:20.402 T:3928    debug <general>: CKeyboardLayoutManager: keyboard layout "Italian ABC" successfully loaded
2026-08-15 15:50:20.403 T:3928    debug <general>: CKeyboardLayoutManager: keyboard layout "Korean ㄱㄴㄷ" successfully loaded
2026-08-15 15:50:20.403 T:3928    debug <general>: CKeyboardLayoutManager: keyboard layout "Lithuanian AZERTY" successfully loaded
2026-08-15 15:50:20.403 T:3928    debug <general>: CKeyboardLayoutManager: keyboard layout "Lithuanian QWERTY" successfully loaded
2026-08-15 15:50:20.403 T:3928    debug <general>: CKeyboardLayoutManager: keyboard layout "Norwegian QWERTY" successfully loaded
2026-08-15 15:50:20.403 T:3928    debug <general>: CKeyboardLayoutManager: keyboard layout "Persian QWERTY" successfully loaded
2026-08-15 15:50:20.403 T:3928    debug <general>: CKeyboardLayoutManager: keyboard layout "Polish QWERTY" successfully loaded
2026-08-15 15:50:20.403 T:3928    debug <general>: CKeyboardLayoutManager: keyboard layout "Portuguese (Brazil) QWERTY" successfully loaded
2026-08-15 15:50:20.403 T:3928    debug <general>: CKeyboardLayoutManager: keyboard layout "Portuguese (Portugal) QWERTY" successfully loaded
2026-08-15 15:50:20.403 T:3928    debug <general>: CKeyboardLayoutManager: keyboard layout "Romanian QWERTY" successfully loaded
2026-08-15 15:50:20.403 T:3928    debug <general>: CKeyboardLayoutManager: keyboard layout "Russian ЙЦУКЕН" successfully loaded
2026-08-15 15:50:20.403 T:3928    debug <general>: CKeyboardLayoutManager: keyboard layout "Russian АБВ" successfully loaded
2026-08-15 15:50:20.403 T:3928    debug <general>: CKeyboardLayoutManager: keyboard layout "Silesian QWERTY" successfully loaded
2026-08-15 15:50:20.404 T:3928    debug <general>: CKeyboardLayoutManager: keyboard layout "Slovak QWERTZ" successfully loaded
2026-08-15 15:50:20.404 T:3928    debug <general>: CKeyboardLayoutManager: keyboard layout "Slovak QWERTY" successfully loaded
2026-08-15 15:50:20.404 T:3928    debug <general>: CKeyboardLayoutManager: keyboard layout "Slovak ABC" successfully loaded
2026-08-15 15:50:20.404 T:3928    debug <general>: CKeyboardLayoutManager: keyboard layout "Slovenian QWERTZ" successfully loaded
2026-08-15 15:50:20.404 T:3928    debug <general>: CKeyboardLayoutManager: keyboard layout "Spanish QWERTY" successfully loaded
2026-08-15 15:50:20.404 T:3928    debug <general>: CKeyboardLayoutManager: keyboard layout "Swedish QWERTY" successfully loaded
2026-08-15 15:50:20.404 T:3928    debug <general>: CKeyboardLayoutManager: keyboard layout "Thai Kedmanee" successfully loaded
2026-08-15 15:50:20.404 T:3928    debug <general>: CKeyboardLayoutManager: keyboard layout "Turkish QWERTY" successfully loaded
2026-08-15 15:50:20.404 T:3928    debug <general>: CKeyboardLayoutManager: keyboard layout "Ukrainian ЙЦУКЕН" successfully loaded
2026-08-15 15:50:20.404 T:3928    debug <general>: CKeyboardLayoutManager: keyboard layout "Ukrainian АБВ" successfully loaded
2026-08-15 15:50:20.404 T:3928    debug <general>: CApplication::CApplication::CreateGUI - trying to init default windowing system
2026-08-15 15:50:20.404 T:5320    debug <general>: Thread RemoteControl start, auto delete: false
2026-08-15 15:50:20.404 T:3928    debug <general>: [threads] name: 'RemoteControl' priority: idle
2026-08-15 15:50:20.405 T:5320     info <general>: Loading special://xbmc/system/IRSSmap.xml
2026-08-15 15:50:20.405 T:5320     info <general>: * Adding remote mapping for device 'Microsoft MCE'
2026-08-15 15:50:20.405 T:5320     info <general>: * Adding remote mapping for device 'Abstract'
2026-08-15 15:50:20.405 T:3928     info <general>: Primary mode: QXL0001 #1: 1920x1080 @ 64.00Hz
2026-08-15 15:50:20.405 T:5320    debug <general>: CIRTranslator::Load - no userdata IRSSmap.xml found, skipping
2026-08-15 15:50:20.405 T:3928     info <general>: Additional mode: QXL0001 #1: 640x480 @ 64.00Hz
2026-08-15 15:50:20.405 T:3928     info <general>: Additional mode: QXL0001 #1: 800x480 @ 64.00Hz
2026-08-15 15:50:20.405 T:3928     info <general>: Additional mode: QXL0001 #1: 800x600 @ 64.00Hz
2026-08-15 15:50:20.405 T:3928     info <general>: Additional mode: QXL0001 #1: 832x624 @ 64.00Hz
2026-08-15 15:50:20.405 T:3928     info <general>: Additional mode: QXL0001 #1: 960x640 @ 64.00Hz
2026-08-15 15:50:20.405 T:3928     info <general>: Additional mode: QXL0001 #1: 1024x600 @ 64.00Hz
2026-08-15 15:50:20.406 T:3928     info <general>: Additional mode: QXL0001 #1: 1024x768 @ 64.00Hz
2026-08-15 15:50:20.406 T:3928     info <general>: Additional mode: QXL0001 #1: 1152x864 @ 64.00Hz
2026-08-15 15:50:20.406 T:3928     info <general>: Additional mode: QXL0001 #1: 1152x870 @ 64.00Hz
2026-08-15 15:50:20.406 T:3928     info <general>: Additional mode: QXL0001 #1: 1280x720 @ 64.00Hz
2026-08-15 15:50:20.406 T:3928     info <general>: Additional mode: QXL0001 #1: 1280x760 @ 64.00Hz
2026-08-15 15:50:20.406 T:3928     info <general>: Additional mode: QXL0001 #1: 1280x768 @ 64.00Hz
2026-08-15 15:50:20.406 T:3928     info <general>: Additional mode: QXL0001 #1: 1280x800 @ 64.00Hz
2026-08-15 15:50:20.406 T:3928     info <general>: Additional mode: QXL0001 #1: 1280x960 @ 64.00Hz
2026-08-15 15:50:20.406 T:3928     info <general>: Additional mode: QXL0001 #1: 1280x1024 @ 64.00Hz
2026-08-15 15:50:20.406 T:3928     info <general>: Additional mode: QXL0001 #1: 1360x768 @ 64.00Hz
2026-08-15 15:50:20.406 T:3928     info <general>: Additional mode: QXL0001 #1: 1366x768 @ 64.00Hz
2026-08-15 15:50:20.406 T:3928     info <general>: Additional mode: QXL0001 #1: 1400x1050 @ 64.00Hz
2026-08-15 15:50:20.406 T:3928     info <general>: Additional mode: QXL0001 #1: 1440x900 @ 64.00Hz
2026-08-15 15:50:20.406 T:3928     info <general>: Additional mode: QXL0001 #1: 1600x900 @ 64.00Hz
2026-08-15 15:50:20.407 T:3928     info <general>: Additional mode: QXL0001 #1: 1600x1200 @ 64.00Hz
2026-08-15 15:50:20.407 T:3928     info <general>: Additional mode: QXL0001 #1: 1680x1050 @ 64.00Hz
2026-08-15 15:50:20.407 T:3928     info <general>: Additional mode: QXL0001 #1: 1920x1080 @ 64.00Hz
2026-08-15 15:50:20.407 T:3928     info <general>: Additional mode: QXL0001 #1: 1920x1200 @ 64.00Hz
2026-08-15 15:50:20.407 T:3928     info <general>: Additional mode: QXL0001 #1: 1920x1440 @ 64.00Hz
2026-08-15 15:50:20.407 T:3928     info <general>: Additional mode: QXL0001 #1: 2000x2000 @ 64.00Hz
2026-08-15 15:50:20.407 T:3928     info <general>: Additional mode: QXL0001 #1: 2048x1536 @ 64.00Hz
2026-08-15 15:50:20.407 T:3928     info <general>: Additional mode: QXL0001 #1: 2048x2048 @ 64.00Hz
2026-08-15 15:50:20.407 T:3928     info <general>: Additional mode: QXL0001 #1: 2560x1440 @ 64.00Hz
2026-08-15 15:50:20.407 T:3928     info <general>: Additional mode: QXL0001 #1: 2560x1600 @ 64.00Hz
2026-08-15 15:50:20.408 T:3928     info <general>: CApplication::CApplication::CreateGUI - using the default windowing system
2026-08-15 15:50:20.408 T:3928     info <general>: Checking resolution 15
2026-08-15 15:50:20.408 T:5320    debug <general>: CIRServerSuite::Connect: connecting to: ::1:24000 ...
2026-08-15 15:50:20.411 T:3928    debug <general>: DX::DeviceResources::HandleOutputChange: selected Microsoft Basic Render Driver adapter. 
2026-08-15 15:50:20.411 T:3928    debug <general>: CWinSystemWin32DX::InitHooks: Hooking into UserModeDriver on device \Registry\Machine\System\CurrentControlSet\Control\Video\{3554A195-A102-11F0-90C3-806E6F6E6963}\0000. 
2026-08-15 15:50:20.411 T:3928    debug <general>: CWinSystemWin32DX::InitHooks: error open registry key with error 2.
2026-08-15 15:50:20.413 T:3928    debug <general>: DX::DeviceResources::CreateDeviceResources: creating DirectX 11 device.
2026-08-15 15:50:20.416 T:3928    error <general>: DX::DeviceResources::CreateDeviceResources: unable to create hardware device with video support, error 0x887A0004 DXGI_ERROR_UNSUPPORTED (指定されたデバイス インターフェイスまたは機能レベルがこのシステムでサポートされていません。)
2026-08-15 15:50:20.416 T:3928    error <general>: DX::DeviceResources::CreateDeviceResources: trying to create hardware device without video support.
2026-08-15 15:50:20.418 T:3928     info <general>: DX::DeviceResources::CheckNV12SharedTexturesSupport: extended NV12 shared textures is supported
2026-08-15 15:50:20.418 T:3928     info <general>: DX::DeviceResources::CreateDeviceResources: device is created on adapter 'Microsoft Basic Render Driver' with D3D_FEATURE_LEVEL_12_1
2026-08-15 15:50:20.418 T:3928     info <general>: VideoDriverInfo::Log: video driver version is Microsoft 10.0.26100.8972
2026-08-15 15:50:20.418 T:3928     info <general>: DX::DeviceResources::CheckDXVA2SharedDecoderSurfaces: DXVA2 shared decoder surfaces is NOT supported
2026-08-15 15:50:20.419 T:3928    debug <general>: CWinSystemWin32::AdjustWindow: adjusting window if required.
2026-08-15 15:50:20.419 T:3928    debug <general>: CWinSystemWin32::AdjustWindow: resizing due to size change (600,287,1320,767)->(592,256,1328,775)
2026-08-15 15:50:20.429 T:3928    debug <general>: DX::DeviceResources::ReleaseBackBuffer: release buffers.
2026-08-15 15:50:20.429 T:3928    debug <general>: DX::DeviceResources::SetLogicalSize: receive changing logical size to 720.000000 x 480.000000
2026-08-15 15:50:20.429 T:3928    debug <general>: DX::DeviceResources::SetLogicalSize: change logical size to 720.000000 x 480.000000
2026-08-15 15:50:20.429 T:3928    debug <general>: DX::DeviceResources::ResizeBuffers: resize buffers.
2026-08-15 15:50:20.431 T:3928     info <general>: DX::DeviceResources::ResizeBuffers: 8 bit swapchain is used with 6 flip discard buffers and SDR output (format B8G8R8A8_UNORM)
2026-08-15 15:50:20.431 T:3928    debug <general>: DX::DeviceResources::ResizeBuffers: end resize buffers.
2026-08-15 15:50:20.431 T:3928    debug <general>: DX::DeviceResources::CreateBackBuffer: create buffers.
2026-08-15 15:50:20.432 T:3928    debug <general>: CD3DVertexShader::CreateInternal: creating vertex shader.
2026-08-15 15:50:20.432 T:3928    debug <general>: CD3DVertexShader::CreateInternal: creating input layout.
2026-08-15 15:50:20.433 T:3928    debug <general>: CD3DVertexShader::CreateInternal: creating vertex shader.
2026-08-15 15:50:20.433 T:3928    debug <general>: CD3DVertexShader::CreateInternal: creating input layout.
2026-08-15 15:50:20.433 T:3928    debug <general>: CD3DPixelShader::CreateInternal: Create the pixel shader.
2026-08-15 15:50:20.433 T:3928    debug <general>: Skipped 11 duplicate messages..
2026-08-15 15:50:20.433 T:3928     info <general>: RetroPlayer[RENDER]: Registering renderer factory for DirectX
2026-08-15 15:50:20.433 T:3928    debug <general>: CWinSystemWin32::AdjustWindow: adjusting window if required.
2026-08-15 15:50:20.433 T:3928    debug <general>: guilib: Fill viewport on change for solving rendering passes
2026-08-15 15:50:20.454 T:3928     info <general>: load keymapping
2026-08-15 15:50:20.455 T:3928     info <general>: Loading special://xbmc/system/keymaps/appcommand.xml
2026-08-15 15:50:20.455 T:3928     info <general>: Loading special://xbmc/system/keymaps/customcontroller.Harmony.xml
2026-08-15 15:50:20.456 T:3928     info <general>: Loading special://xbmc/system/keymaps/customcontroller.SiriRemote.xml
2026-08-15 15:50:20.456 T:3928     info <general>: Loading special://xbmc/system/keymaps/gamepad.xml
2026-08-15 15:50:20.456 T:3928     info <general>: Loading special://xbmc/system/keymaps/joystick.xml
2026-08-15 15:50:20.457 T:3928     info <general>: Loading special://xbmc/system/keymaps/keyboard.xml
2026-08-15 15:50:20.460 T:3928     info <general>: Loading special://xbmc/system/keymaps/mouse.xml
2026-08-15 15:50:20.460 T:3928     info <general>: Loading special://xbmc/system/keymaps/remote.xml
2026-08-15 15:50:20.462 T:3928     info <general>: Loading special://xbmc/system/keymaps/touchscreen.xml
2026-08-15 15:50:20.464 T:3928     info <general>: GUI format 720x480, Display Windowed
2026-08-15 15:50:20.464 T:4644    debug <general>: Thread ActiveAE start, auto delete: false
2026-08-15 15:50:20.464 T:7124    debug <general>: Thread AESink start, auto delete: false
2026-08-15 15:50:20.464 T:4644    debug <general>: [threads] name: 'AESink' priority: above normal
2026-08-15 15:50:20.464 T:7124    debug <general>: [threads] name: 'AESink' task: Audio
2026-08-15 15:50:21.118 T:4644     info <general>: Found 3 Lists of Devices
2026-08-15 15:50:21.118 T:4644     info <general>: Enumerated DIRECTSOUND devices:
2026-08-15 15:50:21.118 T:4644     info <general>:     Device 1
2026-08-15 15:50:21.118 T:4644     info <general>:         m_deviceName      : {07842D0A-4706-4181-B7B1-83BE1107ACD4}
2026-08-15 15:50:21.118 T:4644     info <general>:         m_displayName     : LineLevel - CABLE In 16ch (VB-Audio Virtual Cable)
2026-08-15 15:50:21.118 T:4644     info <general>:         m_displayNameExtra: DIRECTSOUND: CABLE In 16ch (VB-Audio Virtual Cable)
2026-08-15 15:50:21.118 T:4644     info <general>:         m_deviceType      : AE_DEVTYPE_PCM
2026-08-15 15:50:21.118 T:4644     info <general>:         m_channels        : FL, FR
2026-08-15 15:50:21.118 T:4644     info <general>:         m_sampleRates     : 48000
2026-08-15 15:50:21.118 T:4644     info <general>:         m_dataFormats     : AE_FMT_FLOAT
2026-08-15 15:50:21.118 T:4644     info <general>:         m_streamTypes     : No passthrough capabilities
2026-08-15 15:50:21.118 T:4644     info <general>:     Device 2
2026-08-15 15:50:21.118 T:4644     info <general>:         m_deviceName      : {0815F1BC-0B29-400B-A9FF-9A0D158D1D2C}
2026-08-15 15:50:21.118 T:4644     info <general>:         m_displayName     : Speakers - スピーカー (High Definition Audio Device)
2026-08-15 15:50:21.118 T:4644     info <general>:         m_displayNameExtra: DIRECTSOUND: スピーカー (High Definition Audio Device)
2026-08-15 15:50:21.118 T:4644     info <general>:         m_deviceType      : AE_DEVTYPE_PCM
2026-08-15 15:50:21.118 T:4644     info <general>:         m_channels        : FL, FR
2026-08-15 15:50:21.118 T:4644     info <general>:         m_sampleRates     : 48000
2026-08-15 15:50:21.118 T:4644     info <general>:         m_dataFormats     : AE_FMT_FLOAT
2026-08-15 15:50:21.118 T:4644     info <general>:         m_streamTypes     : No passthrough capabilities
2026-08-15 15:50:21.118 T:4644     info <general>:     Device 3
2026-08-15 15:50:21.118 T:4644     info <general>:         m_deviceName      : {9E6A56C9-C640-41E3-AB21-7C9167ECBEE6}
2026-08-15 15:50:21.118 T:4644     info <general>:         m_displayName     : SPDIF - SPDIF インターフェイス (4- FX-D03J+ L2)
2026-08-15 15:50:21.118 T:4644     info <general>:         m_displayNameExtra: DIRECTSOUND: SPDIF インターフェイス (4- FX-D03J+ L2)
2026-08-15 15:50:21.118 T:4644     info <general>:         m_deviceType      : AE_DEVTYPE_IEC958
2026-08-15 15:50:21.118 T:4644     info <general>:         m_channels        : FL, FR
2026-08-15 15:50:21.118 T:4644     info <general>:         m_sampleRates     : 192000
2026-08-15 15:50:21.118 T:4644     info <general>:         m_dataFormats     : AE_FMT_FLOAT,AE_FMT_RAW
2026-08-15 15:50:21.118 T:4644     info <general>:         m_streamTypes     : STREAM_TYPE_AC3,STREAM_TYPE_DTSHD_CORE,STREAM_TYPE_DTS_1024,STREAM_TYPE_DTS_2048,STREAM_TYPE_DTS_512
2026-08-15 15:50:21.118 T:4644     info <general>:     Device 4
2026-08-15 15:50:21.118 T:4644     info <general>:         m_deviceName      : default
2026-08-15 15:50:21.118 T:4644     info <general>:         m_displayName     : default
2026-08-15 15:50:21.118 T:4644     info <general>:         m_displayNameExtra: 
2026-08-15 15:50:21.118 T:4644     info <general>:         m_deviceType      : AE_DEVTYPE_IEC958
2026-08-15 15:50:21.118 T:4644     info <general>:         m_channels        : FL, FR
2026-08-15 15:50:21.118 T:4644     info <general>:         m_sampleRates     : 192000
2026-08-15 15:50:21.118 T:4644     info <general>:         m_dataFormats     : AE_FMT_FLOAT,AE_FMT_RAW
2026-08-15 15:50:21.118 T:4644     info <general>:         m_streamTypes     : STREAM_TYPE_AC3,STREAM_TYPE_DTSHD_CORE,STREAM_TYPE_DTS_1024,STREAM_TYPE_DTS_2048,STREAM_TYPE_DTS_512
2026-08-15 15:50:21.118 T:4644     info <general>:     Device 5
2026-08-15 15:50:21.118 T:4644     info <general>:         m_deviceName      : {EBC251A2-20E2-450C-8169-75CC184ABE83}
2026-08-15 15:50:21.118 T:4644     info <general>:         m_displayName     : Speakers - CABLE Input (VB-Audio Virtual Cable)
2026-08-15 15:50:21.118 T:4644     info <general>:         m_displayNameExtra: DIRECTSOUND: CABLE Input (VB-Audio Virtual Cable)
2026-08-15 15:50:21.118 T:4644     info <general>:         m_deviceType      : AE_DEVTYPE_PCM
2026-08-15 15:50:21.118 T:4644     info <general>:         m_channels        : FL, FR
2026-08-15 15:50:21.118 T:4644     info <general>:         m_sampleRates     : 192000
2026-08-15 15:50:21.118 T:4644     info <general>:         m_dataFormats     : AE_FMT_FLOAT
2026-08-15 15:50:21.118 T:4644     info <general>:         m_streamTypes     : No passthrough capabilities
2026-08-15 15:50:21.118 T:4644     info <general>: Enumerated WASAPI devices:
2026-08-15 15:50:21.118 T:4644     info <general>:     Device 1
2026-08-15 15:50:21.118 T:4644     info <general>:         m_deviceName      : {07842D0A-4706-4181-B7B1-83BE1107ACD4}
2026-08-15 15:50:21.118 T:4644     info <general>:         m_displayName     : LineLevel - CABLE In 16ch (VB-Audio Virtual Cable)
2026-08-15 15:50:21.118 T:4644     info <general>:         m_displayNameExtra: WASAPI: CABLE In 16ch (VB-Audio Virtual Cable)
2026-08-15 15:50:21.118 T:4644     info <general>:         m_deviceType      : AE_DEVTYPE_PCM
2026-08-15 15:50:21.118 T:4644     info <general>:         m_channels        : FL, FR
2026-08-15 15:50:21.118 T:4644     info <general>:         m_sampleRates     : 192000,176400,96000,88200,48000,44100,32000,22050,11025
2026-08-15 15:50:21.118 T:4644     info <general>:         m_dataFormats     : AE_FMT_S24NE3,AE_FMT_S24LE3,AE_FMT_S24BE3,AE_FMT_S16NE,AE_FMT_S16LE,AE_FMT_S16BE
2026-08-15 15:50:21.118 T:4644     info <general>:         m_streamTypes     : No passthrough capabilities
2026-08-15 15:50:21.118 T:4644     info <general>:     Device 2
2026-08-15 15:50:21.118 T:4644     info <general>:         m_deviceName      : {0815F1BC-0B29-400B-A9FF-9A0D158D1D2C}
2026-08-15 15:50:21.118 T:4644     info <general>:         m_displayName     : Speakers - スピーカー (High Definition Audio Device)
2026-08-15 15:50:21.118 T:4644     info <general>:         m_displayNameExtra: WASAPI: スピーカー (High Definition Audio Device)
2026-08-15 15:50:21.118 T:4644     info <general>:         m_deviceType      : AE_DEVTYPE_PCM
2026-08-15 15:50:21.118 T:4644     info <general>:         m_channels        : FL, FR
2026-08-15 15:50:21.118 T:4644     info <general>:         m_sampleRates     : 96000,88200,48000,44100,32000,22050
2026-08-15 15:50:21.118 T:4644     info <general>:         m_dataFormats     : AE_FMT_S16NE,AE_FMT_S16LE,AE_FMT_S16BE
2026-08-15 15:50:21.118 T:4644     info <general>:         m_streamTypes     : No passthrough capabilities
2026-08-15 15:50:21.118 T:4644     info <general>:     Device 3
2026-08-15 15:50:21.118 T:4644     info <general>:         m_deviceName      : {9E6A56C9-C640-41E3-AB21-7C9167ECBEE6}
2026-08-15 15:50:21.118 T:4644     info <general>:         m_displayName     : SPDIF - SPDIF インターフェイス (4- FX-D03J+ L2)
2026-08-15 15:50:21.118 T:4644     info <general>:         m_displayNameExtra: WASAPI: SPDIF インターフェイス (4- FX-D03J+ L2)
2026-08-15 15:50:21.118 T:4644     info <general>:         m_deviceType      : AE_DEVTYPE_IEC958
2026-08-15 15:50:21.118 T:4644     info <general>:         m_channels        : FL, FR
2026-08-15 15:50:21.118 T:4644     info <general>:         m_sampleRates     : 192000,176400,96000,88200,48000,44100
2026-08-15 15:50:21.118 T:4644     info <general>:         m_dataFormats     : AE_FMT_S24NE3,AE_FMT_S24LE3,AE_FMT_S24BE3,AE_FMT_S16NE,AE_FMT_S16LE,AE_FMT_S16BE
2026-08-15 15:50:21.118 T:4644     info <general>:         m_streamTypes     : No passthrough capabilities
2026-08-15 15:50:21.118 T:4644     info <general>:     Device 4
2026-08-15 15:50:21.118 T:4644     info <general>:         m_deviceName      : default
2026-08-15 15:50:21.118 T:4644     info <general>:         m_displayName     : default
2026-08-15 15:50:21.118 T:4644     info <general>:         m_displayNameExtra: 
2026-08-15 15:50:21.118 T:4644     info <general>:         m_deviceType      : AE_DEVTYPE_IEC958
2026-08-15 15:50:21.118 T:4644     info <general>:         m_channels        : FL, FR
2026-08-15 15:50:21.118 T:4644     info <general>:         m_sampleRates     : 192000,176400,96000,88200,48000,44100
2026-08-15 15:50:21.118 T:4644     info <general>:         m_dataFormats     : AE_FMT_S24NE3,AE_FMT_S24LE3,AE_FMT_S24BE3,AE_FMT_S16NE,AE_FMT_S16LE,AE_FMT_S16BE
2026-08-15 15:50:21.118 T:4644     info <general>:         m_streamTypes     : No passthrough capabilities
2026-08-15 15:50:21.118 T:4644     info <general>:     Device 5
2026-08-15 15:50:21.118 T:4644     info <general>:         m_deviceName      : {EBC251A2-20E2-450C-8169-75CC184ABE83}
2026-08-15 15:50:21.118 T:4644     info <general>:         m_displayName     : Speakers - CABLE Input (VB-Audio Virtual Cable)
2026-08-15 15:50:21.118 T:4644     info <general>:         m_displayNameExtra: WASAPI: CABLE Input (VB-Audio Virtual Cable)
2026-08-15 15:50:21.118 T:4644     info <general>:         m_deviceType      : AE_DEVTYPE_PCM
2026-08-15 15:50:21.118 T:4644     info <general>:         m_channels        : FL, FR
2026-08-15 15:50:21.118 T:4644     info <general>:         m_sampleRates     : 192000,176400,96000,88200,48000,44100,32000,22050,11025
2026-08-15 15:50:21.118 T:4644     info <general>:         m_dataFormats     : AE_FMT_S24NE3,AE_FMT_S24LE3,AE_FMT_S24BE3,AE_FMT_S16NE,AE_FMT_S16LE,AE_FMT_S16BE
2026-08-15 15:50:21.118 T:4644     info <general>:         m_streamTypes     : No passthrough capabilities
2026-08-15 15:50:21.118 T:4644     info <general>: Enumerated XAUDIO devices:
2026-08-15 15:50:21.118 T:4644     info <general>:     Device 1
2026-08-15 15:50:21.118 T:4644     info <general>:         m_deviceName      : \\?\SWD#MMDxxxxxPI#{0.0.0.00000000}.{07842d0a-4706-4181-b7b1-83be1107acd4}#{e6327cad-dcec-4949-ae8a-991e976a79d2}
2026-08-15 15:50:21.118 T:4644     info <general>:         m_displayName     : LineLevel - CABLE In 16ch (VB-Audio Virtual Cable)
2026-08-15 15:50:21.118 T:4644     info <general>:         m_displayNameExtra: XAudio: CABLE In 16ch (VB-Audio Virtual Cable)
2026-08-15 15:50:21.118 T:4644     info <general>:         m_deviceType      : AE_DEVTYPE_PCM
2026-08-15 15:50:21.118 T:4644     info <general>:         m_channels        : FL, FR
2026-08-15 15:50:21.118 T:4644     info <general>:         m_sampleRates     : 192000,176400,96000,88200,48000,44100,32000,22050,11025
2026-08-15 15:50:21.118 T:4644     info <general>:         m_dataFormats     : AE_FMT_FLOAT,AE_FMT_S24NE3,AE_FMT_S24LE3,AE_FMT_S24BE3,AE_FMT_S24NE4MSB,AE_FMT_S32NE,AE_FMT_S32LE,AE_FMT_S32BE,AE_FMT_S16NE,AE_FMT_S16LE,AE_FMT_S16BE,AE_FMT_U8
2026-08-15 15:50:21.118 T:4644     info <general>:         m_streamTypes     : No passthrough capabilities
2026-08-15 15:50:21.118 T:4644     info <general>:     Device 2
2026-08-15 15:50:21.118 T:4644     info <general>:         m_deviceName      : \\?\SWD#MMDxxxxxPI#{0.0.0.00000000}.{9e6a56c9-c640-41e3-ab21-7c9167ecbee6}#{e6327cad-dcec-4949-ae8a-991e976a79d2}
2026-08-15 15:50:21.118 T:4644     info <general>:         m_displayName     : SPDIF - SPDIF インターフェイス (4- FX-D03J+ L2)
2026-08-15 15:50:21.118 T:4644     info <general>:         m_displayNameExtra: XAudio: SPDIF インターフェイス (4- FX-D03J+ L2)
2026-08-15 15:50:21.118 T:4644     info <general>:         m_deviceType      : AE_DEVTYPE_IEC958
2026-08-15 15:50:21.118 T:4644     info <general>:         m_channels        : FL, FR
2026-08-15 15:50:21.118 T:4644     info <general>:         m_sampleRates     : 192000,176400,96000,88200,48000,44100,32000,22050,11025
2026-08-15 15:50:21.118 T:4644     info <general>:         m_dataFormats     : AE_FMT_FLOAT,AE_FMT_S24NE3,AE_FMT_S24LE3,AE_FMT_S24BE3,AE_FMT_S24NE4MSB,AE_FMT_S32NE,AE_FMT_S32LE,AE_FMT_S32BE,AE_FMT_S16NE,AE_FMT_S16LE,AE_FMT_S16BE,AE_FMT_U8
2026-08-15 15:50:21.118 T:4644     info <general>:         m_streamTypes     : No passthrough capabilities
2026-08-15 15:50:21.118 T:4644     info <general>:     Device 3
2026-08-15 15:50:21.118 T:4644     info <general>:         m_deviceName      : default
2026-08-15 15:50:21.118 T:4644     info <general>:         m_displayName     : default
2026-08-15 15:50:21.118 T:4644     info <general>:         m_displayNameExtra: 
2026-08-15 15:50:21.118 T:4644     info <general>:         m_deviceType      : AE_DEVTYPE_IEC958
2026-08-15 15:50:21.118 T:4644     info <general>:         m_channels        : FL, FR
2026-08-15 15:50:21.118 T:4644     info <general>:         m_sampleRates     : 192000,176400,96000,88200,48000,44100,32000,22050,11025
2026-08-15 15:50:21.118 T:4644     info <general>:         m_dataFormats     : AE_FMT_FLOAT,AE_FMT_S24NE3,AE_FMT_S24LE3,AE_FMT_S24BE3,AE_FMT_S24NE4MSB,AE_FMT_S32NE,AE_FMT_S32LE,AE_FMT_S32BE,AE_FMT_S16NE,AE_FMT_S16LE,AE_FMT_S16BE,AE_FMT_U8
2026-08-15 15:50:21.119 T:4644     info <general>:         m_streamTypes     : No passthrough capabilities
2026-08-15 15:50:21.119 T:4644     info <general>:     Device 4
2026-08-15 15:50:21.119 T:4644     info <general>:         m_deviceName      : \\?\SWD#MMDxxxxxPI#{0.0.0.00000000}.{ebc251a2-20e2-450c-8169-75cc184abe83}#{e6327cad-dcec-4949-ae8a-991e976a79d2}
2026-08-15 15:50:21.119 T:4644     info <general>:         m_displayName     : Speakers - CABLE Input (VB-Audio Virtual Cable)
2026-08-15 15:50:21.119 T:4644     info <general>:         m_displayNameExtra: XAudio: CABLE Input (VB-Audio Virtual Cable)
2026-08-15 15:50:21.119 T:4644     info <general>:         m_deviceType      : AE_DEVTYPE_PCM
2026-08-15 15:50:21.119 T:4644     info <general>:         m_channels        : FL, FR
2026-08-15 15:50:21.119 T:4644     info <general>:         m_sampleRates     : 192000,176400,96000,88200,48000,44100,32000,22050,11025
2026-08-15 15:50:21.119 T:4644     info <general>:         m_dataFormats     : AE_FMT_FLOAT,AE_FMT_S24NE3,AE_FMT_S24LE3,AE_FMT_S24BE3,AE_FMT_S24NE4MSB,AE_FMT_S32NE,AE_FMT_S32LE,AE_FMT_S32BE,AE_FMT_S16NE,AE_FMT_S16LE,AE_FMT_S16BE,AE_FMT_U8
2026-08-15 15:50:21.119 T:4644     info <general>:         m_streamTypes     : No passthrough capabilities
2026-08-15 15:50:21.119 T:4644     info <general>:     Device 5
2026-08-15 15:50:21.119 T:4644     info <general>:         m_deviceName      : \\?\SWD#MMDxxxxxPI#{0.0.0.00000000}.{0815f1bc-0b29-400b-a9ff-9a0d158d1d2c}#{e6327cad-dcec-4949-ae8a-991e976a79d2}
2026-08-15 15:50:21.119 T:4644     info <general>:         m_displayName     : Speakers - スピーカー (High Definition Audio Device)
2026-08-15 15:50:21.119 T:4644     info <general>:         m_displayNameExtra: XAudio: スピーカー (High Definition Audio Device)
2026-08-15 15:50:21.119 T:4644     info <general>:         m_deviceType      : AE_DEVTYPE_PCM
2026-08-15 15:50:21.119 T:4644     info <general>:         m_channels        : FL, FR
2026-08-15 15:50:21.119 T:4644     info <general>:         m_sampleRates     : 192000,176400,96000,88200,48000,44100,32000,22050,11025
2026-08-15 15:50:21.119 T:4644     info <general>:         m_dataFormats     : AE_FMT_FLOAT,AE_FMT_S24NE3,AE_FMT_S24LE3,AE_FMT_S24BE3,AE_FMT_S24NE4MSB,AE_FMT_S32NE,AE_FMT_S32LE,AE_FMT_S32BE,AE_FMT_S16NE,AE_FMT_S16LE,AE_FMT_S16BE,AE_FMT_U8
2026-08-15 15:50:21.119 T:4644     info <general>:         m_streamTypes     : No passthrough capabilities
2026-08-15 15:50:21.119 T:7124     info <general>: CActiveAESink::OpenSink - initialize sink
2026-08-15 15:50:21.119 T:7124    debug <general>: CActiveAESink::OpenSink - trying to open device XAUDIO:default
2026-08-15 15:50:21.138 T:7124     info <general>: CAESinkXAudio::InitializeInternal: Format is Supported - will attempt to Initialize
2026-08-15 15:50:21.138 T:7124     info <general>: CAESinkXAudio::InitializeInternal: XAudio Sink Initialized using: AE_FMT_FLOAT, 48000, 2
2026-08-15 15:50:21.138 T:7124    debug <general>: CAESinkXAudio::InitializeInternal: Initializing XAudio with the following parameters:
2026-08-15 15:50:21.138 T:7124    debug <general>:   Audio Device    : default
2026-08-15 15:50:21.138 T:7124    debug <general>:   Sample Rate     : 48000
2026-08-15 15:50:21.138 T:7124    debug <general>:   Sample Format   : AE_FMT_FLOAT
2026-08-15 15:50:21.138 T:7124    debug <general>:   Bits Per Sample : 32
2026-08-15 15:50:21.138 T:7124    debug <general>:   Valid Bits/Samp : 32
2026-08-15 15:50:21.138 T:7124    debug <general>:   Channel Count   : 2
2026-08-15 15:50:21.138 T:7124    debug <general>:   Block Align     : 8
2026-08-15 15:50:21.138 T:7124    debug <general>:   Avg. Bytes Sec  : 384000
2026-08-15 15:50:21.138 T:7124    debug <general>:   Samples/Block   : 32
2026-08-15 15:50:21.138 T:7124    debug <general>:   Format cBSize   : 22
2026-08-15 15:50:21.138 T:7124    debug <general>:   Channel Layout  : FL, FR
2026-08-15 15:50:21.138 T:7124    debug <general>:   Channel Mask    : 3
2026-08-15 15:50:21.138 T:7124    debug <general>:   Frames          : 960
2026-08-15 15:50:21.138 T:7124    debug <general>:   Frame Size      : 8
2026-08-15 15:50:21.138 T:7124    debug <general>: CActiveAESink::OpenSink - XAudio Initialized:
2026-08-15 15:50:21.138 T:7124    debug <general>:   Output Device : default
2026-08-15 15:50:21.138 T:7124    debug <general>:   Sample Rate   : 48000
2026-08-15 15:50:21.138 T:7124    debug <general>:   Sample Format : AE_FMT_FLOAT
2026-08-15 15:50:21.138 T:7124    debug <general>:   Channel Count : 2
2026-08-15 15:50:21.138 T:7124    debug <general>:   Channel Layout: FL, FR
2026-08-15 15:50:21.138 T:7124    debug <general>:   Frames        : 960
2026-08-15 15:50:21.138 T:7124    debug <general>:   Frame Size    : 8
2026-08-15 15:50:21.138 T:4644    debug <general>: ActiveAE::CActiveAE::ConfigureLowLatency: Low latency mode: true - Initial buffer level: 20ms (resample: false)
2026-08-15 15:50:21.138 T:4644  warning <general>: CActiveAE::ActiveAE::CActiveAE::StateMachine - signal: 0 from port: OutputControlPort not handled for state: 7
2026-08-15 15:50:21.138 T:3928     info <general>: CLangInfo: loading resource.language.en_gb language information...
2026-08-15 15:50:21.138 T:4644  warning <general>: CActiveAE::ActiveAE::CActiveAE::StateMachine - signal: 0 from port: OutputControlPort not handled for state: 7
2026-08-15 15:50:21.138 T:3928  warning <general>: Skipped 1 duplicate messages..
2026-08-15 15:50:21.138 T:3928    debug <general>: trying to set locale to en-au
2026-08-15 15:50:21.150 T:3928     info <general>: global locale set to en-au
2026-08-15 15:50:21.150 T:3928     info <general>: CLangInfo: loading resource.language.en_gb language strings...
2026-08-15 15:50:21.151 T:3928    debug <general>: POParser: PO file has Win Style Line Endings. Converted in memory to Linux LF for file: resource://resource.language.en_gb/strings.po
2026-08-15 15:50:21.154 T:3928    debug <general>: LocalizeStrings: loaded 4527 strings from file resource://resource.language.en_gb/strings.po
2026-08-15 15:50:21.154 T:3928    debug <general>: POParser: PO file has Win Style Line Endings. Converted in memory to Linux LF for file: C:\Program Files\Kodi\addons\audioencoder.kodi.builtin.aac\resources\language\resource.language.en_gb\strings.po
2026-08-15 15:50:21.154 T:3928    debug <general>: LocalizeStrings: loaded 3 strings from file C:\Program Files\Kodi\addons\audioencoder.kodi.builtin.aac\resources\language\resource.language.en_gb\strings.po
2026-08-15 15:50:21.154 T:3928    debug <general>: POParser: PO file has Win Style Line Endings. Converted in memory to Linux LF for file: C:\Program Files\Kodi\addons\audioencoder.kodi.builtin.wma\resources\language\resource.language.en_gb\strings.po
2026-08-15 15:50:21.154 T:3928    debug <general>: LocalizeStrings: loaded 3 strings from file C:\Program Files\Kodi\addons\audioencoder.kodi.builtin.wma\resources\language\resource.language.en_gb\strings.po
2026-08-15 15:50:21.155 T:3928    debug <general>: POParser: PO file has Win Style Line Endings. Converted in memory to Linux LF for file: C:\Program Files\Kodi\addons\game.controller.default\resources\language\resource.language.en_gb\strings.po
2026-08-15 15:50:21.155 T:3928    debug <general>: LocalizeStrings: loaded 18 strings from file C:\Program Files\Kodi\addons\game.controller.default\resources\language\resource.language.en_gb\strings.po
2026-08-15 15:50:21.155 T:3928    debug <general>: POParser: PO file has Win Style Line Endings. Converted in memory to Linux LF for file: C:\Program Files\Kodi\addons\game.controller.keyboard\resources\language\resource.language.en_gb\strings.po
2026-08-15 15:50:21.155 T:3928    debug <general>: LocalizeStrings: loaded 141 strings from file C:\Program Files\Kodi\addons\game.controller.keyboard\resources\language\resource.language.en_gb\strings.po
2026-08-15 15:50:21.155 T:3928    debug <general>: POParser: PO file has Win Style Line Endings. Converted in memory to Linux LF for file: C:\Program Files\Kodi\addons\game.controller.mouse\resources\language\resource.language.en_gb\strings.po
2026-08-15 15:50:21.155 T:3928    debug <general>: LocalizeStrings: loaded 11 strings from file C:\Program Files\Kodi\addons\game.controller.mouse\resources\language\resource.language.en_gb\strings.po
2026-08-15 15:50:21.155 T:3928    debug <general>: POParser: PO file has Win Style Line Endings. Converted in memory to Linux LF for file: C:\Program Files\Kodi\addons\game.controller.snes\resources\language\resource.language.en_gb\strings.po
2026-08-15 15:50:21.155 T:3928    debug <general>: LocalizeStrings: loaded 13 strings from file C:\Program Files\Kodi\addons\game.controller.snes\resources\language\resource.language.en_gb\strings.po
2026-08-15 15:50:21.155 T:3928    debug <general>: LocalizeStrings: loaded 17 strings from file C:\Users\xxxxx\AppData\Roaming\Kodi\addons\metadata.album.universal\resources\language\resource.language.en_gb\strings.po
2026-08-15 15:50:21.155 T:3928    debug <general>: LocalizeStrings: loaded 32 strings from file C:\Users\xxxxx\AppData\Roaming\Kodi\addons\metadata.artists.universal\resources\language\resource.language.en_gb\strings.po
2026-08-15 15:50:21.156 T:3928    debug <general>: LocalizeStrings: loaded 17 strings from file C:\Users\xxxxx\AppData\Roaming\Kodi\addons\metadata.generic.albums\resources\language\resource.language.en_gb\strings.po
2026-08-15 15:50:21.156 T:3928    debug <general>: POParser: PO file has Win Style Line Endings. Converted in memory to Linux LF for file: C:\Program Files\Kodi\addons\metadata.generic.artists\resources\language\resource.language.en_gb\strings.po
2026-08-15 15:50:21.156 T:3928    debug <general>: LocalizeStrings: loaded 15 strings from file C:\Program Files\Kodi\addons\metadata.generic.artists\resources\language\resource.language.en_gb\strings.po
2026-08-15 15:50:21.156 T:3928    debug <general>: LocalizeStrings: loaded 24 strings from file C:\Users\xxxxx\AppData\Roaming\Kodi\addons\metadata.themoviedb.org.python\resources\language\resource.language.en_gb\strings.po
2026-08-15 15:50:21.156 T:3928    debug <general>: LocalizeStrings: loaded 34 strings from file C:\Users\xxxxx\AppData\Roaming\Kodi\addons\metadata.tvshows.themoviedb.org.python\resources\language\resource.language.en_gb\strings.po
2026-08-15 15:50:21.157 T:3928    debug <general>: LocalizeStrings: loaded 9 strings from file C:\Program Files\Kodi\addons\peripheral.joystick\resources\language\resource.language.en_gb\strings.po
2026-08-15 15:50:21.157 T:3928    debug <general>: POParser: PO file has Win Style Line Endings. Converted in memory to Linux LF for file: C:\Program Files\Kodi\addons\repository.xbmc.org\resources\language\resource.language.en_gb\strings.po
2026-08-15 15:50:21.157 T:3928    debug <general>: LocalizeStrings: loaded 0 strings from file C:\Program Files\Kodi\addons\repository.xbmc.org\resources\language\resource.language.en_gb\strings.po
2026-08-15 15:50:21.157 T:3928    debug <general>: POParser: PO file has Win Style Line Endings. Converted in memory to Linux LF for file: C:\Program Files\Kodi\addons\screensaver.xbmc.builtin.dim\resources\language\resource.language.en_gb\strings.po
2026-08-15 15:50:21.157 T:3928    debug <general>: LocalizeStrings: loaded 3 strings from file C:\Program Files\Kodi\addons\screensaver.xbmc.builtin.dim\resources\language\resource.language.en_gb\strings.po
2026-08-15 15:50:21.157 T:3928    debug <general>: LocalizeStrings: loaded 22 strings from file C:\Users\xxxxx\AppData\Roaming\Kodi\addons\service.xbmc.versioncheck\resources\language\resource.language.en_gb\strings.po
2026-08-15 15:50:21.158 T:5920    debug <general>: Thread JobWorker start, auto delete: true
2026-08-15 15:50:21.158 T:5920    debug <general>: [threads] name: 'JobWorker' priority: idle
2026-08-15 15:50:21.158 T:5920    debug <general>: CDatabaseManager::InitializeInternal: updating databases...
2026-08-15 15:50:21.158 T:5920     info <general>: Running database version Addons33
2026-08-15 15:50:21.158 T:5920     info <general>: Running database version ViewModes6
2026-08-15 15:50:21.159 T:5920     info <general>: Running database version Textures14
2026-08-15 15:50:21.159 T:5920     info <general>: Running database version MyMusic84
2026-08-15 15:50:21.160 T:5920     info <general>: Running database version MyVideos148
2026-08-15 15:50:21.161 T:5920     info <general>: Running database version TV48
2026-08-15 15:50:21.161 T:5920     info <general>: Running database version Epg21
2026-08-15 15:50:21.161 T:5920    debug <general>: CDatabaseManager::InitializeInternal: updating databases... DONE
2026-08-15 15:50:21.226 T:3928     info <general>: Unloaded skin
2026-08-15 15:50:21.228 T:3928     info <general>:   load skin from: C:\Program Files\Kodi\addons\skin.estuary\ (version: 4.1.0)
2026-08-15 15:50:21.228 T:3928     info <general>:   load fonts for skin...
2026-08-15 15:50:21.232 T:3928     info <general>: Loading skin includes from C:\Program Files\Kodi\addons\skin.estuary\xml\Includes.xml
2026-08-15 15:50:21.244 T:3928    debug <general>: KODI::GUILIB::CSkinMapManager::LoadMaps: Skin map 'DefaultCodecMap' loaded 85 entries
2026-08-15 15:50:21.244 T:3928    debug <general>: KODI::GUILIB::CSkinMapManager::LoadMaps: Skin map 'DefaultAltAudioMap' references map 'DefaultCodecMap'
2026-08-15 15:50:21.244 T:3928    debug <general>: KODI::GUILIB::CSkinMapManager::LoadMaps: Skin map 'DefaultAltAudioMap' loaded 4 entries
2026-08-15 15:50:21.244 T:3928    debug <general>: KODI::GUILIB::CSkinMapManager::LoadMaps: Skin map 'DefaultResolutionMap' loaded 7 entries
2026-08-15 15:50:21.244 T:3928    debug <general>: KODI::GUILIB::CSkinMapManager::LoadMaps: Skin map 'DefaultHdrMap' loaded 4 entries
2026-08-15 15:50:21.244 T:3928    debug <general>: KODI::GUILIB::CSkinMapManager::LoadMaps: Skin map 'DefaultAudioTrackMap' references map 'DefaultCodecMap'
2026-08-15 15:50:21.244 T:3928    debug <general>: KODI::GUILIB::CSkinMapManager::LoadMaps: Skin map 'DefaultAudioTrackMap' loaded 7 entries
2026-08-15 15:50:21.252 T:3928     info <general>: GUIFontManager::LoadFontsFromFile: Loading <fontset> with name 'Arial' from 'C:\Program Files\Kodi\addons\skin.estuary\xml\Font.xml'
2026-08-15 15:50:21.288 T:3928    debug <general>: POParser: PO file has Win Style Line Endings. Converted in memory to Linux LF for file: C:\Program Files\Kodi\addons\skin.estuary\language\resource.language.en_gb\strings.po
2026-08-15 15:50:21.288 T:3928    debug <general>: LocalizeStrings: loaded 183 strings from file C:\Program Files\Kodi\addons\skin.estuary\language\resource.language.en_gb\strings.po
2026-08-15 15:50:21.288 T:3928     info <general>: ADDON::CSkinInfo::LoadTimers: Trying to load skin timers from C:\Program Files\Kodi\addons\skin.estuary\xml\Timers.xml
2026-08-15 15:50:21.288 T:3928     info <general>:   load new skin...
2026-08-15 15:50:21.288 T:3928     info <general>: Loading custom window XMLs from skin path C:\Program Files\Kodi\addons\skin.estuary\xml
2026-08-15 15:50:21.290 T:3928    debug <general>: Load Skin XML: 1.98 ms
2026-08-15 15:50:21.290 T:3928     info <general>:   initialize new skin...
2026-08-15 15:50:21.290 T:3928    debug <general>: guilib: Fill viewport on change for solving rendering passes
2026-08-15 15:50:21.290 T:3928     info <general>: Loading skin file: DialogBusy.xml, load type: LOAD_ON_GUI_INIT
2026-08-15 15:50:21.291 T:3928     info <general>: Loading skin file: Pointer.xml, load type: LOAD_ON_GUI_INIT
2026-08-15 15:50:21.292 T:3928    debug <general>: CTextureBundleXBT::OpenBundle - Opened bundle C:\Program Files\Kodi\addons\skin.estuary\media\Textures.xbt
2026-08-15 15:50:21.292 T:3928     info <general>: Loading skin file: DialogVolumeBar.xml, load type: LOAD_ON_GUI_INIT
2026-08-15 15:50:21.292 T:3928     info <general>: Loading skin file: DialogExtendedProgressBar.xml, load type: LOAD_ON_GUI_INIT
2026-08-15 15:50:21.293 T:3928     info <general>: Loading skin file: DialogSeekBar.xml, load type: LOAD_ON_GUI_INIT
2026-08-15 15:50:21.297 T:3928     info <general>: Loading skin file: DialogNotification.xml, load type: LOAD_ON_GUI_INIT
2026-08-15 15:50:21.298 T:3928     info <general>: Loading skin file: DialogBusy.xml, load type: LOAD_ON_GUI_INIT
2026-08-15 15:50:21.298 T:3928     info <general>: Loading skin file: Custom_1109_TopBarOverlay.xml, load type: LOAD_ON_GUI_INIT
2026-08-15 15:50:21.300 T:3928     info <general>: Loading resource://resource.uisounds.kodi/sounds.xml
2026-08-15 15:50:21.303 T:12192   debug <general>: Thread Timer start, auto delete: false
2026-08-15 15:50:21.303 T:3928     info <general>:   skin loaded...
2026-08-15 15:50:21.303 T:3928    debug <general>: Activating window ID: 12997
2026-08-15 15:50:21.303 T:3928    debug <general>: ------ Window Init () ------
2026-08-15 15:50:21.303 T:3928    debug <general>: Activating window ID: 12999
2026-08-15 15:50:21.303 T:3928    debug <general>: ------ Window Init (Startup.xml) ------
2026-08-15 15:50:21.303 T:3928     info <general>: Loading skin file: Startup.xml, load type: LOAD_EVERY_TIME
2026-08-15 15:50:21.303 T:3928    debug <general>: Activating window ID: 10000
2026-08-15 15:50:21.303 T:3928    debug <general>: ------ Window Deinit (Startup.xml) ------
2026-08-15 15:50:21.303 T:3928    debug <general>: ------ Window Init (Home.xml) ------
2026-08-15 15:50:21.303 T:3928     info <general>: Loading skin file: Home.xml, load type: KEEP_IN_MEMORY
2026-08-15 15:50:21.321 T:3928    debug <general>: CDirectoryProvider[addons://]: refreshing...
2026-08-15 15:50:21.321 T:3928    debug <general>: CDirectoryProvider[addons://sources/video/]: refreshing...
2026-08-15 15:50:21.321 T:11620   debug <general>: Thread JobWorker start, auto delete: true
2026-08-15 15:50:21.321 T:11620   debug <general>: [threads] name: 'JobWorker' priority: idle
2026-08-15 15:50:21.321 T:3928    debug <general>: CDirectoryProvider[addons://sources/audio/]: refreshing...
2026-08-15 15:50:21.321 T:3928    debug <general>: CDirectoryProvider[addons://sources/game/]: refreshing...
2026-08-15 15:50:21.322 T:4456    debug <general>: Thread JobWorker start, auto delete: true
2026-08-15 15:50:21.322 T:4456    debug <general>: [threads] name: 'JobWorker' priority: idle
2026-08-15 15:50:21.322 T:3928    debug <general>: CDirectoryProvider[addons://sources/executable/]: refreshing...
2026-08-15 15:50:21.322 T:3928    debug <general>: CDirectoryProvider[addons://sources/image/]: refreshing...
2026-08-15 15:50:21.322 T:3928    debug <general>: CDirectoryProvider[library://video/]: refreshing...
2026-08-15 15:50:21.322 T:3928    debug <general>: CDirectoryProvider[sources://video/]: refreshing...
2026-08-15 15:50:21.322 T:3928    debug <general>: CDirectoryProvider[special://videoplaylists/]: refreshing...
2026-08-15 15:50:21.322 T:3928    debug <general>: CDirectoryProvider[favourites://]: refreshing...
2026-08-15 15:50:21.322 T:3928    debug <general>: CDirectoryProvider[sources://pictures/]: refreshing...
2026-08-15 15:50:21.322 T:3928    debug <general>: CDirectoryProvider[addons://sources/game/]: refreshing...
2026-08-15 15:50:21.322 T:5920    debug <general>: CAddonDatabase: SELECT repo.id FROM repo .. took 0 ms
2026-08-15 15:50:21.322 T:3928    debug <general>: CWIN32Util::GetDriveStatus: Requesting status for drive \\.\D:.
2026-08-15 15:50:21.322 T:3928    debug <general>: CWIN32Util::GetDriveStatus: Requesting media status for drive \\.\D:.
2026-08-15 15:50:21.323 T:3928    debug <general>: CWIN32Util::GetDriveStatus: Requesting status for drive \\.\D:.
2026-08-15 15:50:21.323 T:3928    debug <general>: CWIN32Util::GetDriveStatus: Requesting media status for drive \\.\D:.
2026-08-15 15:50:21.324 T:3928    debug <general>: CWIN32Util::GetDriveStatus: Requesting status for drive \\.\D:.
2026-08-15 15:50:21.324 T:3928    debug <general>: CWIN32Util::GetDriveStatus: Requesting media status for drive \\.\D:.
2026-08-15 15:50:21.324 T:4456    debug <general>: CMultiPathDirectory::GetDirectory(multipath://special%3a%2f%2fprofile%2fplaylists%2fvideo/special%3a%2f%2fprofile%2fplaylists%2fmixed/)
2026-08-15 15:50:21.324 T:4456    debug <general>: Getting Directory (special://profile/playlists/video)
2026-08-15 15:50:21.325 T:4456    debug <general>: Getting Directory (special://profile/playlists/mixed)
2026-08-15 15:50:21.325 T:4456    debug <general>: CMultiPathDirectory::MergeItems, items = 0
2026-08-15 15:50:21.325 T:4456    debug <general>: CRecentlyAddedJob::UpdateMusic() - Running RecentlyAdded home screen update
2026-08-15 15:50:21.326 T:5920    debug <general>: CAddonDatabase: query  SELECT addons.*, repo.addonID AS repoID FROM addons JOIN addonlinkrepo ON addons.id=addonlinkrepo.idAddon JOIN repo ON repo.id=addonlinkrepo.idRepo WHERE addonlinkrepo.idRepo IN (1) ORDER BY repo.addonID, addons.addonID returned 1056 rows in 4 ms
2026-08-15 15:50:21.327 T:4456    debug <general>: GetRecentlyAddedAlbumSongs() query: SELECT songview.*, songartistview.* FROM (SELECT idAlbum, dateAdded FROM album ORDER BY dateAdded DESC LIMIT 10) AS recentalbums JOIN songview ON songview.idAlbum = recentalbums.idAlbum JOIN songartistview ON songview.idSong = songartistview.idSong ORDER BY recentalbums.dateAdded DESC, songview.idAlbum DESC, songview.idSong, songartistview.idRole, songartistview.iOrder 
2026-08-15 15:50:21.328 T:4456    debug <general>: CMusicDatabase::GetRecentlyAddedAlbums: query: SELECT albumview.*, albumartistview.* FROM (SELECT idAlbum FROM album WHERE strAlbum != '' ORDER BY dateAdded DESC LIMIT 10) AS recentalbums JOIN albumview ON albumview.idAlbum = recentalbums.idAlbum JOIN albumartistview ON albumview.idAlbum = albumartistview.idAlbum ORDER BY dateAdded DESC, albumview.idAlbum desc, albumartistview.iOrder 
2026-08-15 15:50:21.328 T:4456    debug <general>: CRecentlyAddedJob::UpdateVideos() - Running RecentlyAdded home screen update
2026-08-15 15:50:21.328 T:3928    debug <general>: JSONRPC: JSON schema type definition references an unknown type Setting.Details.Setting
2026-08-15 15:50:21.328 T:3928  warning <general>: JSONRPC: Could not parse type "Setting.Details.SettingList"
2026-08-15 15:50:21.328 T:3928     info <general>: JSONRPC: Adding type "Setting.Details.SettingList" to list of incomplete definitions (waiting for "Setting.Details.Setting")
2026-08-15 15:50:21.328 T:3928     info <general>: JSONRPC: Resolving incomplete types/methods referencing Setting.Details.Setting
2026-08-15 15:50:21.331 T:4456    debug <general>: CRecentlyAddedJob::UpdateTotal() - Running RecentlyAdded home screen update
2026-08-15 15:50:21.334 T:3928     info <general>: JSONRPC v13.16.0: Successfully initialized
2026-08-15 15:50:21.334 T:3928    debug <general>: PERIPHERALS::CPeripherals::LoadMappings: loaded node "Motorola Nyxboard Hybrid"
2026-08-15 15:50:21.334 T:3928    debug <general>: PERIPHERALS::CPeripherals::LoadMappings: loaded node "CEC Adapter"
2026-08-15 15:50:21.334 T:3928    debug <general>: PERIPHERALS::CPeripherals::LoadMappings: loaded node "Pulse-Eight CEC Adapter"
2026-08-15 15:50:21.334 T:3928    debug <general>: PERIPHERALS::CPeripherals::LoadMappings: loaded node "iMON HID device"
2026-08-15 15:50:21.334 T:3928    debug <general>: PERIPHERALS::CPeripherals::LoadMappings: loaded node "WETEK Play remote"
2026-08-15 15:50:21.334 T:3928    debug <general>: PERIPHERALS::CPeripherals::LoadMappings: loaded node "OSMC RF Remote"
2026-08-15 15:50:21.334 T:3928    debug <general>: Skipped 1 duplicate messages..
2026-08-15 15:50:21.334 T:3928    debug <general>: PERIPHERALS::CPeripherals::LoadMappings: loaded node "Flirc"
2026-08-15 15:50:21.334 T:3928    debug <general>: PERIPHERALS::CPeripherals::LoadMappings: loaded node "joystick"
2026-08-15 15:50:21.334 T:3928    debug <general>: PERIPHERALS::CPeripherals::LoadMappings: loaded node "keyboard"
2026-08-15 15:50:21.334 T:3928    debug <general>: PERIPHERALS::CPeripherals::LoadMappings: loaded node "mouse"
2026-08-15 15:50:21.334 T:3928    debug <general>: Add-on bus: Registering add-on peripheral.joystick
2026-08-15 15:50:21.334 T:3928    debug <general>: PERIPHERAL - PERIPHERALS::CPeripheralAddon::CreateAddon - creating peripheral add-on instance 'Joystick Support'
2026-08-15 15:50:21.334 T:3928    debug <general>: ADDON: Dll Initializing - Joystick Support
2026-08-15 15:50:21.334 T:3928    debug <general>: SECTION:LoadDLL(C:\Program Files\Kodi\addons\peripheral.joystick\peripheral.joystick.dll)
2026-08-15 15:50:21.336 T:3928    debug <peripheral.joystick>: Loaded 14 joystick families with 102 total joysticks
2026-08-15 15:50:21.336 T:3928    debug <general>: Calling TransferSettings for: Joystick Support
2026-08-15 15:50:21.336 T:3928     info <peripheral.joystick>: Enabling joystick interface "xinput"
2026-08-15 15:50:21.336 T:3928    debug <peripheral.joystick>: Attempting to load XInput1_4.dll...
2026-08-15 15:50:21.336 T:3928    debug <peripheral.joystick>: Loaded XInput DLL version 1.4
2026-08-15 15:50:21.336 T:3928    debug <peripheral.joystick>: Loaded XInput symbols (GetState=0000000000000000, GetStateEx=00007FFFCFC89BD0, SetState=00007FFFCFC89FA0, GetCaps=00007FFFCFC895B0, GetBatteryInformation=00007FFFCFC89360, PowerOff=00007FFFCFC89E30)
2026-08-15 15:50:21.336 T:3928     info <peripheral.joystick>: Enabling joystick interface "directinput"
2026-08-15 15:50:21.336 T:2908    debug <general>: Thread PeripBusUSB start, auto delete: false
2026-08-15 15:50:21.336 T:3928    debug <general>: [threads] name: 'PeripBusUSB' priority: below normal
2026-08-15 15:50:21.337 T:4220    debug <general>: Thread PeripBusCEC start, auto delete: false
2026-08-15 15:50:21.337 T:3928    debug <general>: [threads] name: 'PeripBusCEC' priority: below normal
2026-08-15 15:50:21.337 T:4912    debug <general>: Thread PeripBusAddon start, auto delete: false
2026-08-15 15:50:21.337 T:3928    debug <general>: [threads] name: 'PeripBusAddon' priority: below normal
2026-08-15 15:50:21.337 T:3928    debug <general>: PERIPHERALS::CPeripherals::GetMappingForDevice - device (0000:0000) mapped to keyboard (type = keyboard)
2026-08-15 15:50:21.337 T:3928     info <general>: Loading controller layout: C:\Program Files\Kodi\addons\game.controller.keyboard\resources\layout.xml
2026-08-15 15:50:21.337 T:3928    debug <general>: PERIPHERALS::CPeripheral::Initialise - initialised peripheral on 'keyboard' with 1 features and 0 sub devices
2026-08-15 15:50:21.337 T:3928     info <general>: PERIPHERALS::CPeripheralBus::Register - new keyboard device registered on application->keyboard: Keyboard (0000:0000)
2026-08-15 15:50:21.337 T:3928    debug <general>: PERIPHERALS::CPeripherals::GetMappingForDevice - device (0000:0000) mapped to mouse (type = mouse)
2026-08-15 15:50:21.337 T:3928     info <general>: Loading controller layout: C:\Program Files\Kodi\addons\game.controller.mouse\resources\layout.xml
2026-08-15 15:50:21.338 T:3928    debug <general>: PERIPHERALS::CPeripheral::Initialise - initialised peripheral on 'mouse' with 1 features and 0 sub devices
2026-08-15 15:50:21.338 T:3928     info <general>: PERIPHERALS::CPeripheralBus::Register - new mouse device registered on application->mouse: Mouse (0000:0000)
2026-08-15 15:50:21.338 T:2820    debug <general>: Thread PeripEventScan start, auto delete: false
2026-08-15 15:50:21.338 T:3928    debug <general>: ContextMenuManager: addon menus reloaded.
2026-08-15 15:50:21.338 T:3928     info <general>: Loading player core factory settings from special://xbmc/system/playercorefactory.xml.
2026-08-15 15:50:21.338 T:3928    debug <general>: CPlayerCoreConfig::<ctor>: created player VideoPlayer
2026-08-15 15:50:21.338 T:3928    debug <general>: CPlayerCoreConfig::<ctor>: created player PAPlayer
2026-08-15 15:50:21.338 T:3928    debug <general>: CPlayerCoreConfig::<ctor>: created player RetroPlayer
2026-08-15 15:50:21.338 T:3928    debug <general>: CPlayerSelectionRule::Initialize: creating rule: system rules
2026-08-15 15:50:21.338 T:3928    debug <general>: CPlayerSelectionRule::Initialize: creating rule: mms/udp
2026-08-15 15:50:21.338 T:3928    debug <general>: CPlayerSelectionRule::Initialize: creating rule: lastfm/shout
2026-08-15 15:50:21.338 T:3928    debug <general>: CPlayerSelectionRule::Initialize: creating rule: rtmp
2026-08-15 15:50:21.338 T:3928    debug <general>: CPlayerSelectionRule::Initialize: creating rule: rtsp
2026-08-15 15:50:21.338 T:3928    debug <general>: CPlayerSelectionRule::Initialize: creating rule: streams
2026-08-15 15:50:21.338 T:3928    debug <general>: CPlayerSelectionRule::Initialize: creating rule: aacp/sdp
2026-08-15 15:50:21.338 T:3928    debug <general>: CPlayerSelectionRule::Initialize: creating rule: mp2
2026-08-15 15:50:21.338 T:3928    debug <general>: CPlayerSelectionRule::Initialize: creating rule: dvd
2026-08-15 15:50:21.338 T:3928    debug <general>: CPlayerSelectionRule::Initialize: creating rule: discimage
2026-08-15 15:50:21.338 T:3928    debug <general>: CPlayerSelectionRule::Initialize: creating rule: sdp/asf
2026-08-15 15:50:21.338 T:3928    debug <general>: CPlayerSelectionRule::Initialize: creating rule: nsv
2026-08-15 15:50:21.338 T:3928    debug <general>: CPlayerSelectionRule::Initialize: creating rule: radio
2026-08-15 15:50:21.338 T:3928     info <general>: Loaded playercorefactory configuration
2026-08-15 15:50:21.338 T:3928     info <general>: Loading player core factory settings from special://masterprofile/playercorefactory.xml.
2026-08-15 15:50:21.339 T:3928     info <general>: special://masterprofile/playercorefactory.xml does not exist. Skipping.
2026-08-15 15:50:21.339 T:3928     info <general>: removing tempfiles
2026-08-15 15:50:21.339 T:3928    debug <general>: CRepositoryUpdater: closest next update check at 15/08/2026 9:22:01 PM (in 19899s)
2026-08-15 15:50:21.339 T:3928    debug <general>: CRepositoryUpdater: checking in 19899000ms
2026-08-15 15:50:21.339 T:2684    debug <general>: Thread Timer start, auto delete: false
2026-08-15 15:50:21.339 T:3928    debug <general>: CServiceAddonManager: starting service.xbmc.versioncheck
2026-08-15 15:50:21.340 T:10280   debug <general>: Thread LanguageInvoker start, auto delete: false
2026-08-15 15:50:21.340 T:3928     info <general>: initialize done
2026-08-15 15:50:21.340 T:10280   debug <general>: initializing python script
2026-08-15 15:50:21.340 T:10280   debug <general>: CPythonInvoker(0, C:\Users\xxxxx\AppData\Roaming\Kodi\addons\service.xbmc.versioncheck\resources\lib\runner.py): start processing
2026-08-15 15:50:21.340 T:3928     info <general>: Running the application...
2026-08-15 15:50:21.340 T:3928    debug <general>: CNetworkBase::NetworkMessage - Starting network services
2026-08-15 15:50:21.340 T:11760   debug <general>: Thread EventServer start, auto delete: false
2026-08-15 15:50:21.340 T:11760    info <general>: ES: Starting UDP Event server on port 9777
2026-08-15 15:50:21.340 T:11760    info <general>: UDP: Listening on port 9777 (ipv6 : false)
2026-08-15 15:50:21.340 T:3928     info <general>: JSONRPC Server: Successfully initialized
2026-08-15 15:50:21.340 T:696     debug <general>: Thread TCPServer start, auto delete: false
2026-08-15 15:50:21.342 T:11620   debug <general>: NFS: Context for 192.168.1.20/volume1/iso not open - get a new context.
2026-08-15 15:50:21.342 T:11620   debug <general>: NFS: version: 3
2026-08-15 15:50:21.344 T:3928     info <general>: [WS-Discovery]: Daemon started successfully.
2026-08-15 15:50:21.355 T:11620   debug <general>: NFS: Connected to server 192.168.1.20 and export /volume1/iso
2026-08-15 15:50:21.355 T:11620   debug <general>: NFS: chunks: r/w 131072/131072
2026-08-15 15:50:21.357 T:10280   debug <general>: -->Python Interpreter Initialized<--
2026-08-15 15:50:21.357 T:10280   debug <general>: 
                                                   
2026-08-15 15:50:21.357 T:10280   debug <general>: CPythonInvoker(0, C:\Users\xxxxx\AppData\Roaming\Kodi\addons\service.xbmc.versioncheck\resources\lib\runner.py): the source file to load is "C:\Users\xxxxx\AppData\Roaming\Kodi\addons\service.xbmc.versioncheck\resources\lib\runner.py"
2026-08-15 15:50:21.357 T:10280   debug <general>: CPythonInvoker(0): full python path:
2026-08-15 15:50:21.357 T:10280   debug <general>: CPythonInvoker(0):   custom python path:
2026-08-15 15:50:21.357 T:10280   debug <general>: CPythonInvoker(0):     C:\Users\xxxxx\AppData\Roaming\Kodi\addons\service.xbmc.versioncheck\resources\lib
2026-08-15 15:50:21.357 T:10280   debug <general>: CPythonInvoker(0):   default python path:
2026-08-15 15:50:21.357 T:10280   debug <general>: CPythonInvoker(0):     C:\Program Files\Kodi\system\python\DLLs
2026-08-15 15:50:21.357 T:10280   debug <general>: CPythonInvoker(0):     C:\Program Files\Kodi\system\python\Lib
2026-08-15 15:50:21.357 T:10280   debug <general>: CPythonInvoker(0):     C:\Program Files\Kodi\system\python\Lib\site-packages
2026-08-15 15:50:21.357 T:10280   debug <general>: CPythonInvoker(0):     C:\Program Files\Kodi\python314.zip
2026-08-15 15:50:21.357 T:10280   debug <general>: CPythonInvoker(0):     C:\Program Files\Kodi
2026-08-15 15:50:21.357 T:10280   debug <general>: CPythonInvoker(0):     C:\Program Files\Kodi\system\python
2026-08-15 15:50:21.357 T:10280   debug <general>: CPythonInvoker(0): adding args:
2026-08-15 15:50:21.357 T:10280   debug <general>: CPythonInvoker(0):  
2026-08-15 15:50:21.357 T:10280   debug <general>: CPythonInvoker(0, C:\Users\xxxxx\AppData\Roaming\Kodi\addons\service.xbmc.versioncheck\resources\lib\runner.py): entering source directory C:\Users\xxxxx\AppData\Roaming\Kodi\addons\service.xbmc.versioncheck\resources\lib
2026-08-15 15:50:21.357 T:10280   debug <general>: CPythonInvoker(0, C:\Users\xxxxx\AppData\Roaming\Kodi\addons\service.xbmc.versioncheck\resources\lib\runner.py): instantiating addon using automatically obtained id of "service.xbmc.versioncheck" dependent on version 3.0.0 of the xbmc.python api
2026-08-15 15:50:21.357 T:3928    debug <general>: CWIN32Util::GetDriveStatus: Requesting status for drive \\.\D:.
2026-08-15 15:50:21.357 T:3928    debug <general>: CWIN32Util::GetDriveStatus: Requesting media status for drive \\.\D:.
2026-08-15 15:50:21.362 T:3928    debug <general>: ------ Window Init () ------
2026-08-15 15:50:21.364 T:5920    debug <general>: CAddonDatabase::GetAddons took 41 ms
2026-08-15 15:50:21.365 T:3928    debug <general>: ------ Window Init (Pointer.xml) ------
2026-08-15 15:50:21.366 T:5920    debug <general>: CAddonMgr::GetAvailableUpdatesOrOutdatedAddons took 45 ms
2026-08-15 15:50:21.368 T:3928    debug <general>: CWIN32Util::GetDriveStatus: Requesting status for drive \\.\D:.
2026-08-15 15:50:21.368 T:3928    debug <general>: CWIN32Util::GetDriveStatus: Requesting media status for drive \\.\D:.
2026-08-15 15:50:21.392 T:3928    debug <general>: CWIN32Util::GetDriveStatus: Requesting status for drive \\.\D:.
2026-08-15 15:50:21.392 T:3928    debug <general>: CWIN32Util::GetDriveStatus: Requesting media status for drive \\.\D:.
2026-08-15 15:50:21.423 T:3928    debug <general>: CWIN32Util::GetDriveStatus: Requesting status for drive \\.\D:.
2026-08-15 15:50:21.423 T:3928    debug <general>: CWIN32Util::GetDriveStatus: Requesting media status for drive \\.\D:.
2026-08-15 15:50:21.454 T:3928    debug <general>: CWIN32Util::GetDriveStatus: Requesting status for drive \\.\D:.
2026-08-15 15:50:21.454 T:3928    debug <general>: CWIN32Util::GetDriveStatus: Requesting media status for drive \\.\D:.
2026-08-15 15:50:21.484 T:3928    debug <general>: CWIN32Util::GetDriveStatus: Requesting status for drive \\.\D:.
2026-08-15 15:50:21.484 T:3928    debug <general>: CWIN32Util::GetDriveStatus: Requesting media status for drive \\.\D:.
2026-08-15 15:50:21.515 T:3928    debug <general>: CWIN32Util::GetDriveStatus: Requesting status for drive \\.\D:.
2026-08-15 15:50:21.515 T:3928    debug <general>: CWIN32Util::GetDriveStatus: Requesting media status for drive \\.\D:.
2026-08-15 15:50:21.545 T:3928    debug <general>: CWIN32Util::GetDriveStatus: Requesting status for drive \\.\D:.
2026-08-15 15:50:21.545 T:3928    debug <general>: CWIN32Util::GetDriveStatus: Requesting media status for drive \\.\D:.
2026-08-15 15:50:21.561 T:10280   debug <general>: Version Check: Version 0.5.30+matrix.1 started
2026-08-15 15:50:21.578 T:3928    debug <general>: CWIN32Util::GetDriveStatus: Requesting status for drive \\.\D:.
2026-08-15 15:50:21.578 T:3928    debug <general>: CWIN32Util::GetDriveStatus: Requesting media status for drive \\.\D:.
2026-08-15 15:50:21.625 T:3928    debug <general>: CWIN32Util::GetDriveStatus: Requesting status for drive \\.\D:.
2026-08-15 15:50:21.625 T:3928    debug <general>: CWIN32Util::GetDriveStatus: Requesting media status for drive \\.\D:.
2026-08-15 15:50:21.656 T:3928    debug <general>: CWIN32Util::GetDriveStatus: Requesting status for drive \\.\D:.
2026-08-15 15:50:21.657 T:3928    debug <general>: CWIN32Util::GetDriveStatus: Requesting media status for drive \\.\D:.
2026-08-15 15:50:21.704 T:3928    debug <general>: CWIN32Util::GetDriveStatus: Requesting status for drive \\.\D:.
2026-08-15 15:50:21.704 T:3928    debug <general>: CWIN32Util::GetDriveStatus: Requesting media status for drive \\.\D:.
2026-08-15 15:50:21.767 T:3928    debug <general>: CWIN32Util::GetDriveStatus: Requesting status for drive \\.\D:.
2026-08-15 15:50:21.767 T:3928    debug <general>: CWIN32Util::GetDriveStatus: Requesting media status for drive \\.\D:.
2026-08-15 15:50:21.814 T:3928    debug <general>: CWIN32Util::GetDriveStatus: Requesting status for drive \\.\D:.
2026-08-15 15:50:21.814 T:3928    debug <general>: CWIN32Util::GetDriveStatus: Requesting media status for drive \\.\D:.
2026-08-15 15:50:21.861 T:3928    debug <general>: CWIN32Util::GetDriveStatus: Requesting status for drive \\.\D:.
2026-08-15 15:50:21.861 T:3928    debug <general>: CWIN32Util::GetDriveStatus: Requesting media status for drive \\.\D:.
2026-08-15 15:50:21.923 T:3928    debug <general>: CWIN32Util::GetDriveStatus: Requesting status for drive \\.\D:.
2026-08-15 15:50:21.923 T:3928    debug <general>: CWIN32Util::GetDriveStatus: Requesting media status for drive \\.\D:.
2026-08-15 15:50:21.955 T:3928    debug <general>: CWIN32Util::GetDriveStatus: Requesting status for drive \\.\D:.
2026-08-15 15:50:21.956 T:3928    debug <general>: CWIN32Util::GetDriveStatus: Requesting media status for drive \\.\D:.
2026-08-15 15:50:22.002 T:3928    debug <general>: CWIN32Util::GetDriveStatus: Requesting status for drive \\.\D:.
2026-08-15 15:50:22.002 T:3928    debug <general>: CWIN32Util::GetDriveStatus: Requesting media status for drive \\.\D:.
2026-08-15 15:50:22.049 T:3928    debug <general>: CWIN32Util::GetDriveStatus: Requesting status for drive \\.\D:.
2026-08-15 15:50:22.049 T:3928    debug <general>: CWIN32Util::GetDriveStatus: Requesting media status for drive \\.\D:.
2026-08-15 15:50:22.095 T:3928    debug <general>: CWIN32Util::GetDriveStatus: Requesting status for drive \\.\D:.
2026-08-15 15:50:22.095 T:3928    debug <general>: CWIN32Util::GetDriveStatus: Requesting media status for drive \\.\D:.
2026-08-15 15:50:22.142 T:3928    debug <general>: CWIN32Util::GetDriveStatus: Requesting status for drive \\.\D:.
2026-08-15 15:50:22.142 T:3928    debug <general>: CWIN32Util::GetDriveStatus: Requesting media status for drive \\.\D:.
2026-08-15 15:50:22.174 T:3928    debug <general>: CWIN32Util::GetDriveStatus: Requesting status for drive \\.\D:.
2026-08-15 15:50:22.174 T:3928    debug <general>: CWIN32Util::GetDriveStatus: Requesting media status for drive \\.\D:.
2026-08-15 15:50:22.221 T:3928    debug <general>: CWIN32Util::GetDriveStatus: Requesting status for drive \\.\D:.
2026-08-15 15:50:22.221 T:3928    debug <general>: CWIN32Util::GetDriveStatus: Requesting media status for drive \\.\D:.
2026-08-15 15:50:22.267 T:3928    debug <general>: CWIN32Util::GetDriveStatus: Requesting status for drive \\.\D:.
2026-08-15 15:50:22.267 T:3928    debug <general>: CWIN32Util::GetDriveStatus: Requesting media status for drive \\.\D:.
2026-08-15 15:50:22.315 T:3928    debug <general>: CWIN32Util::GetDriveStatus: Requesting status for drive \\.\D:.
2026-08-15 15:50:22.315 T:3928    debug <general>: CWIN32Util::GetDriveStatus: Requesting media status for drive \\.\D:.
2026-08-15 15:50:22.345 T:3928    debug <general>: CWIN32Util::GetDriveStatus: Requesting status for drive \\.\D:.
2026-08-15 15:50:22.346 T:3928    debug <general>: CWIN32Util::GetDriveStatus: Requesting media status for drive \\.\D:.
2026-08-15 15:50:22.392 T:3928    debug <general>: CWIN32Util::GetDriveStatus: Requesting status for drive \\.\D:.
2026-08-15 15:50:22.392 T:3928    debug <general>: CWIN32Util::GetDriveStatus: Requesting media status for drive \\.\D:.
2026-08-15 15:50:22.454 T:3928    debug <general>: CWIN32Util::GetDriveStatus: Requesting status for drive \\.\D:.
2026-08-15 15:50:22.454 T:3928    debug <general>: CWIN32Util::GetDriveStatus: Requesting media status for drive \\.\D:.
2026-08-15 15:50:22.457 T:5320    debug <general>: CIRServerSuite::Connect: connecting to: 127.0.0.1:24000 ...
2026-08-15 15:50:22.516 T:3928    debug <general>: CWIN32Util::GetDriveStatus: Requesting status for drive \\.\D:.
2026-08-15 15:50:22.516 T:3928    debug <general>: CWIN32Util::GetDriveStatus: Requesting media status for drive \\.\D:.
2026-08-15 15:50:22.577 T:3928    debug <general>: CWIN32Util::GetDriveStatus: Requesting status for drive \\.\D:.
2026-08-15 15:50:22.577 T:3928    debug <general>: CWIN32Util::GetDriveStatus: Requesting media status for drive \\.\D:.
2026-08-15 15:50:22.610 T:3928    debug <general>: CWIN32Util::GetDriveStatus: Requesting status for drive \\.\D:.
2026-08-15 15:50:22.610 T:3928    debug <general>: CWIN32Util::GetDriveStatus: Requesting media status for drive \\.\D:.
2026-08-15 15:50:22.657 T:3928    debug <general>: CWIN32Util::GetDriveStatus: Requesting status for drive \\.\D:.
2026-08-15 15:50:22.657 T:3928    debug <general>: CWIN32Util::GetDriveStatus: Requesting media status for drive \\.\D:.
2026-08-15 15:50:22.721 T:3928    debug <general>: CWIN32Util::GetDriveStatus: Requesting status for drive \\.\D:.
2026-08-15 15:50:22.721 T:3928    debug <general>: CWIN32Util::GetDriveStatus: Requesting media status for drive \\.\D:.
2026-08-15 15:50:22.784 T:3928    debug <general>: CWIN32Util::GetDriveStatus: Requesting status for drive \\.\D:.
2026-08-15 15:50:22.784 T:3928    debug <general>: CWIN32Util::GetDriveStatus: Requesting media status for drive \\.\D:.
2026-08-15 15:50:22.846 T:3928    debug <general>: CWIN32Util::GetDriveStatus: Requesting status for drive \\.\D:.
2026-08-15 15:50:22.846 T:3928    debug <general>: CWIN32Util::GetDriveStatus: Requesting media status for drive \\.\D:.
2026-08-15 15:50:22.892 T:3928    debug <general>: CWIN32Util::GetDriveStatus: Requesting status for drive \\.\D:.
2026-08-15 15:50:22.893 T:3928    debug <general>: CWIN32Util::GetDriveStatus: Requesting media status for drive \\.\D:.
2026-08-15 15:50:22.924 T:3928    debug <general>: CWIN32Util::GetDriveStatus: Requesting status for drive \\.\D:.
2026-08-15 15:50:22.924 T:3928    debug <general>: CWIN32Util::GetDriveStatus: Requesting media status for drive \\.\D:.
2026-08-15 15:50:22.954 T:3928    debug <general>: CWIN32Util::GetDriveStatus: Requesting status for drive \\.\D:.
2026-08-15 15:50:22.954 T:3928    debug <general>: CWIN32Util::GetDriveStatus: Requesting media status for drive \\.\D:.
2026-08-15 15:50:23.016 T:3928    debug <general>: CWIN32Util::GetDriveStatus: Requesting status for drive \\.\D:.
2026-08-15 15:50:23.017 T:3928    debug <general>: CWIN32Util::GetDriveStatus: Requesting media status for drive \\.\D:.
2026-08-15 15:50:23.064 T:3928    debug <general>: CWIN32Util::GetDriveStatus: Requesting status for drive \\.\D:.
2026-08-15 15:50:23.064 T:3928    debug <general>: CWIN32Util::GetDriveStatus: Requesting media status for drive \\.\D:.
2026-08-15 15:50:23.111 T:3928    debug <general>: CWIN32Util::GetDriveStatus: Requesting status for drive \\.\D:.
2026-08-15 15:50:23.112 T:3928    debug <general>: CWIN32Util::GetDriveStatus: Requesting media status for drive \\.\D:.
2026-08-15 15:50:23.160 T:3928    debug <general>: CWIN32Util::GetDriveStatus: Requesting status for drive \\.\D:.
2026-08-15 15:50:23.160 T:3928    debug <general>: CWIN32Util::GetDriveStatus: Requesting media status for drive \\.\D:.
2026-08-15 15:50:23.208 T:3928    debug <general>: CWIN32Util::GetDriveStatus: Requesting status for drive \\.\D:.
2026-08-15 15:50:23.208 T:3928    debug <general>: CWIN32Util::GetDriveStatus: Requesting media status for drive \\.\D:.
2026-08-15 15:50:23.242 T:3928    debug <general>: CWIN32Util::GetDriveStatus: Requesting status for drive \\.\D:.
2026-08-15 15:50:23.242 T:3928    debug <general>: CWIN32Util::GetDriveStatus: Requesting media status for drive \\.\D:.
2026-08-15 15:50:23.271 T:3928    debug <general>: CWIN32Util::GetDriveStatus: Requesting status for drive \\.\D:.
2026-08-15 15:50:23.272 T:3928    debug <general>: CWIN32Util::GetDriveStatus: Requesting media status for drive \\.\D:.
2026-08-15 15:50:23.332 T:3928    debug <general>: CWIN32Util::GetDriveStatus: Requesting status for drive \\.\D:.
2026-08-15 15:50:23.333 T:3928    debug <general>: CWIN32Util::GetDriveStatus: Requesting media status for drive \\.\D:.
2026-08-15 15:50:23.394 T:3928    debug <general>: CWIN32Util::GetDriveStatus: Requesting status for drive \\.\D:.
2026-08-15 15:50:23.395 T:3928    debug <general>: CWIN32Util::GetDriveStatus: Requesting media status for drive \\.\D:.
2026-08-15 15:50:23.426 T:3928    debug <general>: CWIN32Util::GetDriveStatus: Requesting status for drive \\.\D:.
2026-08-15 15:50:23.426 T:3928    debug <general>: CWIN32Util::GetDriveStatus: Requesting media status for drive \\.\D:.
2026-08-15 15:50:23.487 T:3928    debug <general>: CWIN32Util::GetDriveStatus: Requesting status for drive \\.\D:.
2026-08-15 15:50:23.487 T:3928    debug <general>: CWIN32Util::GetDriveStatus: Requesting media status for drive \\.\D:.
2026-08-15 15:50:23.534 T:3928    debug <general>: CWIN32Util::GetDriveStatus: Requesting status for drive \\.\D:.
2026-08-15 15:50:23.534 T:3928    debug <general>: CWIN32Util::GetDriveStatus: Requesting media status for drive \\.\D:.
2026-08-15 15:50:23.595 T:3928    debug <general>: CWIN32Util::GetDriveStatus: Requesting status for drive \\.\D:.
2026-08-15 15:50:23.596 T:3928    debug <general>: CWIN32Util::GetDriveStatus: Requesting media status for drive \\.\D:.
2026-08-15 15:50:23.643 T:3928    debug <general>: CWIN32Util::GetDriveStatus: Requesting status for drive \\.\D:.
2026-08-15 15:50:23.643 T:3928    debug <general>: CWIN32Util::GetDriveStatus: Requesting media status for drive \\.\D:.
2026-08-15 15:50:23.705 T:3928    debug <general>: CWIN32Util::GetDriveStatus: Requesting status for drive \\.\D:.
2026-08-15 15:50:23.706 T:3928    debug <general>: CWIN32Util::GetDriveStatus: Requesting media status for drive \\.\D:.
2026-08-15 15:50:23.736 T:3928    debug <general>: CWIN32Util::GetDriveStatus: Requesting status for drive \\.\D:.
2026-08-15 15:50:23.736 T:3928    debug <general>: CWIN32Util::GetDriveStatus: Requesting media status for drive \\.\D:.
2026-08-15 15:50:23.755 T:3928    debug <general>: CWIN32Util::GetDriveStatus: Requesting status for drive \\.\D:.
2026-08-15 15:50:23.755 T:3928    debug <general>: CWIN32Util::GetDriveStatus: Requesting media status for drive \\.\D:.
2026-08-15 15:50:23.783 T:3928    debug <general>: CWIN32Util::GetDriveStatus: Requesting status for drive \\.\D:.
2026-08-15 15:50:23.784 T:3928    debug <general>: CWIN32Util::GetDriveStatus: Requesting media status for drive \\.\D:.
2026-08-15 15:50:23.815 T:3928    debug <general>: CWIN32Util::GetDriveStatus: Requesting status for drive \\.\D:.
2026-08-15 15:50:23.815 T:3928    debug <general>: CWIN32Util::GetDriveStatus: Requesting media status for drive \\.\D:.
2026-08-15 15:50:23.861 T:3928    debug <general>: CWIN32Util::GetDriveStatus: Requesting status for drive \\.\D:.
2026-08-15 15:50:23.861 T:3928    debug <general>: CWIN32Util::GetDriveStatus: Requesting media status for drive \\.\D:.
2026-08-15 15:50:23.922 T:3928    debug <general>: CWIN32Util::GetDriveStatus: Requesting status for drive \\.\D:.
2026-08-15 15:50:23.922 T:3928    debug <general>: CWIN32Util::GetDriveStatus: Requesting media status for drive \\.\D:.
2026-08-15 15:50:23.970 T:3928    debug <general>: CWIN32Util::GetDriveStatus: Requesting status for drive \\.\D:.
2026-08-15 15:50:23.970 T:3928    debug <general>: CWIN32Util::GetDriveStatus: Requesting media status for drive \\.\D:.
2026-08-15 15:50:24.002 T:3928    debug <general>: CWIN32Util::GetDriveStatus: Requesting status for drive \\.\D:.
2026-08-15 15:50:24.002 T:3928    debug <general>: CWIN32Util::GetDriveStatus: Requesting media status for drive \\.\D:.
2026-08-15 15:50:24.033 T:3928    debug <general>: CWIN32Util::GetDriveStatus: Requesting status for drive \\.\D:.
2026-08-15 15:50:24.033 T:3928    debug <general>: CWIN32Util::GetDriveStatus: Requesting media status for drive \\.\D:.
2026-08-15 15:50:24.079 T:3928    debug <general>: CWIN32Util::GetDriveStatus: Requesting status for drive \\.\D:.
2026-08-15 15:50:24.079 T:3928    debug <general>: CWIN32Util::GetDriveStatus: Requesting media status for drive \\.\D:.
2026-08-15 15:50:24.111 T:3928    debug <general>: CWIN32Util::GetDriveStatus: Requesting status for drive \\.\D:.
2026-08-15 15:50:24.112 T:3928    debug <general>: CWIN32Util::GetDriveStatus: Requesting media status for drive \\.\D:.
2026-08-15 15:50:24.158 T:3928    debug <general>: CWIN32Util::GetDriveStatus: Requesting status for drive \\.\D:.
2026-08-15 15:50:24.158 T:3928    debug <general>: CWIN32Util::GetDriveStatus: Requesting media status for drive \\.\D:.
2026-08-15 15:50:24.190 T:3928    debug <general>: CWIN32Util::GetDriveStatus: Requesting status for drive \\.\D:.
2026-08-15 15:50:24.191 T:3928    debug <general>: CWIN32Util::GetDriveStatus: Requesting media status for drive \\.\D:.
2026-08-15 15:50:24.237 T:3928    debug <general>: CWIN32Util::GetDriveStatus: Requesting status for drive \\.\D:.
2026-08-15 15:50:24.237 T:3928    debug <general>: CWIN32Util::GetDriveStatus: Requesting media status for drive \\.\D:.
2026-08-15 15:50:24.269 T:3928    debug <general>: CWIN32Util::GetDriveStatus: Requesting status for drive \\.\D:.
2026-08-15 15:50:24.269 T:3928    debug <general>: CWIN32Util::GetDriveStatus: Requesting media status for drive \\.\D:.
2026-08-15 15:50:24.315 T:3928    debug <general>: Keyboard: scancode: 0x148, sym: 0x111 (up), unicode: 0x00, modifier: 0x0
2026-08-15 15:50:24.316 T:3928    debug <general>: CInputManager::HandleKey: up (0xf080) pressed, window 10000, action is Up
2026-08-15 15:50:24.316 T:3928    debug <general>: CWIN32Util::GetDriveStatus: Requesting status for drive \\.\D:.
2026-08-15 15:50:24.317 T:3928    debug <general>: CWIN32Util::GetDriveStatus: Requesting media status for drive \\.\D:.
2026-08-15 15:50:24.320 T:3928    debug <general>: ------ Window Deinit (Pointer.xml) ------
2026-08-15 15:50:24.363 T:3928    debug <general>: CWIN32Util::GetDriveStatus: Requesting status for drive \\.\D:.
2026-08-15 15:50:24.363 T:3928    debug <general>: CWIN32Util::GetDriveStatus: Requesting media status for drive \\.\D:.
2026-08-15 15:50:24.409 T:3928    debug <general>: Keyboard: scancode: 0xc148, sym: 0x111 (up), unicode: 0x00, modifier: 0x0
2026-08-15 15:50:24.410 T:3928    debug <general>: CWIN32Util::GetDriveStatus: Requesting status for drive \\.\D:.
2026-08-15 15:50:24.410 T:3928    debug <general>: CWIN32Util::GetDriveStatus: Requesting media status for drive \\.\D:.
2026-08-15 15:50:24.473 T:3928    debug <general>: CWIN32Util::GetDriveStatus: Requesting status for drive \\.\D:.
2026-08-15 15:50:24.473 T:3928    debug <general>: CWIN32Util::GetDriveStatus: Requesting media status for drive \\.\D:.
2026-08-15 15:50:24.488 T:5320    debug <general>: CIRServerSuite::Connect: failed to connect
2026-08-15 15:50:24.488 T:5320     info <general>: CIRServerSuite::Process: failed to connect to irss, will keep retrying every 5 seconds
2026-08-15 15:50:24.504 T:3928    debug <general>: CWIN32Util::GetDriveStatus: Requesting status for drive \\.\D:.
2026-08-15 15:50:24.504 T:3928    debug <general>: CWIN32Util::GetDriveStatus: Requesting media status for drive \\.\D:.
2026-08-15 15:50:24.535 T:3928    debug <general>: CWIN32Util::GetDriveStatus: Requesting status for drive \\.\D:.
2026-08-15 15:50:24.535 T:3928    debug <general>: CWIN32Util::GetDriveStatus: Requesting media status for drive \\.\D:.
2026-08-15 15:50:24.581 T:3928    debug <general>: CWIN32Util::GetDriveStatus: Requesting status for drive \\.\D:.
2026-08-15 15:50:24.581 T:3928    debug <general>: CWIN32Util::GetDriveStatus: Requesting media status for drive \\.\D:.
2026-08-15 15:50:24.613 T:3928    debug <general>: CWIN32Util::GetDriveStatus: Requesting status for drive \\.\D:.
2026-08-15 15:50:24.614 T:3928    debug <general>: CWIN32Util::GetDriveStatus: Requesting media status for drive \\.\D:.
2026-08-15 15:50:24.660 T:3928    debug <general>: CWIN32Util::GetDriveStatus: Requesting status for drive \\.\D:.
2026-08-15 15:50:24.660 T:3928    debug <general>: CWIN32Util::GetDriveStatus: Requesting media status for drive \\.\D:.
2026-08-15 15:50:24.704 T:3928    debug <general>: CWIN32Util::GetDriveStatus: Requesting status for drive \\.\D:.
2026-08-15 15:50:24.705 T:3928    debug <general>: CWIN32Util::GetDriveStatus: Requesting media status for drive \\.\D:.
2026-08-15 15:50:24.723 T:3928    debug <general>: CWIN32Util::GetDriveStatus: Requesting status for drive \\.\D:.
2026-08-15 15:50:24.724 T:3928    debug <general>: CWIN32Util::GetDriveStatus: Requesting media status for drive \\.\D:.
2026-08-15 15:50:24.770 T:3928    debug <general>: CWIN32Util::GetDriveStatus: Requesting status for drive \\.\D:.
2026-08-15 15:50:24.770 T:3928    debug <general>: CWIN32Util::GetDriveStatus: Requesting media status for drive \\.\D:.
2026-08-15 15:50:24.817 T:3928    debug <general>: CWIN32Util::GetDriveStatus: Requesting status for drive \\.\D:.
2026-08-15 15:50:24.817 T:3928    debug <general>: CWIN32Util::GetDriveStatus: Requesting media status for drive \\.\D:.
2026-08-15 15:50:24.864 T:3928    debug <general>: CWIN32Util::GetDriveStatus: Requesting status for drive \\.\D:.
2026-08-15 15:50:24.864 T:3928    debug <general>: CWIN32Util::GetDriveStatus: Requesting media status for drive \\.\D:.
2026-08-15 15:50:24.911 T:3928    debug <general>: CWIN32Util::GetDriveStatus: Requesting status for drive \\.\D:.
2026-08-15 15:50:24.911 T:3928    debug <general>: CWIN32Util::GetDriveStatus: Requesting media status for drive \\.\D:.
2026-08-15 15:50:24.958 T:3928    debug <general>: CWIN32Util::GetDriveStatus: Requesting status for drive \\.\D:.
2026-08-15 15:50:24.958 T:3928    debug <general>: CWIN32Util::GetDriveStatus: Requesting media status for drive \\.\D:.
2026-08-15 15:50:25.005 T:3928    debug <general>: CWIN32Util::GetDriveStatus: Requesting status for drive \\.\D:.
2026-08-15 15:50:25.005 T:3928    debug <general>: CWIN32Util::GetDriveStatus: Requesting media status for drive \\.\D:.
2026-08-15 15:50:25.067 T:3928    debug <general>: CWIN32Util::GetDriveStatus: Requesting status for drive \\.\D:.
2026-08-15 15:50:25.067 T:3928    debug <general>: CWIN32Util::GetDriveStatus: Requesting media status for drive \\.\D:.
2026-08-15 15:50:25.113 T:3928    debug <general>: CWIN32Util::GetDriveStatus: Requesting status for drive \\.\D:.
2026-08-15 15:50:25.113 T:3928    debug <general>: CWIN32Util::GetDriveStatus: Requesting media status for drive \\.\D:.
2026-08-15 15:50:25.160 T:3928    debug <general>: Keyboard: scancode: 0x148, sym: 0x111 (up), unicode: 0x00, modifier: 0x0
2026-08-15 15:50:25.161 T:3928    debug <general>: CInputManager::HandleKey: up (0xf080) pressed, window 10000, action is Up
2026-08-15 15:50:25.185 T:3928    debug <general>: CWIN32Util::GetDriveStatus: Requesting status for drive \\.\D:.
2026-08-15 15:50:25.185 T:3928    debug <general>: CWIN32Util::GetDriveStatus: Requesting media status for drive \\.\D:.
2026-08-15 15:50:25.223 T:3928    debug <general>: CWIN32Util::GetDriveStatus: Requesting status for drive \\.\D:.
2026-08-15 15:50:25.223 T:3928    debug <general>: CWIN32Util::GetDriveStatus: Requesting media status for drive \\.\D:.
2026-08-15 15:50:25.283 T:3928    debug <general>: CWIN32Util::GetDriveStatus: Requesting status for drive \\.\D:.
2026-08-15 15:50:25.284 T:3928    debug <general>: CWIN32Util::GetDriveStatus: Requesting media status for drive \\.\D:.
2026-08-15 15:50:25.314 T:3928    debug <general>: Keyboard: scancode: 0xc148, sym: 0x111 (up), unicode: 0x00, modifier: 0x0
2026-08-15 15:50:25.315 T:3928    debug <general>: CWIN32Util::GetDriveStatus: Requesting status for drive \\.\D:.
2026-08-15 15:50:25.315 T:3928    debug <general>: CWIN32Util::GetDriveStatus: Requesting media status for drive \\.\D:.
2026-08-15 15:50:25.345 T:3928    debug <general>: CWIN32Util::GetDriveStatus: Requesting status for drive \\.\D:.
2026-08-15 15:50:25.345 T:3928    debug <general>: CWIN32Util::GetDriveStatus: Requesting media status for drive \\.\D:.
2026-08-15 15:50:25.391 T:3928    debug <general>: CWIN32Util::GetDriveStatus: Requesting status for drive \\.\D:.
2026-08-15 15:50:25.391 T:3928    debug <general>: CWIN32Util::GetDriveStatus: Requesting media status for drive \\.\D:.
2026-08-15 15:50:25.424 T:3928    debug <general>: CWIN32Util::GetDriveStatus: Requesting status for drive \\.\D:.
2026-08-15 15:50:25.424 T:3928    debug <general>: CWIN32Util::GetDriveStatus: Requesting media status for drive \\.\D:.
2026-08-15 15:50:25.470 T:3928    debug <general>: CWIN32Util::GetDriveStatus: Requesting status for drive \\.\D:.
2026-08-15 15:50:25.470 T:3928    debug <general>: CWIN32Util::GetDriveStatus: Requesting media status for drive \\.\D:.
2026-08-15 15:50:25.502 T:3928    debug <general>: CWIN32Util::GetDriveStatus: Requesting status for drive \\.\D:.
2026-08-15 15:50:25.502 T:3928    debug <general>: CWIN32Util::GetDriveStatus: Requesting media status for drive \\.\D:.
2026-08-15 15:50:25.549 T:3928    debug <general>: CWIN32Util::GetDriveStatus: Requesting status for drive \\.\D:.
2026-08-15 15:50:25.552 T:3928    debug <general>: CWIN32Util::GetDriveStatus: Requesting media status for drive \\.\D:.
2026-08-15 15:50:25.596 T:3928    debug <general>: CWIN32Util::GetDriveStatus: Requesting status for drive \\.\D:.
2026-08-15 15:50:25.596 T:3928    debug <general>: CWIN32Util::GetDriveStatus: Requesting media status for drive \\.\D:.
2026-08-15 15:50:25.642 T:3928    debug <general>: Keyboard: scancode: 0x148, sym: 0x111 (up), unicode: 0x00, modifier: 0x0
2026-08-15 15:50:25.642 T:3928    debug <general>: CInputManager::HandleKey: up (0xf080) pressed, window 10000, action is Up
2026-08-15 15:50:25.643 T:3928    debug <general>: CWIN32Util::GetDriveStatus: Requesting status for drive \\.\D:.
2026-08-15 15:50:25.643 T:3928    debug <general>: CWIN32Util::GetDriveStatus: Requesting media status for drive \\.\D:.
2026-08-15 15:50:25.715 T:3928    debug <general>: CWIN32Util::GetDriveStatus: Requesting status for drive \\.\D:.
2026-08-15 15:50:25.715 T:3928    debug <general>: CWIN32Util::GetDriveStatus: Requesting media status for drive \\.\D:.
2026-08-15 15:50:25.751 T:3928    debug <general>: CWIN32Util::GetDriveStatus: Requesting status for drive \\.\D:.
2026-08-15 15:50:25.751 T:3928    debug <general>: CWIN32Util::GetDriveStatus: Requesting media status for drive \\.\D:.
2026-08-15 15:50:25.798 T:3928    debug <general>: Keyboard: scancode: 0xc148, sym: 0x111 (up), unicode: 0x00, modifier: 0x0
2026-08-15 15:50:25.799 T:3928    debug <general>: CWIN32Util::GetDriveStatus: Requesting status for drive \\.\D:.
2026-08-15 15:50:25.799 T:3928    debug <general>: CWIN32Util::GetDriveStatus: Requesting media status for drive \\.\D:.
2026-08-15 15:50:25.846 T:3928    debug <general>: CWIN32Util::GetDriveStatus: Requesting status for drive \\.\D:.
2026-08-15 15:50:25.846 T:3928    debug <general>: CWIN32Util::GetDriveStatus: Requesting media status for drive \\.\D:.
2026-08-15 15:50:25.879 T:3928    debug <general>: CWIN32Util::GetDriveStatus: Requesting status for drive \\.\D:.
2026-08-15 15:50:25.879 T:3928    debug <general>: CWIN32Util::GetDriveStatus: Requesting media status for drive \\.\D:.
2026-08-15 15:50:25.940 T:3928    debug <general>: CWIN32Util::GetDriveStatus: Requesting status for drive \\.\D:.
2026-08-15 15:50:25.940 T:3928    debug <general>: CWIN32Util::GetDriveStatus: Requesting media status for drive \\.\D:.
2026-08-15 15:50:25.987 T:3928    debug <general>: CWIN32Util::GetDriveStatus: Requesting status for drive \\.\D:.
2026-08-15 15:50:25.987 T:3928    debug <general>: CWIN32Util::GetDriveStatus: Requesting media status for drive \\.\D:.
2026-08-15 15:50:26.033 T:3928    debug <general>: CWIN32Util::GetDriveStatus: Requesting status for drive \\.\D:.
2026-08-15 15:50:26.034 T:3928    debug <general>: CWIN32Util::GetDriveStatus: Requesting media status for drive \\.\D:.
2026-08-15 15:50:26.095 T:3928    debug <general>: CWIN32Util::GetDriveStatus: Requesting status for drive \\.\D:.
2026-08-15 15:50:26.095 T:3928    debug <general>: CWIN32Util::GetDriveStatus: Requesting media status for drive \\.\D:.
2026-08-15 15:50:26.142 T:3928    debug <general>: CWIN32Util::GetDriveStatus: Requesting status for drive \\.\D:.
2026-08-15 15:50:26.142 T:3928    debug <general>: CWIN32Util::GetDriveStatus: Requesting media status for drive \\.\D:.
2026-08-15 15:50:26.204 T:3928    debug <general>: Keyboard: scancode: 0x148, sym: 0x111 (up), unicode: 0x00, modifier: 0x0
2026-08-15 15:50:26.204 T:3928    debug <general>: CInputManager::HandleKey: up (0xf080) pressed, window 10000, action is Up
2026-08-15 15:50:26.217 T:3928    debug <general>: CWIN32Util::GetDriveStatus: Requesting status for drive \\.\D:.
2026-08-15 15:50:26.217 T:3928    debug <general>: CWIN32Util::GetDriveStatus: Requesting media status for drive \\.\D:.
2026-08-15 15:50:26.235 T:3928    debug <general>: CWIN32Util::GetDriveStatus: Requesting status for drive \\.\D:.
2026-08-15 15:50:26.235 T:3928    debug <general>: CWIN32Util::GetDriveStatus: Requesting media status for drive \\.\D:.
2026-08-15 15:50:26.283 T:3928    debug <general>: Keyboard: scancode: 0xc148, sym: 0x111 (up), unicode: 0x00, modifier: 0x0
2026-08-15 15:50:26.284 T:3928    debug <general>: CWIN32Util::GetDriveStatus: Requesting status for drive \\.\D:.
2026-08-15 15:50:26.284 T:3928    debug <general>: CWIN32Util::GetDriveStatus: Requesting media status for drive \\.\D:.
2026-08-15 15:50:26.344 T:3928    debug <general>: CWIN32Util::GetDriveStatus: Requesting status for drive \\.\D:.
2026-08-15 15:50:26.344 T:3928    debug <general>: CWIN32Util::GetDriveStatus: Requesting media status for drive \\.\D:.
2026-08-15 15:50:26.392 T:3928    debug <general>: CWIN32Util::GetDriveStatus: Requesting status for drive \\.\D:.
2026-08-15 15:50:26.393 T:3928    debug <general>: CWIN32Util::GetDriveStatus: Requesting media status for drive \\.\D:.
2026-08-15 15:50:26.439 T:3928    debug <general>: CWIN32Util::GetDriveStatus: Requesting status for drive \\.\D:.
2026-08-15 15:50:26.440 T:3928    debug <general>: CWIN32Util::GetDriveStatus: Requesting media status for drive \\.\D:.
2026-08-15 15:50:26.471 T:3928    debug <general>: CWIN32Util::GetDriveStatus: Requesting status for drive \\.\D:.
2026-08-15 15:50:26.471 T:3928    debug <general>: CWIN32Util::GetDriveStatus: Requesting media status for drive \\.\D:.
2026-08-15 15:50:26.519 T:3928    debug <general>: CWIN32Util::GetDriveStatus: Requesting status for drive \\.\D:.
2026-08-15 15:50:26.519 T:3928    debug <general>: CWIN32Util::GetDriveStatus: Requesting media status for drive \\.\D:.
2026-08-15 15:50:26.581 T:3928    debug <general>: CWIN32Util::GetDriveStatus: Requesting status for drive \\.\D:.
2026-08-15 15:50:26.582 T:3928    debug <general>: CWIN32Util::GetDriveStatus: Requesting media status for drive \\.\D:.
2026-08-15 15:50:26.585 T:10280   debug <general>: Version Check: Version installed {'major': 22, 'minor': 0, 'revision': '20260814-3693b95596', 'tag': 'beta', 'tagversion': '1'}
2026-08-15 15:50:26.586 T:10280   debug <general>: CPythonInvoker(0, C:\Users\xxxxx\AppData\Roaming\Kodi\addons\service.xbmc.versioncheck\resources\lib\runner.py): script successfully run
2026-08-15 15:50:26.586 T:10280   debug <general>: CPythonInvoker::onExecutionDone(0, C:\Users\xxxxx\AppData\Roaming\Kodi\addons\service.xbmc.versioncheck\resources\lib\runner.py)
2026-08-15 15:50:26.598 T:10280   debug <general>: Python interpreter stopped
2026-08-15 15:50:26.599 T:10280   debug <general>: Thread LanguageInvoker 10280 terminating
2026-08-15 15:50:26.644 T:3928    debug <general>: CWIN32Util::GetDriveStatus: Requesting status for drive \\.\D:.
2026-08-15 15:50:26.644 T:3928    debug <general>: CWIN32Util::GetDriveStatus: Requesting media status for drive \\.\D:.
2026-08-15 15:50:26.692 T:3928    debug <general>: CWIN32Util::GetDriveStatus: Requesting status for drive \\.\D:.
2026-08-15 15:50:26.693 T:3928    debug <general>: CWIN32Util::GetDriveStatus: Requesting media status for drive \\.\D:.
2026-08-15 15:50:26.724 T:3928    debug <general>: CWIN32Util::GetDriveStatus: Requesting status for drive \\.\D:.
2026-08-15 15:50:26.725 T:3928    debug <general>: CWIN32Util::GetDriveStatus: Requesting media status for drive \\.\D:.
2026-08-15 15:50:26.786 T:3928    debug <general>: CWIN32Util::GetDriveStatus: Requesting status for drive \\.\D:.
2026-08-15 15:50:26.787 T:3928    debug <general>: CWIN32Util::GetDriveStatus: Requesting media status for drive \\.\D:.
2026-08-15 15:50:26.833 T:3928    debug <general>: CWIN32Util::GetDriveStatus: Requesting status for drive \\.\D:.
2026-08-15 15:50:26.834 T:3928    debug <general>: CWIN32Util::GetDriveStatus: Requesting media status for drive \\.\D:.
2026-08-15 15:50:26.881 T:3928    debug <general>: CWIN32Util::GetDriveStatus: Requesting status for drive \\.\D:.
2026-08-15 15:50:26.881 T:3928    debug <general>: CWIN32Util::GetDriveStatus: Requesting media status for drive \\.\D:.
2026-08-15 15:50:26.912 T:3928    debug <general>: CWIN32Util::GetDriveStatus: Requesting status for drive \\.\D:.
2026-08-15 15:50:26.922 T:3928    debug <general>: CWIN32Util::GetDriveStatus: Requesting media status for drive \\.\D:.
2026-08-15 15:50:26.943 T:3928    debug <general>: CWIN32Util::GetDriveStatus: Requesting status for drive \\.\D:.
2026-08-15 15:50:26.943 T:3928    debug <general>: CWIN32Util::GetDriveStatus: Requesting media status for drive \\.\D:.
2026-08-15 15:50:26.975 T:3928    debug <general>: CWIN32Util::GetDriveStatus: Requesting status for drive \\.\D:.
2026-08-15 15:50:26.975 T:3928    debug <general>: CWIN32Util::GetDriveStatus: Requesting media status for drive \\.\D:.
2026-08-15 15:50:27.006 T:3928    debug <general>: CWIN32Util::GetDriveStatus: Requesting status for drive \\.\D:.
2026-08-15 15:50:27.006 T:3928    debug <general>: CWIN32Util::GetDriveStatus: Requesting media status for drive \\.\D:.
2026-08-15 15:50:27.052 T:3928    debug <general>: CWIN32Util::GetDriveStatus: Requesting status for drive \\.\D:.
2026-08-15 15:50:27.053 T:3928    debug <general>: CWIN32Util::GetDriveStatus: Requesting media status for drive \\.\D:.
2026-08-15 15:50:27.084 T:3928    debug <general>: CWIN32Util::GetDriveStatus: Requesting status for drive \\.\D:.
2026-08-15 15:50:27.084 T:3928    debug <general>: CWIN32Util::GetDriveStatus: Requesting media status for drive \\.\D:.
2026-08-15 15:50:27.115 T:3928    debug <general>: CWIN32Util::GetDriveStatus: Requesting status for drive \\.\D:.
2026-08-15 15:50:27.116 T:3928    debug <general>: CWIN32Util::GetDriveStatus: Requesting media status for drive \\.\D:.
2026-08-15 15:50:27.147 T:3928    debug <general>: CWIN32Util::GetDriveStatus: Requesting status for drive \\.\D:.
2026-08-15 15:50:27.147 T:3928    debug <general>: CWIN32Util::GetDriveStatus: Requesting media status for drive \\.\D:.
2026-08-15 15:50:27.179 T:3928    debug <general>: CWIN32Util::GetDriveStatus: Requesting status for drive \\.\D:.
2026-08-15 15:50:27.179 T:3928    debug <general>: CWIN32Util::GetDriveStatus: Requesting media status for drive \\.\D:.
2026-08-15 15:50:27.194 T:3928    debug <general>: CWIN32Util::GetDriveStatus: Requesting status for drive \\.\D:.
2026-08-15 15:50:27.195 T:3928    debug <general>: CWIN32Util::GetDriveStatus: Requesting media status for drive \\.\D:.
2026-08-15 15:50:27.226 T:3928    debug <general>: CWIN32Util::GetDriveStatus: Requesting status for drive \\.\D:.
2026-08-15 15:50:27.226 T:3928    debug <general>: CWIN32Util::GetDriveStatus: Requesting media status for drive \\.\D:.
2026-08-15 15:50:27.272 T:3928    debug <general>: Keyboard: scancode: 0x14d, sym: 0x113 (right), unicode: 0x00, modifier: 0x0
2026-08-15 15:50:27.273 T:3928    debug <general>: CInputManager::HandleKey: right (0xf083) pressed, window 10000, action is Right
2026-08-15 15:50:27.274 T:3928    debug <general>: CWIN32Util::GetDriveStatus: Requesting status for drive \\.\D:.
2026-08-15 15:50:27.274 T:3928    debug <general>: CWIN32Util::GetDriveStatus: Requesting media status for drive \\.\D:.
2026-08-15 15:50:27.303 T:3928    debug <general>: CWIN32Util::GetDriveStatus: Requesting status for drive \\.\D:.
2026-08-15 15:50:27.303 T:3928    debug <general>: CWIN32Util::GetDriveStatus: Requesting media status for drive \\.\D:.
2026-08-15 15:50:27.335 T:3928    debug <general>: CWIN32Util::GetDriveStatus: Requesting status for drive \\.\D:.
2026-08-15 15:50:27.335 T:3928    debug <general>: CWIN32Util::GetDriveStatus: Requesting media status for drive \\.\D:.
2026-08-15 15:50:27.365 T:3928    debug <general>: Keyboard: scancode: 0xc14d, sym: 0x113 (right), unicode: 0x00, modifier: 0x0
2026-08-15 15:50:27.365 T:3928    debug <general>: CWIN32Util::GetDriveStatus: Requesting status for drive \\.\D:.
2026-08-15 15:50:27.365 T:3928    debug <general>: CWIN32Util::GetDriveStatus: Requesting media status for drive \\.\D:.
2026-08-15 15:50:27.412 T:3928    debug <general>: CWIN32Util::GetDriveStatus: Requesting status for drive \\.\D:.
2026-08-15 15:50:27.412 T:3928    debug <general>: CWIN32Util::GetDriveStatus: Requesting media status for drive \\.\D:.
2026-08-15 15:50:27.458 T:3928    debug <general>: CWIN32Util::GetDriveStatus: Requesting status for drive \\.\D:.
2026-08-15 15:50:27.459 T:3928    debug <general>: CWIN32Util::GetDriveStatus: Requesting media status for drive \\.\D:.
2026-08-15 15:50:27.490 T:3928    debug <general>: CWIN32Util::GetDriveStatus: Requesting status for drive \\.\D:.
2026-08-15 15:50:27.490 T:3928    debug <general>: CWIN32Util::GetDriveStatus: Requesting media status for drive \\.\D:.
2026-08-15 15:50:27.551 T:3928    debug <general>: CWIN32Util::GetDriveStatus: Requesting status for drive \\.\D:.
2026-08-15 15:50:27.552 T:3928    debug <general>: CWIN32Util::GetDriveStatus: Requesting media status for drive \\.\D:.
2026-08-15 15:50:27.614 T:3928    debug <general>: CWIN32Util::GetDriveStatus: Requesting status for drive \\.\D:.
2026-08-15 15:50:27.614 T:3928    debug <general>: CWIN32Util::GetDriveStatus: Requesting media status for drive \\.\D:.
2026-08-15 15:50:27.647 T:3928    debug <general>: CWIN32Util::GetDriveStatus: Requesting status for drive \\.\D:.
2026-08-15 15:50:27.647 T:3928    debug <general>: CWIN32Util::GetDriveStatus: Requesting media status for drive \\.\D:.
2026-08-15 15:50:27.677 T:3928    debug <general>: CWIN32Util::GetDriveStatus: Requesting status for drive \\.\D:.
2026-08-15 15:50:27.678 T:3928    debug <general>: CWIN32Util::GetDriveStatus: Requesting media status for drive \\.\D:.
2026-08-15 15:50:27.723 T:3928    debug <general>: CWIN32Util::GetDriveStatus: Requesting status for drive \\.\D:.
2026-08-15 15:50:27.724 T:3928    debug <general>: CWIN32Util::GetDriveStatus: Requesting media status for drive \\.\D:.
2026-08-15 15:50:27.770 T:3928    debug <general>: CWIN32Util::GetDriveStatus: Requesting status for drive \\.\D:.
2026-08-15 15:50:27.770 T:3928    debug <general>: CWIN32Util::GetDriveStatus: Requesting media status for drive \\.\D:.
2026-08-15 15:50:27.817 T:3928    debug <general>: CWIN32Util::GetDriveStatus: Requesting status for drive \\.\D:.
2026-08-15 15:50:27.818 T:3928    debug <general>: CWIN32Util::GetDriveStatus: Requesting media status for drive \\.\D:.
2026-08-15 15:50:27.879 T:3928    debug <general>: Keyboard: scancode: 0x150, sym: 0x112 (down), unicode: 0x00, modifier: 0x0
2026-08-15 15:50:27.880 T:3928    debug <general>: CInputManager::HandleKey: down (0xf081) pressed, window 10000, action is Down
2026-08-15 15:50:27.881 T:3928    debug <general>: CWIN32Util::GetDriveStatus: Requesting status for drive \\.\D:.
2026-08-15 15:50:27.881 T:3928    debug <general>: CWIN32Util::GetDriveStatus: Requesting media status for drive \\.\D:.
2026-08-15 15:50:27.927 T:3928    debug <general>: CWIN32Util::GetDriveStatus: Requesting status for drive \\.\D:.
2026-08-15 15:50:27.927 T:3928    debug <general>: CWIN32Util::GetDriveStatus: Requesting media status for drive \\.\D:.
2026-08-15 15:50:27.974 T:3928    debug <general>: CWIN32Util::GetDriveStatus: Requesting status for drive \\.\D:.
2026-08-15 15:50:27.974 T:3928    debug <general>: CWIN32Util::GetDriveStatus: Requesting media status for drive \\.\D:.
2026-08-15 15:50:28.020 T:3928    debug <general>: Keyboard: scancode: 0xc150, sym: 0x112 (down), unicode: 0x00, modifier: 0x0
2026-08-15 15:50:28.021 T:3928    debug <general>: CWIN32Util::GetDriveStatus: Requesting status for drive \\.\D:.
2026-08-15 15:50:28.021 T:3928    debug <general>: CWIN32Util::GetDriveStatus: Requesting media status for drive \\.\D:.
2026-08-15 15:50:28.067 T:3928    debug <general>: CWIN32Util::GetDriveStatus: Requesting status for drive \\.\D:.
2026-08-15 15:50:28.068 T:3928    debug <general>: CWIN32Util::GetDriveStatus: Requesting media status for drive \\.\D:.
2026-08-15 15:50:28.116 T:3928    debug <general>: CWIN32Util::GetDriveStatus: Requesting status for drive \\.\D:.
2026-08-15 15:50:28.116 T:3928    debug <general>: CWIN32Util::GetDriveStatus: Requesting media status for drive \\.\D:.
2026-08-15 15:50:28.162 T:3928    debug <general>: CWIN32Util::GetDriveStatus: Requesting status for drive \\.\D:.
2026-08-15 15:50:28.162 T:3928    debug <general>: CWIN32Util::GetDriveStatus: Requesting media status for drive \\.\D:.
2026-08-15 15:50:28.194 T:3928    debug <general>: CWIN32Util::GetDriveStatus: Requesting status for drive \\.\D:.
2026-08-15 15:50:28.194 T:3928    debug <general>: CWIN32Util::GetDriveStatus: Requesting media status for drive \\.\D:.
2026-08-15 15:50:28.240 T:3928    debug <general>: CWIN32Util::GetDriveStatus: Requesting status for drive \\.\D:.
2026-08-15 15:50:28.240 T:3928    debug <general>: CWIN32Util::GetDriveStatus: Requesting media status for drive \\.\D:.
2026-08-15 15:50:28.304 T:3928    debug <general>: CWIN32Util::GetDriveStatus: Requesting status for drive \\.\D:.
2026-08-15 15:50:28.304 T:3928    debug <general>: CWIN32Util::GetDriveStatus: Requesting media status for drive \\.\D:.
2026-08-15 15:50:28.363 T:3928    debug <general>: CWIN32Util::GetDriveStatus: Requesting status for drive \\.\D:.
2026-08-15 15:50:28.363 T:3928    debug <general>: CWIN32Util::GetDriveStatus: Requesting media status for drive \\.\D:.
2026-08-15 15:50:28.410 T:3928    debug <general>: CWIN32Util::GetDriveStatus: Requesting status for drive \\.\D:.
2026-08-15 15:50:28.410 T:3928    debug <general>: CWIN32Util::GetDriveStatus: Requesting media status for drive \\.\D:.
2026-08-15 15:50:28.458 T:3928    debug <general>: CWIN32Util::GetDriveStatus: Requesting status for drive \\.\D:.
2026-08-15 15:50:28.458 T:3928    debug <general>: CWIN32Util::GetDriveStatus: Requesting media status for drive \\.\D:.
2026-08-15 15:50:28.505 T:3928    debug <general>: CWIN32Util::GetDriveStatus: Requesting status for drive \\.\D:.
2026-08-15 15:50:28.506 T:3928    debug <general>: CWIN32Util::GetDriveStatus: Requesting media status for drive \\.\D:.
2026-08-15 15:50:28.537 T:3928    debug <general>: CWIN32Util::GetDriveStatus: Requesting status for drive \\.\D:.
2026-08-15 15:50:28.537 T:3928    debug <general>: CWIN32Util::GetDriveStatus: Requesting media status for drive \\.\D:.
2026-08-15 15:50:28.569 T:3928    debug <general>: CWIN32Util::GetDriveStatus: Requesting status for drive \\.\D:.
2026-08-15 15:50:28.569 T:3928    debug <general>: CWIN32Util::GetDriveStatus: Requesting media status for drive \\.\D:.
2026-08-15 15:50:28.585 T:3928    debug <general>: CWIN32Util::GetDriveStatus: Requesting status for drive \\.\D:.
2026-08-15 15:50:28.585 T:3928    debug <general>: CWIN32Util::GetDriveStatus: Requesting media status for drive \\.\D:.
2026-08-15 15:50:28.617 T:3928    debug <general>: CWIN32Util::GetDriveStatus: Requesting status for drive \\.\D:.
2026-08-15 15:50:28.617 T:3928    debug <general>: CWIN32Util::GetDriveStatus: Requesting media status for drive \\.\D:.
2026-08-15 15:50:28.648 T:3928    debug <general>: CWIN32Util::GetDriveStatus: Requesting status for drive \\.\D:.
2026-08-15 15:50:28.649 T:3928    debug <general>: CWIN32Util::GetDriveStatus: Requesting media status for drive \\.\D:.
2026-08-15 15:50:28.678 T:3928    debug <general>: CWIN32Util::GetDriveStatus: Requesting status for drive \\.\D:.
2026-08-15 15:50:28.678 T:3928    debug <general>: CWIN32Util::GetDriveStatus: Requesting media status for drive \\.\D:.
2026-08-15 15:50:28.709 T:3928    debug <general>: CWIN32Util::GetDriveStatus: Requesting status for drive \\.\D:.
2026-08-15 15:50:28.709 T:3928    debug <general>: CWIN32Util::GetDriveStatus: Requesting media status for drive \\.\D:.
2026-08-15 15:50:28.741 T:3928    debug <general>: CWIN32Util::GetDriveStatus: Requesting status for drive \\.\D:.
2026-08-15 15:50:28.741 T:3928    debug <general>: CWIN32Util::GetDriveStatus: Requesting media status for drive \\.\D:.
2026-08-15 15:50:28.772 T:3928    debug <general>: CWIN32Util::GetDriveStatus: Requesting status for drive \\.\D:.
2026-08-15 15:50:28.772 T:3928    debug <general>: CWIN32Util::GetDriveStatus: Requesting media status for drive \\.\D:.
2026-08-15 15:50:28.833 T:3928    debug <general>: CWIN32Util::GetDriveStatus: Requesting status for drive \\.\D:.
2026-08-15 15:50:28.834 T:3928    debug <general>: CWIN32Util::GetDriveStatus: Requesting media status for drive \\.\D:.
2026-08-15 15:50:28.880 T:3928    debug <general>: CWIN32Util::GetDriveStatus: Requesting status for drive \\.\D:.
2026-08-15 15:50:28.880 T:3928    debug <general>: CWIN32Util::GetDriveStatus: Requesting media status for drive \\.\D:.
2026-08-15 15:50:28.927 T:3928    debug <general>: CWIN32Util::GetDriveStatus: Requesting status for drive \\.\D:.
2026-08-15 15:50:28.927 T:3928    debug <general>: CWIN32Util::GetDriveStatus: Requesting media status for drive \\.\D:.
2026-08-15 15:50:28.959 T:3928    debug <general>: CWIN32Util::GetDriveStatus: Requesting status for drive \\.\D:.
2026-08-15 15:50:28.960 T:3928    debug <general>: CWIN32Util::GetDriveStatus: Requesting media status for drive \\.\D:.
2026-08-15 15:50:28.975 T:3928    debug <general>: CWIN32Util::GetDriveStatus: Requesting status for drive \\.\D:.
2026-08-15 15:50:28.975 T:3928    debug <general>: CWIN32Util::GetDriveStatus: Requesting media status for drive \\.\D:.
2026-08-15 15:50:29.008 T:3928    debug <general>: CWIN32Util::GetDriveStatus: Requesting status for drive \\.\D:.
2026-08-15 15:50:29.008 T:3928    debug <general>: CWIN32Util::GetDriveStatus: Requesting media status for drive \\.\D:.
2026-08-15 15:50:29.040 T:3928    debug <general>: CWIN32Util::GetDriveStatus: Requesting status for drive \\.\D:.
2026-08-15 15:50:29.040 T:3928    debug <general>: CWIN32Util::GetDriveStatus: Requesting media status for drive \\.\D:.
2026-08-15 15:50:29.087 T:3928    debug <general>: CWIN32Util::GetDriveStatus: Requesting status for drive \\.\D:.
2026-08-15 15:50:29.088 T:3928    debug <general>: CWIN32Util::GetDriveStatus: Requesting media status for drive \\.\D:.
2026-08-15 15:50:29.134 T:3928    debug <general>: CWIN32Util::GetDriveStatus: Requesting status for drive \\.\D:.
2026-08-15 15:50:29.134 T:3928    debug <general>: CWIN32Util::GetDriveStatus: Requesting media status for drive \\.\D:.
2026-08-15 15:50:29.167 T:3928    debug <general>: CWIN32Util::GetDriveStatus: Requesting status for drive \\.\D:.
2026-08-15 15:50:29.167 T:3928    debug <general>: CWIN32Util::GetDriveStatus: Requesting media status for drive \\.\D:.
2026-08-15 15:50:29.195 T:3928    debug <general>: CWIN32Util::GetDriveStatus: Requesting status for drive \\.\D:.
2026-08-15 15:50:29.196 T:3928    debug <general>: CWIN32Util::GetDriveStatus: Requesting media status for drive \\.\D:.
2026-08-15 15:50:29.211 T:3928    debug <general>: CWIN32Util::GetDriveStatus: Requesting status for drive \\.\D:.
2026-08-15 15:50:29.211 T:3928    debug <general>: CWIN32Util::GetDriveStatus: Requesting media status for drive \\.\D:.
2026-08-15 15:50:29.243 T:3928    debug <general>: CWIN32Util::GetDriveStatus: Requesting status for drive \\.\D:.
2026-08-15 15:50:29.243 T:3928    debug <general>: CWIN32Util::GetDriveStatus: Requesting media status for drive \\.\D:.
2026-08-15 15:50:29.289 T:3928    debug <general>: CWIN32Util::GetDriveStatus: Requesting status for drive \\.\D:.
2026-08-15 15:50:29.289 T:3928    debug <general>: CWIN32Util::GetDriveStatus: Requesting media status for drive \\.\D:.
2026-08-15 15:50:29.335 T:3928    debug <general>: CWIN32Util::GetDriveStatus: Requesting status for drive \\.\D:.
2026-08-15 15:50:29.335 T:3928    debug <general>: CWIN32Util::GetDriveStatus: Requesting media status for drive \\.\D:.
2026-08-15 15:50:29.367 T:3928    debug <general>: CWIN32Util::GetDriveStatus: Requesting status for drive \\.\D:.
2026-08-15 15:50:29.367 T:3928    debug <general>: CWIN32Util::GetDriveStatus: Requesting media status for drive \\.\D:.
2026-08-15 15:50:29.383 T:3928    debug <general>: CWIN32Util::GetDriveStatus: Requesting status for drive \\.\D:.
2026-08-15 15:50:29.383 T:3928    debug <general>: CWIN32Util::GetDriveStatus: Requesting media status for drive \\.\D:.
2026-08-15 15:50:29.431 T:3928    debug <general>: CWIN32Util::GetDriveStatus: Requesting status for drive \\.\D:.
2026-08-15 15:50:29.431 T:3928    debug <general>: CWIN32Util::GetDriveStatus: Requesting media status for drive \\.\D:.
2026-08-15 15:50:29.480 T:3928    debug <general>: CWIN32Util::GetDriveStatus: Requesting status for drive \\.\D:.
2026-08-15 15:50:29.480 T:3928    debug <general>: CWIN32Util::GetDriveStatus: Requesting media status for drive \\.\D:.
2026-08-15 15:50:29.524 T:3928    debug <general>: CWIN32Util::GetDriveStatus: Requesting status for drive \\.\D:.
2026-08-15 15:50:29.524 T:3928    debug <general>: CWIN32Util::GetDriveStatus: Requesting media status for drive \\.\D:.
2026-08-15 15:50:29.534 T:3928    debug <general>: CWIN32Util::GetDriveStatus: Requesting status for drive \\.\D:.
2026-08-15 15:50:29.534 T:3928    debug <general>: CWIN32Util::GetDriveStatus: Requesting media status for drive \\.\D:.
2026-08-15 15:50:29.557 T:3928    debug <general>: CWIN32Util::GetDriveStatus: Requesting status for drive \\.\D:.
2026-08-15 15:50:29.557 T:3928    debug <general>: CWIN32Util::GetDriveStatus: Requesting media status for drive \\.\D:.
2026-08-15 15:50:29.605 T:3928    debug <general>: CWIN32Util::GetDriveStatus: Requesting status for drive \\.\D:.
2026-08-15 15:50:29.605 T:3928    debug <general>: CWIN32Util::GetDriveStatus: Requesting media status for drive \\.\D:.
2026-08-15 15:50:29.636 T:3928    debug <general>: CWIN32Util::GetDriveStatus: Requesting status for drive \\.\D:.
2026-08-15 15:50:29.638 T:3928    debug <general>: CWIN32Util::GetDriveStatus: Requesting media status for drive \\.\D:.
2026-08-15 15:50:29.667 T:3928    debug <general>: CWIN32Util::GetDriveStatus: Requesting status for drive \\.\D:.
2026-08-15 15:50:29.668 T:3928    debug <general>: CWIN32Util::GetDriveStatus: Requesting media status for drive \\.\D:.
2026-08-15 15:50:29.714 T:3928    debug <general>: CWIN32Util::GetDriveStatus: Requesting status for drive \\.\D:.
2026-08-15 15:50:29.715 T:3928    debug <general>: CWIN32Util::GetDriveStatus: Requesting media status for drive \\.\D:.
2026-08-15 15:50:29.774 T:3928    debug <general>: CWIN32Util::GetDriveStatus: Requesting status for drive \\.\D:.
2026-08-15 15:50:29.774 T:3928    debug <general>: CWIN32Util::GetDriveStatus: Requesting media status for drive \\.\D:.
2026-08-15 15:50:29.805 T:3928    debug <general>: CWIN32Util::GetDriveStatus: Requesting status for drive \\.\D:.
2026-08-15 15:50:29.806 T:3928    debug <general>: CWIN32Util::GetDriveStatus: Requesting media status for drive \\.\D:.
2026-08-15 15:50:29.851 T:3928    debug <general>: Keyboard: scancode: 0x14d, sym: 0x113 (right), unicode: 0x00, modifier: 0x0
2026-08-15 15:50:29.851 T:3928    debug <general>: CInputManager::HandleKey: right (0xf083) pressed, window 10000, action is Right
2026-08-15 15:50:29.852 T:3928    debug <general>: CWIN32Util::GetDriveStatus: Requesting status for drive \\.\D:.
2026-08-15 15:50:29.852 T:3928    debug <general>: CWIN32Util::GetDriveStatus: Requesting media status for drive \\.\D:.
2026-08-15 15:50:29.882 T:3928    debug <general>: CWIN32Util::GetDriveStatus: Requesting status for drive \\.\D:.
2026-08-15 15:50:29.882 T:3928    debug <general>: CWIN32Util::GetDriveStatus: Requesting media status for drive \\.\D:.
2026-08-15 15:50:29.913 T:3928    debug <general>: CWIN32Util::GetDriveStatus: Requesting status for drive \\.\D:.
2026-08-15 15:50:29.913 T:3928    debug <general>: CWIN32Util::GetDriveStatus: Requesting media status for drive \\.\D:.
2026-08-15 15:50:29.959 T:3928    debug <general>: Keyboard: scancode: 0xc14d, sym: 0x113 (right), unicode: 0x00, modifier: 0x0
2026-08-15 15:50:29.959 T:3928    debug <general>: CWIN32Util::GetDriveStatus: Requesting status for drive \\.\D:.
2026-08-15 15:50:29.959 T:3928    debug <general>: CWIN32Util::GetDriveStatus: Requesting media status for drive \\.\D:.
2026-08-15 15:50:29.991 T:3928    debug <general>: CWIN32Util::GetDriveStatus: Requesting status for drive \\.\D:.
2026-08-15 15:50:29.992 T:3928    debug <general>: CWIN32Util::GetDriveStatus: Requesting media status for drive \\.\D:.
2026-08-15 15:50:30.022 T:3928    debug <general>: CWIN32Util::GetDriveStatus: Requesting status for drive \\.\D:.
2026-08-15 15:50:30.022 T:3928    debug <general>: CWIN32Util::GetDriveStatus: Requesting media status for drive \\.\D:.
2026-08-15 15:50:30.069 T:3928    debug <general>: CWIN32Util::GetDriveStatus: Requesting status for drive \\.\D:.
2026-08-15 15:50:30.069 T:3928    debug <general>: CWIN32Util::GetDriveStatus: Requesting media status for drive \\.\D:.
2026-08-15 15:50:30.115 T:3928    debug <general>: CWIN32Util::GetDriveStatus: Requesting status for drive \\.\D:.
2026-08-15 15:50:30.115 T:3928    debug <general>: CWIN32Util::GetDriveStatus: Requesting media status for drive \\.\D:.
2026-08-15 15:50:30.163 T:3928    debug <general>: CWIN32Util::GetDriveStatus: Requesting status for drive \\.\D:.
2026-08-15 15:50:30.163 T:3928    debug <general>: CWIN32Util::GetDriveStatus: Requesting media status for drive \\.\D:.
2026-08-15 15:50:30.193 T:3928    debug <general>: CWIN32Util::GetDriveStatus: Requesting status for drive \\.\D:.
2026-08-15 15:50:30.193 T:3928    debug <general>: CWIN32Util::GetDriveStatus: Requesting media status for drive \\.\D:.
2026-08-15 15:50:30.241 T:3928    debug <general>: CWIN32Util::GetDriveStatus: Requesting status for drive \\.\D:.
2026-08-15 15:50:30.241 T:3928    debug <general>: CWIN32Util::GetDriveStatus: Requesting media status for drive \\.\D:.
2026-08-15 15:50:30.273 T:3928    debug <general>: CWIN32Util::GetDriveStatus: Requesting status for drive \\.\D:.
2026-08-15 15:50:30.273 T:3928    debug <general>: CWIN32Util::GetDriveStatus: Requesting media status for drive \\.\D:.
2026-08-15 15:50:30.323 T:3928    debug <general>: CWIN32Util::GetDriveStatus: Requesting status for drive \\.\D:.
2026-08-15 15:50:30.323 T:3928    debug <general>: CWIN32Util::GetDriveStatus: Requesting media status for drive \\.\D:.
2026-08-15 15:50:30.350 T:3928    debug <general>: CWIN32Util::GetDriveStatus: Requesting status for drive \\.\D:.
2026-08-15 15:50:30.350 T:3928    debug <general>: CWIN32Util::GetDriveStatus: Requesting media status for drive \\.\D:.
2026-08-15 15:50:30.382 T:3928    debug <general>: Keyboard: scancode: 0x1c, sym: 0x0d (enter), unicode: 0x0d, modifier: 0x0
2026-08-15 15:50:30.382 T:3928    debug <general>: CWIN32Util::GetDriveStatus: Requesting status for drive \\.\D:.
2026-08-15 15:50:30.383 T:3928    debug <general>: CWIN32Util::GetDriveStatus: Requesting media status for drive \\.\D:.
2026-08-15 15:50:30.414 T:3928    debug <general>: CWIN32Util::GetDriveStatus: Requesting status for drive \\.\D:.
2026-08-15 15:50:30.415 T:3928    debug <general>: CWIN32Util::GetDriveStatus: Requesting media status for drive \\.\D:.
2026-08-15 15:50:30.444 T:3928    debug <general>: CWIN32Util::GetDriveStatus: Requesting status for drive \\.\D:.
2026-08-15 15:50:30.444 T:3928    debug <general>: CWIN32Util::GetDriveStatus: Requesting media status for drive \\.\D:.
2026-08-15 15:50:30.475 T:3928    debug <general>: Keyboard: scancode: 0xc01c, sym: 0x0d (enter), unicode: 0x00, modifier: 0x0
2026-08-15 15:50:30.476 T:3928    debug <general>: CInputManager::HandleKey: return (0xf00d) pressed, window 10000, action is Select
2026-08-15 15:50:30.476 T:3928    debug <general>: Activating window ID: 10025
2026-08-15 15:50:30.476 T:3928    debug <general>: CWIN32Util::GetDriveStatus: Requesting status for drive \\.\D:.
2026-08-15 15:50:30.476 T:3928    debug <general>: CWIN32Util::GetDriveStatus: Requesting media status for drive \\.\D:.
2026-08-15 15:50:30.523 T:3928    debug <general>: CWIN32Util::GetDriveStatus: Requesting status for drive \\.\D:.
2026-08-15 15:50:30.524 T:3928    debug <general>: CWIN32Util::GetDriveStatus: Requesting media status for drive \\.\D:.
2026-08-15 15:50:30.554 T:3928    debug <general>: CWIN32Util::GetDriveStatus: Requesting status for drive \\.\D:.
2026-08-15 15:50:30.554 T:3928    debug <general>: CWIN32Util::GetDriveStatus: Requesting media status for drive \\.\D:.
2026-08-15 15:50:30.586 T:3928    debug <general>: CWIN32Util::GetDriveStatus: Requesting status for drive \\.\D:.
2026-08-15 15:50:30.587 T:3928    debug <general>: CWIN32Util::GetDriveStatus: Requesting media status for drive \\.\D:.
2026-08-15 15:50:30.617 T:3928    debug <general>: CWIN32Util::GetDriveStatus: Requesting status for drive \\.\D:.
2026-08-15 15:50:30.617 T:3928    debug <general>: CWIN32Util::GetDriveStatus: Requesting media status for drive \\.\D:.
2026-08-15 15:50:30.633 T:3928    debug <general>: CWIN32Util::GetDriveStatus: Requesting status for drive \\.\D:.
2026-08-15 15:50:30.633 T:3928    debug <general>: CWIN32Util::GetDriveStatus: Requesting media status for drive \\.\D:.
2026-08-15 15:50:30.680 T:3928    debug <general>: CWIN32Util::GetDriveStatus: Requesting status for drive \\.\D:.
2026-08-15 15:50:30.680 T:3928    debug <general>: CWIN32Util::GetDriveStatus: Requesting media status for drive \\.\D:.
2026-08-15 15:50:30.711 T:3928    debug <general>: CWIN32Util::GetDriveStatus: Requesting status for drive \\.\D:.
2026-08-15 15:50:30.712 T:3928    debug <general>: CWIN32Util::GetDriveStatus: Requesting media status for drive \\.\D:.
2026-08-15 15:50:30.743 T:3928    debug <general>: CWIN32Util::GetDriveStatus: Requesting status for drive \\.\D:.
2026-08-15 15:50:30.743 T:3928    debug <general>: CWIN32Util::GetDriveStatus: Requesting media status for drive \\.\D:.
2026-08-15 15:50:30.790 T:3928    debug <general>: CWIN32Util::GetDriveStatus: Requesting status for drive \\.\D:.
2026-08-15 15:50:30.791 T:3928    debug <general>: CWIN32Util::GetDriveStatus: Requesting media status for drive \\.\D:.
2026-08-15 15:50:30.794 T:3928    debug <general>: ------ Window Deinit (Home.xml) ------
2026-08-15 15:50:30.795 T:3928    debug <general>: FreeVisualisation() done
2026-08-15 15:50:30.826 T:3928    debug <general>: ------ Window Init (MyVideoNav.xml) ------
2026-08-15 15:50:30.827 T:3928     info <general>: Loading skin file: MyVideoNav.xml, load type: KEEP_IN_MEMORY
2026-08-15 15:50:30.863 T:3928    debug <general>: CGUIMediaWindow::GetDirectory (Z:\)
2026-08-15 15:50:30.863 T:3928    debug <general>:   ParentPath = []
2026-08-15 15:50:30.897 T:4744    debug <general>: Thread BackgroundLoader start, auto delete: false
2026-08-15 15:50:30.897 T:3928    debug <general>: [threads] name: 'BackgroundLoader' priority: below normal
2026-08-15 15:50:30.962 T:4744    debug <general>: Thread BackgroundLoader 4744 terminating
2026-08-15 15:50:31.360 T:3172  warning <general>: [WS-Discovery]: The initial search for servers has failed. No servers found.
2026-08-15 15:50:31.955 T:3928    debug <general>: Keyboard: scancode: 0x148, sym: 0x111 (up), unicode: 0x00, modifier: 0x0
2026-08-15 15:50:31.956 T:3928    debug <general>: CInputManager::HandleKey: up (0xf080) pressed, window 10025, action is Up
2026-08-15 15:50:32.096 T:3928    debug <general>: Keyboard: scancode: 0xc148, sym: 0x111 (up), unicode: 0x00, modifier: 0x0
2026-08-15 15:50:32.519 T:3928    debug <general>: Keyboard: scancode: 0x1c, sym: 0x0d (enter), unicode: 0x0d, modifier: 0x0
2026-08-15 15:50:32.651 T:3928    debug <general>: Keyboard: scancode: 0xc01c, sym: 0x0d (enter), unicode: 0x00, modifier: 0x0
2026-08-15 15:50:32.652 T:3928    debug <general>: CInputManager::HandleKey: return (0xf00d) pressed, window 10025, action is Select
2026-08-15 15:50:32.652 T:3928    debug <general>: CGUIMediaWindow::GetDirectory (Z:\test\)
2026-08-15 15:50:32.652 T:3928    debug <general>:   ParentPath = [Z:\]
2026-08-15 15:50:32.653 T:4580    debug <general>: Thread waiting start, auto delete: false
2026-08-15 15:50:32.754 T:3928    debug <general>: ------ Window Init (DialogBusy.xml) ------
2026-08-15 15:50:32.930 T:4580    debug <general>: Thread waiting 4580 terminating
2026-08-15 15:50:32.940 T:3928    debug <general>: ------ Window Deinit (DialogBusy.xml) ------
2026-08-15 15:50:33.002 T:8220    debug <general>: Thread BackgroundLoader start, auto delete: false
2026-08-15 15:50:33.002 T:3928    debug <general>: [threads] name: 'BackgroundLoader' priority: below normal
2026-08-15 15:50:33.012 T:8220    debug <general>: Thread BackgroundLoader 8220 terminating
2026-08-15 15:50:35.214 T:3928    debug <general>: Keyboard: scancode: 0x150, sym: 0x112 (down), unicode: 0x00, modifier: 0x0
2026-08-15 15:50:35.214 T:3928    debug <general>: CInputManager::HandleKey: down (0xf081) pressed, window 10025, action is Down
2026-08-15 15:50:35.323 T:3928    debug <general>: Keyboard: scancode: 0xc150, sym: 0x112 (down), unicode: 0x00, modifier: 0x0
2026-08-15 15:50:35.591 T:3928    debug <general>: Keyboard: scancode: 0x150, sym: 0x112 (down), unicode: 0x00, modifier: 0x0
2026-08-15 15:50:35.591 T:3928    debug <general>: CInputManager::HandleKey: down (0xf081) pressed, window 10025, action is Down
2026-08-15 15:50:35.717 T:3928    debug <general>: Keyboard: scancode: 0xc150, sym: 0x112 (down), unicode: 0x00, modifier: 0x0
2026-08-15 15:50:36.455 T:3928    debug <general>: Keyboard: scancode: 0x1c, sym: 0x0d (enter), unicode: 0x0d, modifier: 0x0
2026-08-15 15:50:36.579 T:3928    debug <general>: Keyboard: scancode: 0xc01c, sym: 0x0d (enter), unicode: 0x00, modifier: 0x0
2026-08-15 15:50:36.580 T:3928    debug <general>: CInputManager::HandleKey: return (0xf00d) pressed, window 10025, action is Select
2026-08-15 15:50:36.580 T:3928    debug <general>: CGUIWindowVideoBase::OnPlayMedia Z:\test\BDROM\BDMV\index.bdmv
2026-08-15 15:50:36.608 T:3928    debug <general>: CPlayerCoreFactory::GetPlayers(Z:\test\BDROM\BDMV\index.bdmv)
2026-08-15 15:50:36.608 T:3928    debug <general>: CPlayerSelectionRule::GetPlayers: considering rule: system rules
2026-08-15 15:50:36.608 T:3928    debug <general>: CPlayerSelectionRule::GetPlayers: matches rule: system rules
2026-08-15 15:50:36.608 T:3928    debug <general>: CPlayerSelectionRule::GetPlayers: considering rule: mms/udp
2026-08-15 15:50:36.608 T:3928    debug <general>: CPlayerSelectionRule::GetPlayers: considering rule: lastfm/shout
2026-08-15 15:50:36.608 T:3928    debug <general>: CPlayerSelectionRule::GetPlayers: considering rule: rtmp
2026-08-15 15:50:36.608 T:3928    debug <general>: CPlayerSelectionRule::GetPlayers: considering rule: rtsp
2026-08-15 15:50:36.608 T:3928    debug <general>: CPlayerSelectionRule::GetPlayers: considering rule: streams
2026-08-15 15:50:36.608 T:3928    debug <general>: CPlayerSelectionRule::GetPlayers: considering rule: dvd
2026-08-15 15:50:36.608 T:3928    debug <general>: CPlayerSelectionRule::GetPlayers: considering rule: discimage
2026-08-15 15:50:36.608 T:3928    debug <general>: CPlayerSelectionRule::GetPlayers: considering rule: sdp/asf
2026-08-15 15:50:36.608 T:3928    debug <general>: CPlayerSelectionRule::GetPlayers: considering rule: nsv
2026-08-15 15:50:36.608 T:3928    debug <general>: CPlayerSelectionRule::GetPlayers: considering rule: radio
2026-08-15 15:50:36.608 T:3928    debug <general>: CPlayerCoreFactory::GetPlayers: matched 0 rules with players
2026-08-15 15:50:36.608 T:3928    debug <general>: CPlayerCoreFactory::GetPlayers: adding videodefaultplayer (VideoPlayer)
2026-08-15 15:50:36.608 T:3928    debug <general>: CPlayerCoreFactory::GetPlayers: for video=true, audio=false
2026-08-15 15:50:36.608 T:3928    debug <general>: CPlayerCoreFactory::GetPlayers: for video=true, audio=true
2026-08-15 15:50:36.608 T:3928    debug <general>: CPlayerCoreFactory::GetPlayers: added 1 players
2026-08-15 15:50:36.611 T:4748    debug <general>: Thread waiting start, auto delete: false
2026-08-15 15:50:36.712 T:3928    debug <general>: ------ Window Init (DialogBusy.xml) ------
2026-08-15 15:50:37.111 T:4748    debug <general>: XFILE::`anonymous-namespace'::GetPlaylistsFromDisc: Z:\test\BDROM\BDMV\PLAYLIST\ - 91 files, 91 playlists read
2026-08-15 15:50:37.111 T:4748    debug <general>: XFILE::CBlurayDirectory::GetPlaylistsInformation: *** Playlist information ***
2026-08-15 15:50:37.111 T:4748    debug <general>: XFILE::CBlurayDirectory::GetPlaylistsInformation: Playlist 0, Duration 4, Langs jpn, Subs , Clips 3,4,5,6 
2026-08-15 15:50:37.111 T:4748    debug <general>: XFILE::CBlurayDirectory::GetPlaylistsInformation: Playlist 1, Duration 20, Langs jpn, Subs , Clips 7,8 
2026-08-15 15:50:37.111 T:4748    debug <general>: XFILE::CBlurayDirectory::GetPlaylistsInformation: Playlist 2, Duration 37, Langs jpn, Subs , Clips 9,10 
2026-08-15 15:50:37.112 T:4748    debug <general>: XFILE::CBlurayDirectory::GetPlaylistsInformation: Playlist 3, Duration 97, Langs jpn, Subs , Clips 11,12 
2026-08-15 15:50:37.112 T:4748    debug <general>: XFILE::CBlurayDirectory::GetPlaylistsInformation: Playlist 4, Duration 97, Langs jpn, Subs , Clips 13,14 
2026-08-15 15:50:37.112 T:4748    debug <general>: XFILE::CBlurayDirectory::GetPlaylistsInformation: Playlist 5, Duration 97, Langs jpn, Subs , Clips 15,16 
2026-08-15 15:50:37.112 T:4748    debug <general>: XFILE::CBlurayDirectory::GetPlaylistsInformation: Playlist 6, Duration 18, Langs jpn, Subs , Clips 17,18 
2026-08-15 15:50:37.112 T:4748    debug <general>: XFILE::CBlurayDirectory::GetPlaylistsInformation: Playlist 7, Duration 18, Langs jpn, Subs , Clips 19,20 
2026-08-15 15:50:37.112 T:4748    debug <general>: XFILE::CBlurayDirectory::GetPlaylistsInformation: Playlist 8, Duration 33, Langs jpn, Subs , Clips 21,22 
2026-08-15 15:50:37.112 T:4748    debug <general>: XFILE::CBlurayDirectory::GetPlaylistsInformation: Playlist 9, Duration 33, Langs jpn, Subs , Clips 23,24 
2026-08-15 15:50:37.112 T:4748    debug <general>: XFILE::CBlurayDirectory::GetPlaylistsInformation: Playlist 10, Duration 141, Langs jpn, Subs , Clips 25,26 
2026-08-15 15:50:37.112 T:4748    debug <general>: XFILE::CBlurayDirectory::GetPlaylistsInformation: Playlist 11, Duration 946, Langs jpn, Subs , Clips 27,28 
2026-08-15 15:50:37.112 T:4748    debug <general>: XFILE::CBlurayDirectory::GetPlaylistsInformation: Playlist 13, Duration 18, Langs jpn, Subs , Clips 29,30 
2026-08-15 15:50:37.112 T:4748    debug <general>: XFILE::CBlurayDirectory::GetPlaylistsInformation: Playlist 14, Duration 18, Langs jpn, Subs , Clips 31,32 
2026-08-15 15:50:37.112 T:4748    debug <general>: XFILE::CBlurayDirectory::GetPlaylistsInformation: Playlist 15, Duration 18, Langs jpn, Subs , Clips 33,34 
2026-08-15 15:50:37.112 T:4748    debug <general>: XFILE::CBlurayDirectory::GetPlaylistsInformation: Playlist 16, Duration 18, Langs jpn, Subs , Clips 35,36 
2026-08-15 15:50:37.112 T:4748    debug <general>: XFILE::CBlurayDirectory::GetPlaylistsInformation: Playlist 17, Duration 18, Langs jpn, Subs , Clips 37,38 
2026-08-15 15:50:37.112 T:4748    debug <general>: XFILE::CBlurayDirectory::GetPlaylistsInformation: Playlist 18, Duration 33, Langs jpn, Subs , Clips 39,40 
2026-08-15 15:50:37.112 T:4748    debug <general>: XFILE::CBlurayDirectory::GetPlaylistsInformation: Playlist 19, Duration 33, Langs jpn, Subs , Clips 41,42 
2026-08-15 15:50:37.112 T:4748    debug <general>: XFILE::CBlurayDirectory::GetPlaylistsInformation: Playlist 20, Duration 33, Langs jpn, Subs , Clips 43,44 
2026-08-15 15:50:37.112 T:4748    debug <general>: XFILE::CBlurayDirectory::GetPlaylistsInformation: Playlist 21, Duration 33, Langs jpn, Subs , Clips 45,46 
2026-08-15 15:50:37.112 T:4748    debug <general>: XFILE::CBlurayDirectory::GetPlaylistsInformation: Playlist 22, Duration 33, Langs jpn, Subs , Clips 47,48 
2026-08-15 15:50:37.112 T:4748    debug <general>: XFILE::CBlurayDirectory::GetPlaylistsInformation: Playlist 23, Duration 167, Langs jpn, Subs , Clips 49 
2026-08-15 15:50:37.112 T:4748    debug <general>: XFILE::CBlurayDirectory::GetPlaylistsInformation: Playlist 24, Duration 89, Langs jpn, Subs , Clips 50 
2026-08-15 15:50:37.112 T:4748    debug <general>: XFILE::CBlurayDirectory::GetPlaylistsInformation: Playlist 25, Duration 19, Langs jpn, Subs , Clips 51 
2026-08-15 15:50:37.112 T:4748    debug <general>: XFILE::CBlurayDirectory::GetPlaylistsInformation: Playlist 26, Duration 19, Langs jpn, Subs , Clips 52 
2026-08-15 15:50:37.112 T:4748    debug <general>: XFILE::CBlurayDirectory::GetPlaylistsInformation: Playlist 27, Duration 19, Langs jpn, Subs , Clips 53 
2026-08-15 15:50:37.112 T:4748    debug <general>: XFILE::CBlurayDirectory::GetPlaylistsInformation: Playlist 28, Duration 19, Langs jpn, Subs , Clips 54 
2026-08-15 15:50:37.112 T:4748    debug <general>: XFILE::CBlurayDirectory::GetPlaylistsInformation: Playlist 29, Duration 34, Langs jpn, Subs , Clips 55 
2026-08-15 15:50:37.112 T:4748    debug <general>: XFILE::CBlurayDirectory::GetPlaylistsInformation: Playlist 30, Duration 34, Langs jpn, Subs , Clips 56 
2026-08-15 15:50:37.112 T:4748    debug <general>: XFILE::CBlurayDirectory::GetPlaylistsInformation: Playlist 31, Duration 16, Langs jpn, Subs , Clips 57 
2026-08-15 15:50:37.112 T:4748    debug <general>: XFILE::CBlurayDirectory::GetPlaylistsInformation: Playlist 32, Duration 31, Langs jpn, Subs , Clips 58 
2026-08-15 15:50:37.112 T:4748    debug <general>: XFILE::CBlurayDirectory::GetPlaylistsInformation: Playlist 33, Duration 16, Langs jpn, Subs , Clips 59 
2026-08-15 15:50:37.112 T:4748    debug <general>: XFILE::CBlurayDirectory::GetPlaylistsInformation: Playlist 34, Duration 220, Langs jpn, Subs , Clips 60 
2026-08-15 15:50:37.112 T:4748    debug <general>: XFILE::CBlurayDirectory::GetPlaylistsInformation: Playlist 35, Duration 1349, Langs jpn, Subs , Clips 61 
2026-08-15 15:50:37.112 T:4748    debug <general>: XFILE::CBlurayDirectory::GetPlaylistsInformation: Playlist 36, Duration 68, Langs jpn, Subs , Clips 62 
2026-08-15 15:50:37.112 T:4748    debug <general>: XFILE::CBlurayDirectory::GetPlaylistsInformation: Playlist 37, Duration 45, Langs jpn, Subs , Clips 63 
2026-08-15 15:50:37.112 T:4748    debug <general>: XFILE::CBlurayDirectory::GetPlaylistsInformation: Playlist 38, Duration 41, Langs jpn, Subs , Clips 64 
2026-08-15 15:50:37.112 T:4748    debug <general>: XFILE::CBlurayDirectory::GetPlaylistsInformation: Playlist 39, Duration 58, Langs jpn, Subs , Clips 65 
2026-08-15 15:50:37.112 T:4748    debug <general>: XFILE::CBlurayDirectory::GetPlaylistsInformation: Playlist 40, Duration 297, Langs jpn, Subs , Clips 66 
2026-08-15 15:50:37.112 T:4748    debug <general>: XFILE::CBlurayDirectory::GetPlaylistsInformation: Playlist 41, Duration 297, Langs jpn, Subs , Clips 66 
2026-08-15 15:50:37.112 T:4748    debug <general>: XFILE::CBlurayDirectory::GetPlaylistsInformation: Playlist 42, Duration 297, Langs jpn, Subs , Clips 66 
2026-08-15 15:50:37.112 T:4748    debug <general>: XFILE::CBlurayDirectory::GetPlaylistsInformation: Playlist 43, Duration 119, Langs jpn, Subs , Clips 67 
2026-08-15 15:50:37.112 T:4748    debug <general>: XFILE::CBlurayDirectory::GetPlaylistsInformation: Playlist 44, Duration 19, Langs jpn, Subs , Clips 68 
2026-08-15 15:50:37.112 T:4748    debug <general>: XFILE::CBlurayDirectory::GetPlaylistsInformation: Playlist 45, Duration 19, Langs jpn, Subs , Clips 69 
2026-08-15 15:50:37.112 T:4748    debug <general>: XFILE::CBlurayDirectory::GetPlaylistsInformation: Playlist 46, Duration 545, Langs jpn, Subs , Clips 70 
2026-08-15 15:50:37.112 T:4748    debug <general>: XFILE::CBlurayDirectory::GetPlaylistsInformation: Playlist 47, Duration 916, Langs jpn, Subs , Clips 71 
2026-08-15 15:50:37.112 T:4748    debug <general>: XFILE::CBlurayDirectory::GetPlaylistsInformation: Playlist 48, Duration 361, Langs jpn, Subs , Clips 72 
2026-08-15 15:50:37.112 T:4748    debug <general>: XFILE::CBlurayDirectory::GetPlaylistsInformation: Playlist 49, Duration 483, Langs jpn, Subs , Clips 73 
2026-08-15 15:50:37.112 T:4748    debug <general>: XFILE::CBlurayDirectory::GetPlaylistsInformation: Playlist 50, Duration 77, Langs jpn, Subs , Clips 74 
2026-08-15 15:50:37.112 T:4748    debug <general>: XFILE::CBlurayDirectory::GetPlaylistsInformation: Playlist 52, Duration 70, Langs jpn, Subs , Clips 75 
2026-08-15 15:50:37.112 T:4748    debug <general>: XFILE::CBlurayDirectory::GetPlaylistsInformation: Playlist 54, Duration 103, Langs jpn, Subs , Clips 76 
2026-08-15 15:50:37.112 T:4748    debug <general>: XFILE::CBlurayDirectory::GetPlaylistsInformation: Playlist 56, Duration 103, Langs jpn, Subs , Clips 77 
2026-08-15 15:50:37.112 T:4748    debug <general>: XFILE::CBlurayDirectory::GetPlaylistsInformation: Playlist 58, Duration 17, Langs jpn, Subs , Clips 78 
2026-08-15 15:50:37.112 T:4748    debug <general>: XFILE::CBlurayDirectory::GetPlaylistsInformation: Playlist 59, Duration 18, Langs jpn, Subs , Clips 79 
2026-08-15 15:50:37.112 T:4748    debug <general>: XFILE::CBlurayDirectory::GetPlaylistsInformation: Playlist 60, Duration 18, Langs jpn, Subs , Clips 80 
2026-08-15 15:50:37.112 T:4748    debug <general>: XFILE::CBlurayDirectory::GetPlaylistsInformation: Playlist 61, Duration 18, Langs jpn, Subs , Clips 81 
2026-08-15 15:50:37.112 T:4748    debug <general>: XFILE::CBlurayDirectory::GetPlaylistsInformation: Playlist 62, Duration 18, Langs jpn, Subs , Clips 82 
2026-08-15 15:50:37.112 T:4748    debug <general>: XFILE::CBlurayDirectory::GetPlaylistsInformation: Playlist 63, Duration 514, Langs jpn, Subs , Clips 83,84,85,86,87,88,89,90,91,92,93,94,95,96,97,98,99,100,101,102,103,104,105,106,107,108,109,110,111,112,113,114 
2026-08-15 15:50:37.112 T:4748    debug <general>: XFILE::CBlurayDirectory::GetPlaylistsInformation: Playlist 64, Duration 33, Langs jpn, Subs , Clips 115 
2026-08-15 15:50:37.112 T:4748    debug <general>: XFILE::CBlurayDirectory::GetPlaylistsInformation: Playlist 65, Duration 185, Langs jpn, Subs , Clips 116 
2026-08-15 15:50:37.112 T:4748    debug <general>: XFILE::CBlurayDirectory::GetPlaylistsInformation: Playlist 66, Duration 93, Langs jpn, Subs , Clips 117 
2026-08-15 15:50:37.112 T:4748    debug <general>: XFILE::CBlurayDirectory::GetPlaylistsInformation: Playlist 67, Duration 65, Langs jpn, Subs , Clips 118 
2026-08-15 15:50:37.112 T:4748    debug <general>: XFILE::CBlurayDirectory::GetPlaylistsInformation: Playlist 68, Duration 36, Langs jpn, Subs , Clips 119 
2026-08-15 15:50:37.112 T:4748    debug <general>: XFILE::CBlurayDirectory::GetPlaylistsInformation: Playlist 69, Duration 18, Langs jpn, Subs , Clips 120 
2026-08-15 15:50:37.112 T:4748    debug <general>: XFILE::CBlurayDirectory::GetPlaylistsInformation: Playlist 70, Duration 18, Langs jpn, Subs , Clips 121 
2026-08-15 15:50:37.112 T:4748    debug <general>: XFILE::CBlurayDirectory::GetPlaylistsInformation: Playlist 71, Duration 63, Langs jpn, Subs , Clips 122 
2026-08-15 15:50:37.112 T:4748    debug <general>: XFILE::CBlurayDirectory::GetPlaylistsInformation: Playlist 73, Duration 63, Langs jpn, Subs , Clips 123 
2026-08-15 15:50:37.112 T:4748    debug <general>: XFILE::CBlurayDirectory::GetPlaylistsInformation: Playlist 75, Duration 657, Langs jpn, Subs , Clips 124 
2026-08-15 15:50:37.112 T:4748    debug <general>: XFILE::CBlurayDirectory::GetPlaylistsInformation: Playlist 76, Duration 184, Langs jpn, Subs , Clips 125 
2026-08-15 15:50:37.112 T:4748    debug <general>: XFILE::CBlurayDirectory::GetPlaylistsInformation: Playlist 77, Duration 17, Langs jpn, Subs , Clips 126 
2026-08-15 15:50:37.112 T:4748    debug <general>: XFILE::CBlurayDirectory::GetPlaylistsInformation: Playlist 78, Duration 17, Langs jpn, Subs , Clips 127 
2026-08-15 15:50:37.112 T:4748    debug <general>: XFILE::CBlurayDirectory::GetPlaylistsInformation: Playlist 79, Duration 312, Langs jpn, Subs , Clips 128 
2026-08-15 15:50:37.112 T:4748    debug <general>: XFILE::CBlurayDirectory::GetPlaylistsInformation: Playlist 80, Duration 293, Langs jpn, Subs , Clips 129 
2026-08-15 15:50:37.112 T:4748    debug <general>: XFILE::CBlurayDirectory::GetPlaylistsInformation: Playlist 81, Duration 1249, Langs jpn, Subs , Clips 130 
2026-08-15 15:50:37.112 T:4748    debug <general>: XFILE::CBlurayDirectory::GetPlaylistsInformation: Playlist 82, Duration 245, Langs jpn, Subs , Clips 131 
2026-08-15 15:50:37.112 T:4748    debug <general>: XFILE::CBlurayDirectory::GetPlaylistsInformation: Playlist 83, Duration 57, Langs jpn, Subs , Clips 132 
2026-08-15 15:50:37.112 T:4748    debug <general>: XFILE::CBlurayDirectory::GetPlaylistsInformation: Playlist 84, Duration 36, Langs jpn, Subs , Clips 133 
2026-08-15 15:50:37.112 T:4748    debug <general>: XFILE::CBlurayDirectory::GetPlaylistsInformation: Playlist 85, Duration 954, Langs jpn, Subs , Clips 134,135,136 
2026-08-15 15:50:37.112 T:4748    debug <general>: XFILE::CBlurayDirectory::GetPlaylistsInformation: Playlist 86, Duration 942, Langs jpn, Subs , Clips 137,138,139,140,141,142,143,144,145,146,147,148,149,150 
2026-08-15 15:50:37.112 T:4748    debug <general>: XFILE::CBlurayDirectory::GetPlaylistsInformation: Playlist 87, Duration 111, Langs jpn, Subs , Clips 151 
2026-08-15 15:50:37.112 T:4748    debug <general>: XFILE::CBlurayDirectory::GetPlaylistsInformation: Playlist 88, Duration 17, Langs jpn, Subs , Clips 152 
2026-08-15 15:50:37.112 T:4748    debug <general>: XFILE::CBlurayDirectory::GetPlaylistsInformation: Playlist 89, Duration 17, Langs jpn, Subs , Clips 153 
2026-08-15 15:50:37.112 T:4748    debug <general>: XFILE::CBlurayDirectory::GetPlaylistsInformation: Playlist 90, Duration 30, Langs jpn, Subs , Clips 0,1,2 
2026-08-15 15:50:37.112 T:4748    debug <general>: XFILE::CBlurayDirectory::GetPlaylistsInformation: Clip 0 duration 9 - playlists 90
2026-08-15 15:50:37.112 T:4748    debug <general>: XFILE::CBlurayDirectory::GetPlaylistsInformation: Clip 1 duration 12 - playlists 90
2026-08-15 15:50:37.112 T:4748    debug <general>: XFILE::CBlurayDirectory::GetPlaylistsInformation: Clip 2 duration 9 - playlists 90
2026-08-15 15:50:37.112 T:4748    debug <general>: XFILE::CBlurayDirectory::GetPlaylistsInformation: Clip 3 duration 1 - playlists 0
2026-08-15 15:50:37.112 T:4748    debug <general>: XFILE::CBlurayDirectory::GetPlaylistsInformation: Clip 4 duration 1 - playlists 0
2026-08-15 15:50:37.112 T:4748    debug <general>: XFILE::CBlurayDirectory::GetPlaylistsInformation: Clip 5 duration 1 - playlists 0
2026-08-15 15:50:37.112 T:4748    debug <general>: XFILE::CBlurayDirectory::GetPlaylistsInformation: Clip 6 duration 1 - playlists 0
2026-08-15 15:50:37.112 T:4748    debug <general>: XFILE::CBlurayDirectory::GetPlaylistsInformation: Clip 7 duration 2 - playlists 1
2026-08-15 15:50:37.112 T:4748    debug <general>: XFILE::CBlurayDirectory::GetPlaylistsInformation: Clip 8 duration 18 - playlists 1
2026-08-15 15:50:37.112 T:4748    debug <general>: XFILE::CBlurayDirectory::GetPlaylistsInformation: Clip 9 duration 2 - playlists 2
2026-08-15 15:50:37.112 T:4748    debug <general>: XFILE::CBlurayDirectory::GetPlaylistsInformation: Clip 10 duration 35 - playlists 2
2026-08-15 15:50:37.112 T:4748    debug <general>: XFILE::CBlurayDirectory::GetPlaylistsInformation: Clip 11 duration 2 - playlists 3
2026-08-15 15:50:37.112 T:4748    debug <general>: XFILE::CBlurayDirectory::GetPlaylistsInformation: Clip 12 duration 95 - playlists 3
2026-08-15 15:50:37.112 T:4748    debug <general>: XFILE::CBlurayDirectory::GetPlaylistsInformation: Clip 13 duration 2 - playlists 4
2026-08-15 15:50:37.112 T:4748    debug <general>: XFILE::CBlurayDirectory::GetPlaylistsInformation: Clip 14 duration 95 - playlists 4
2026-08-15 15:50:37.112 T:4748    debug <general>: XFILE::CBlurayDirectory::GetPlaylistsInformation: Clip 15 duration 2 - playlists 5
2026-08-15 15:50:37.112 T:4748    debug <general>: XFILE::CBlurayDirectory::GetPlaylistsInformation: Clip 16 duration 95 - playlists 5
2026-08-15 15:50:37.112 T:4748    debug <general>: XFILE::CBlurayDirectory::GetPlaylistsInformation: Clip 17 duration 2 - playlists 6
2026-08-15 15:50:37.112 T:4748    debug <general>: XFILE::CBlurayDirectory::GetPlaylistsInformation: Clip 18 duration 16 - playlists 6
2026-08-15 15:50:37.112 T:4748    debug <general>: XFILE::CBlurayDirectory::GetPlaylistsInformation: Clip 19 duration 2 - playlists 7
2026-08-15 15:50:37.112 T:4748    debug <general>: XFILE::CBlurayDirectory::GetPlaylistsInformation: Clip 20 duration 16 - playlists 7
2026-08-15 15:50:37.112 T:4748    debug <general>: XFILE::CBlurayDirectory::GetPlaylistsInformation: Clip 21 duration 2 - playlists 8
2026-08-15 15:50:37.112 T:4748    debug <general>: XFILE::CBlurayDirectory::GetPlaylistsInformation: Clip 22 duration 31 - playlists 8
2026-08-15 15:50:37.112 T:4748    debug <general>: XFILE::CBlurayDirectory::GetPlaylistsInformation: Clip 23 duration 2 - playlists 9
2026-08-15 15:50:37.112 T:4748    debug <general>: XFILE::CBlurayDirectory::GetPlaylistsInformation: Clip 24 duration 31 - playlists 9
2026-08-15 15:50:37.112 T:4748    debug <general>: XFILE::CBlurayDirectory::GetPlaylistsInformation: Clip 25 duration 2 - playlists 10
2026-08-15 15:50:37.112 T:4748    debug <general>: XFILE::CBlurayDirectory::GetPlaylistsInformation: Clip 26 duration 139 - playlists 10
2026-08-15 15:50:37.112 T:4748    debug <general>: XFILE::CBlurayDirectory::GetPlaylistsInformation: Clip 27 duration 2 - playlists 11
2026-08-15 15:50:37.112 T:4748    debug <general>: XFILE::CBlurayDirectory::GetPlaylistsInformation: Clip 28 duration 944 - playlists 11
2026-08-15 15:50:37.112 T:4748    debug <general>: XFILE::CBlurayDirectory::GetPlaylistsInformation: Clip 29 duration 2 - playlists 13
2026-08-15 15:50:37.112 T:4748    debug <general>: XFILE::CBlurayDirectory::GetPlaylistsInformation: Clip 30 duration 16 - playlists 13
2026-08-15 15:50:37.112 T:4748    debug <general>: XFILE::CBlurayDirectory::GetPlaylistsInformation: Clip 31 duration 2 - playlists 14
2026-08-15 15:50:37.112 T:4748    debug <general>: XFILE::CBlurayDirectory::GetPlaylistsInformation: Clip 32 duration 16 - playlists 14
2026-08-15 15:50:37.112 T:4748    debug <general>: XFILE::CBlurayDirectory::GetPlaylistsInformation: Clip 33 duration 2 - playlists 15
2026-08-15 15:50:37.112 T:4748    debug <general>: XFILE::CBlurayDirectory::GetPlaylistsInformation: Clip 34 duration 16 - playlists 15
2026-08-15 15:50:37.112 T:4748    debug <general>: XFILE::CBlurayDirectory::GetPlaylistsInformation: Clip 35 duration 2 - playlists 16
2026-08-15 15:50:37.112 T:4748    debug <general>: XFILE::CBlurayDirectory::GetPlaylistsInformation: Clip 36 duration 16 - playlists 16
2026-08-15 15:50:37.112 T:4748    debug <general>: XFILE::CBlurayDirectory::GetPlaylistsInformation: Clip 37 duration 2 - playlists 17
2026-08-15 15:50:37.112 T:4748    debug <general>: XFILE::CBlurayDirectory::GetPlaylistsInformation: Clip 38 duration 16 - playlists 17
2026-08-15 15:50:37.112 T:4748    debug <general>: XFILE::CBlurayDirectory::GetPlaylistsInformation: Clip 39 duration 2 - playlists 18
2026-08-15 15:50:37.112 T:4748    debug <general>: XFILE::CBlurayDirectory::GetPlaylistsInformation: Clip 40 duration 31 - playlists 18
2026-08-15 15:50:37.112 T:4748    debug <general>: XFILE::CBlurayDirectory::GetPlaylistsInformation: Clip 41 duration 2 - playlists 19
2026-08-15 15:50:37.112 T:4748    debug <general>: XFILE::CBlurayDirectory::GetPlaylistsInformation: Clip 42 duration 31 - playlists 19
2026-08-15 15:50:37.112 T:4748    debug <general>: XFILE::CBlurayDirectory::GetPlaylistsInformation: Clip 43 duration 2 - playlists 20
2026-08-15 15:50:37.112 T:4748    debug <general>: XFILE::CBlurayDirectory::GetPlaylistsInformation: Clip 44 duration 31 - playlists 20
2026-08-15 15:50:37.112 T:4748    debug <general>: XFILE::CBlurayDirectory::GetPlaylistsInformation: Clip 45 duration 2 - playlists 21
2026-08-15 15:50:37.112 T:4748    debug <general>: XFILE::CBlurayDirectory::GetPlaylistsInformation: Clip 46 duration 31 - playlists 21
2026-08-15 15:50:37.112 T:4748    debug <general>: XFILE::CBlurayDirectory::GetPlaylistsInformation: Clip 47 duration 2 - playlists 22
2026-08-15 15:50:37.112 T:4748    debug <general>: XFILE::CBlurayDirectory::GetPlaylistsInformation: Clip 48 duration 31 - playlists 22
2026-08-15 15:50:37.112 T:4748    debug <general>: XFILE::CBlurayDirectory::GetPlaylistsInformation: Clip 49 duration 167 - playlists 23
2026-08-15 15:50:37.112 T:4748    debug <general>: XFILE::CBlurayDirectory::GetPlaylistsInformation: Clip 50 duration 89 - playlists 24
2026-08-15 15:50:37.112 T:4748    debug <general>: XFILE::CBlurayDirectory::GetPlaylistsInformation: Clip 51 duration 19 - playlists 25
2026-08-15 15:50:37.112 T:4748    debug <general>: XFILE::CBlurayDirectory::GetPlaylistsInformation: Clip 52 duration 19 - playlists 26
2026-08-15 15:50:37.112 T:4748    debug <general>: XFILE::CBlurayDirectory::GetPlaylistsInformation: Clip 53 duration 19 - playlists 27
2026-08-15 15:50:37.112 T:4748    debug <general>: XFILE::CBlurayDirectory::GetPlaylistsInformation: Clip 54 duration 19 - playlists 28
2026-08-15 15:50:37.112 T:4748    debug <general>: XFILE::CBlurayDirectory::GetPlaylistsInformation: Clip 55 duration 34 - playlists 29
2026-08-15 15:50:37.112 T:4748    debug <general>: XFILE::CBlurayDirectory::GetPlaylistsInformation: Clip 56 duration 34 - playlists 30
2026-08-15 15:50:37.112 T:4748    debug <general>: XFILE::CBlurayDirectory::GetPlaylistsInformation: Clip 57 duration 16 - playlists 31
2026-08-15 15:50:37.112 T:4748    debug <general>: XFILE::CBlurayDirectory::GetPlaylistsInformation: Clip 58 duration 31 - playlists 32
2026-08-15 15:50:37.112 T:4748    debug <general>: XFILE::CBlurayDirectory::GetPlaylistsInformation: Clip 59 duration 16 - playlists 33
2026-08-15 15:50:37.112 T:4748    debug <general>: XFILE::CBlurayDirectory::GetPlaylistsInformation: Clip 60 duration 220 - playlists 34
2026-08-15 15:50:37.112 T:4748    debug <general>: XFILE::CBlurayDirectory::GetPlaylistsInformation: Clip 61 duration 1349 - playlists 35
2026-08-15 15:50:37.112 T:4748    debug <general>: XFILE::CBlurayDirectory::GetPlaylistsInformation: Clip 62 duration 68 - playlists 36
2026-08-15 15:50:37.112 T:4748    debug <general>: XFILE::CBlurayDirectory::GetPlaylistsInformation: Clip 63 duration 45 - playlists 37
2026-08-15 15:50:37.112 T:4748    debug <general>: XFILE::CBlurayDirectory::GetPlaylistsInformation: Clip 64 duration 41 - playlists 38
2026-08-15 15:50:37.112 T:4748    debug <general>: XFILE::CBlurayDirectory::GetPlaylistsInformation: Clip 65 duration 58 - playlists 39
2026-08-15 15:50:37.113 T:4748    debug <general>: XFILE::CBlurayDirectory::GetPlaylistsInformation: Clip 66 duration 297 - playlists 40,41,42
2026-08-15 15:50:37.113 T:4748    debug <general>: XFILE::CBlurayDirectory::GetPlaylistsInformation: Clip 67 duration 119 - playlists 43
2026-08-15 15:50:37.113 T:4748    debug <general>: XFILE::CBlurayDirectory::GetPlaylistsInformation: Clip 68 duration 19 - playlists 44
2026-08-15 15:50:37.113 T:4748    debug <general>: XFILE::CBlurayDirectory::GetPlaylistsInformation: Clip 69 duration 19 - playlists 45
2026-08-15 15:50:37.113 T:4748    debug <general>: XFILE::CBlurayDirectory::GetPlaylistsInformation: Clip 70 duration 545 - playlists 46
2026-08-15 15:50:37.113 T:4748    debug <general>: XFILE::CBlurayDirectory::GetPlaylistsInformation: Clip 71 duration 916 - playlists 47
2026-08-15 15:50:37.113 T:4748    debug <general>: XFILE::CBlurayDirectory::GetPlaylistsInformation: Clip 72 duration 361 - playlists 48
2026-08-15 15:50:37.113 T:4748    debug <general>: XFILE::CBlurayDirectory::GetPlaylistsInformation: Clip 73 duration 483 - playlists 49
2026-08-15 15:50:37.113 T:4748    debug <general>: XFILE::CBlurayDirectory::GetPlaylistsInformation: Clip 74 duration 77 - playlists 50
2026-08-15 15:50:37.113 T:4748    debug <general>: XFILE::CBlurayDirectory::GetPlaylistsInformation: Clip 75 duration 70 - playlists 52
2026-08-15 15:50:37.113 T:4748    debug <general>: XFILE::CBlurayDirectory::GetPlaylistsInformation: Clip 76 duration 103 - playlists 54
2026-08-15 15:50:37.113 T:4748    debug <general>: XFILE::CBlurayDirectory::GetPlaylistsInformation: Clip 77 duration 103 - playlists 56
2026-08-15 15:50:37.113 T:4748    debug <general>: XFILE::CBlurayDirectory::GetPlaylistsInformation: Clip 78 duration 17 - playlists 58
2026-08-15 15:50:37.113 T:4748    debug <general>: XFILE::CBlurayDirectory::GetPlaylistsInformation: Clip 79 duration 18 - playlists 59
2026-08-15 15:50:37.113 T:4748    debug <general>: XFILE::CBlurayDirectory::GetPlaylistsInformation: Clip 80 duration 18 - playlists 60
2026-08-15 15:50:37.113 T:4748    debug <general>: XFILE::CBlurayDirectory::GetPlaylistsInformation: Clip 81 duration 18 - playlists 61
2026-08-15 15:50:37.113 T:4748    debug <general>: XFILE::CBlurayDirectory::GetPlaylistsInformation: Clip 82 duration 18 - playlists 62
2026-08-15 15:50:37.113 T:4748    debug <general>: XFILE::CBlurayDirectory::GetPlaylistsInformation: Clip 83 duration 18 - playlists 63
2026-08-15 15:50:37.113 T:4748    debug <general>: XFILE::CBlurayDirectory::GetPlaylistsInformation: Clip 84 duration 16 - playlists 63
2026-08-15 15:50:37.113 T:4748    debug <general>: XFILE::CBlurayDirectory::GetPlaylistsInformation: Clip 85 duration 16 - playlists 63
2026-08-15 15:50:37.113 T:4748    debug <general>: XFILE::CBlurayDirectory::GetPlaylistsInformation: Clip 86 duration 16 - playlists 63
2026-08-15 15:50:37.113 T:4748    debug <general>: XFILE::CBlurayDirectory::GetPlaylistsInformation: Clip 87 duration 16 - playlists 63
2026-08-15 15:50:37.113 T:4748    debug <general>: XFILE::CBlurayDirectory::GetPlaylistsInformation: Clip 88 duration 16 - playlists 63
2026-08-15 15:50:37.113 T:4748    debug <general>: XFILE::CBlurayDirectory::GetPlaylistsInformation: Clip 89 duration 16 - playlists 63
2026-08-15 15:50:37.113 T:4748    debug <general>: XFILE::CBlurayDirectory::GetPlaylistsInformation: Clip 90 duration 16 - playlists 63
2026-08-15 15:50:37.113 T:4748    debug <general>: XFILE::CBlurayDirectory::GetPlaylistsInformation: Clip 91 duration 16 - playlists 63
2026-08-15 15:50:37.113 T:4748    debug <general>: XFILE::CBlurayDirectory::GetPlaylistsInformation: Clip 92 duration 16 - playlists 63
2026-08-15 15:50:37.113 T:4748    debug <general>: XFILE::CBlurayDirectory::GetPlaylistsInformation: Clip 93 duration 16 - playlists 63
2026-08-15 15:50:37.113 T:4748    debug <general>: XFILE::CBlurayDirectory::GetPlaylistsInformation: Clip 94 duration 16 - playlists 63
2026-08-15 15:50:37.113 T:4748    debug <general>: XFILE::CBlurayDirectory::GetPlaylistsInformation: Clip 95 duration 16 - playlists 63
2026-08-15 15:50:37.113 T:4748    debug <general>: XFILE::CBlurayDirectory::GetPlaylistsInformation: Clip 96 duration 16 - playlists 63
2026-08-15 15:50:37.113 T:4748    debug <general>: XFILE::CBlurayDirectory::GetPlaylistsInformation: Clip 97 duration 16 - playlists 63
2026-08-15 15:50:37.113 T:4748    debug <general>: XFILE::CBlurayDirectory::GetPlaylistsInformation: Clip 98 duration 16 - playlists 63
2026-08-15 15:50:37.113 T:4748    debug <general>: XFILE::CBlurayDirectory::GetPlaylistsInformation: Clip 99 duration 16 - playlists 63
2026-08-15 15:50:37.113 T:4748    debug <general>: XFILE::CBlurayDirectory::GetPlaylistsInformation: Clip 100 duration 16 - playlists 63
2026-08-15 15:50:37.113 T:4748    debug <general>: XFILE::CBlurayDirectory::GetPlaylistsInformation: Clip 101 duration 16 - playlists 63
2026-08-15 15:50:37.113 T:4748    debug <general>: XFILE::CBlurayDirectory::GetPlaylistsInformation: Clip 102 duration 16 - playlists 63
2026-08-15 15:50:37.113 T:4748    debug <general>: XFILE::CBlurayDirectory::GetPlaylistsInformation: Clip 103 duration 16 - playlists 63
2026-08-15 15:50:37.113 T:4748    debug <general>: XFILE::CBlurayDirectory::GetPlaylistsInformation: Clip 104 duration 16 - playlists 63
2026-08-15 15:50:37.113 T:4748    debug <general>: XFILE::CBlurayDirectory::GetPlaylistsInformation: Clip 105 duration 16 - playlists 63
2026-08-15 15:50:37.113 T:4748    debug <general>: XFILE::CBlurayDirectory::GetPlaylistsInformation: Clip 106 duration 16 - playlists 63
2026-08-15 15:50:37.113 T:4748    debug <general>: XFILE::CBlurayDirectory::GetPlaylistsInformation: Clip 107 duration 16 - playlists 63
2026-08-15 15:50:37.113 T:4748    debug <general>: XFILE::CBlurayDirectory::GetPlaylistsInformation: Clip 108 duration 16 - playlists 63
2026-08-15 15:50:37.113 T:4748    debug <general>: XFILE::CBlurayDirectory::GetPlaylistsInformation: Clip 109 duration 16 - playlists 63
2026-08-15 15:50:37.113 T:4748    debug <general>: XFILE::CBlurayDirectory::GetPlaylistsInformation: Clip 110 duration 16 - playlists 63
2026-08-15 15:50:37.113 T:4748    debug <general>: XFILE::CBlurayDirectory::GetPlaylistsInformation: Clip 111 duration 16 - playlists 63
2026-08-15 15:50:37.113 T:4748    debug <general>: XFILE::CBlurayDirectory::GetPlaylistsInformation: Clip 112 duration 16 - playlists 63
2026-08-15 15:50:37.113 T:4748    debug <general>: XFILE::CBlurayDirectory::GetPlaylistsInformation: Clip 113 duration 16 - playlists 63
2026-08-15 15:50:37.113 T:4748    debug <general>: XFILE::CBlurayDirectory::GetPlaylistsInformation: Clip 114 duration 16 - playlists 63
2026-08-15 15:50:37.113 T:4748    debug <general>: XFILE::CBlurayDirectory::GetPlaylistsInformation: Clip 115 duration 33 - playlists 64
2026-08-15 15:50:37.113 T:4748    debug <general>: XFILE::CBlurayDirectory::GetPlaylistsInformation: Clip 116 duration 185 - playlists 65
2026-08-15 15:50:37.113 T:4748    debug <general>: XFILE::CBlurayDirectory::GetPlaylistsInformation: Clip 117 duration 93 - playlists 66
2026-08-15 15:50:37.113 T:4748    debug <general>: XFILE::CBlurayDirectory::GetPlaylistsInformation: Clip 118 duration 65 - playlists 67
2026-08-15 15:50:37.113 T:4748    debug <general>: XFILE::CBlurayDirectory::GetPlaylistsInformation: Clip 119 duration 36 - playlists 68
2026-08-15 15:50:37.113 T:4748    debug <general>: XFILE::CBlurayDirectory::GetPlaylistsInformation: Clip 120 duration 18 - playlists 69
2026-08-15 15:50:37.113 T:4748    debug <general>: XFILE::CBlurayDirectory::GetPlaylistsInformation: Clip 121 duration 18 - playlists 70
2026-08-15 15:50:37.113 T:4748    debug <general>: XFILE::CBlurayDirectory::GetPlaylistsInformation: Clip 122 duration 63 - playlists 71
2026-08-15 15:50:37.113 T:4748    debug <general>: XFILE::CBlurayDirectory::GetPlaylistsInformation: Clip 123 duration 63 - playlists 73
2026-08-15 15:50:37.113 T:4748    debug <general>: XFILE::CBlurayDirectory::GetPlaylistsInformation: Clip 124 duration 657 - playlists 75
2026-08-15 15:50:37.113 T:4748    debug <general>: XFILE::CBlurayDirectory::GetPlaylistsInformation: Clip 125 duration 184 - playlists 76
2026-08-15 15:50:37.113 T:4748    debug <general>: XFILE::CBlurayDirectory::GetPlaylistsInformation: Clip 126 duration 17 - playlists 77
2026-08-15 15:50:37.113 T:4748    debug <general>: XFILE::CBlurayDirectory::GetPlaylistsInformation: Clip 127 duration 17 - playlists 78
2026-08-15 15:50:37.113 T:4748    debug <general>: XFILE::CBlurayDirectory::GetPlaylistsInformation: Clip 128 duration 312 - playlists 79
2026-08-15 15:50:37.113 T:4748    debug <general>: XFILE::CBlurayDirectory::GetPlaylistsInformation: Clip 129 duration 293 - playlists 80
2026-08-15 15:50:37.113 T:4748    debug <general>: XFILE::CBlurayDirectory::GetPlaylistsInformation: Clip 130 duration 1249 - playlists 81
2026-08-15 15:50:37.113 T:4748    debug <general>: XFILE::CBlurayDirectory::GetPlaylistsInformation: Clip 131 duration 245 - playlists 82
2026-08-15 15:50:37.113 T:4748    debug <general>: XFILE::CBlurayDirectory::GetPlaylistsInformation: Clip 132 duration 57 - playlists 83
2026-08-15 15:50:37.113 T:4748    debug <general>: XFILE::CBlurayDirectory::GetPlaylistsInformation: Clip 133 duration 36 - playlists 84
2026-08-15 15:50:37.113 T:4748    debug <general>: XFILE::CBlurayDirectory::GetPlaylistsInformation: Clip 134 duration 489 - playlists 85
2026-08-15 15:50:37.113 T:4748    debug <general>: XFILE::CBlurayDirectory::GetPlaylistsInformation: Clip 135 duration 413 - playlists 85
2026-08-15 15:50:37.113 T:4748    debug <general>: XFILE::CBlurayDirectory::GetPlaylistsInformation: Clip 136 duration 50 - playlists 85
2026-08-15 15:50:37.113 T:4748    debug <general>: XFILE::CBlurayDirectory::GetPlaylistsInformation: Clip 137 duration 65 - playlists 86
2026-08-15 15:50:37.113 T:4748    debug <general>: XFILE::CBlurayDirectory::GetPlaylistsInformation: Clip 138 duration 65 - playlists 86
2026-08-15 15:50:37.113 T:4748    debug <general>: XFILE::CBlurayDirectory::GetPlaylistsInformation: Clip 139 duration 68 - playlists 86
2026-08-15 15:50:37.113 T:4748    debug <general>: XFILE::CBlurayDirectory::GetPlaylistsInformation: Clip 140 duration 65 - playlists 86
2026-08-15 15:50:37.113 T:4748    debug <general>: XFILE::CBlurayDirectory::GetPlaylistsInformation: Clip 141 duration 65 - playlists 86
2026-08-15 15:50:37.113 T:4748    debug <general>: XFILE::CBlurayDirectory::GetPlaylistsInformation: Clip 142 duration 65 - playlists 86
2026-08-15 15:50:37.113 T:4748    debug <general>: XFILE::CBlurayDirectory::GetPlaylistsInformation: Clip 143 duration 65 - playlists 86
2026-08-15 15:50:37.113 T:4748    debug <general>: XFILE::CBlurayDirectory::GetPlaylistsInformation: Clip 144 duration 68 - playlists 86
2026-08-15 15:50:37.113 T:4748    debug <general>: XFILE::CBlurayDirectory::GetPlaylistsInformation: Clip 145 duration 68 - playlists 86
2026-08-15 15:50:37.113 T:4748    debug <general>: XFILE::CBlurayDirectory::GetPlaylistsInformation: Clip 146 duration 68 - playlists 86
2026-08-15 15:50:37.113 T:4748    debug <general>: XFILE::CBlurayDirectory::GetPlaylistsInformation: Clip 147 duration 68 - playlists 86
2026-08-15 15:50:37.113 T:4748    debug <general>: XFILE::CBlurayDirectory::GetPlaylistsInformation: Clip 148 duration 63 - playlists 86
2026-08-15 15:50:37.113 T:4748    debug <general>: XFILE::CBlurayDirectory::GetPlaylistsInformation: Clip 149 duration 67 - playlists 86
2026-08-15 15:50:37.113 T:4748    debug <general>: XFILE::CBlurayDirectory::GetPlaylistsInformation: Clip 150 duration 75 - playlists 86
2026-08-15 15:50:37.113 T:4748    debug <general>: XFILE::CBlurayDirectory::GetPlaylistsInformation: Clip 151 duration 111 - playlists 87
2026-08-15 15:50:37.113 T:4748    debug <general>: XFILE::CBlurayDirectory::GetPlaylistsInformation: Clip 152 duration 17 - playlists 88
2026-08-15 15:50:37.113 T:4748    debug <general>: XFILE::CBlurayDirectory::GetPlaylistsInformation: Clip 153 duration 17 - playlists 89
2026-08-15 15:50:37.113 T:4748    debug <general>: XFILE::CBlurayDirectory::GetPlaylistsInformation: *** Playlist information End ***
2026-08-15 15:50:37.113 T:4748    debug <general>: XFILE::CBlurayDirectory::GetPlaylistsInformation: Playlist information for Z:\test\BDROM\ cached
2026-08-15 15:50:37.114 T:4748    debug <general>: `anonymous-namespace'::InitialiseMoviePlaylistSearch: *** Movie Search Start ***
2026-08-15 15:50:37.114 T:4748    debug <general>: `anonymous-namespace'::InitialiseMoviePlaylistSearch: Looking for main playlist(s) - main playlist unknown
2026-08-15 15:50:37.114 T:4748    debug <general>: `anonymous-namespace'::LogMoviePlaylist: Candidate - playlist 0, duration 00:04, chapters 1, clips 4, langs jpn, subs 
2026-08-15 15:50:37.114 T:4748    debug <general>: `anonymous-namespace'::LogMoviePlaylist: Candidate - playlist 1, duration 00:20, chapters 2, clips 2, langs jpn, subs 
2026-08-15 15:50:37.114 T:4748    debug <general>: `anonymous-namespace'::LogMoviePlaylist: Candidate - playlist 2, duration 00:37, chapters 2, clips 2, langs jpn, subs 
2026-08-15 15:50:37.114 T:4748    debug <general>: `anonymous-namespace'::LogMoviePlaylist: Candidate - playlist 3, duration 01:37, chapters 2, clips 2, langs jpn, subs 
2026-08-15 15:50:37.114 T:4748    debug <general>: `anonymous-namespace'::LogMoviePlaylist: Candidate - playlist 4, duration 01:37, chapters 2, clips 2, langs jpn, subs 
2026-08-15 15:50:37.114 T:4748    debug <general>: `anonymous-namespace'::LogMoviePlaylist: Candidate - playlist 5, duration 01:37, chapters 2, clips 2, langs jpn, subs 
2026-08-15 15:50:37.114 T:4748    debug <general>: `anonymous-namespace'::LogMoviePlaylist: Candidate - playlist 6, duration 00:18, chapters 2, clips 2, langs jpn, subs 
2026-08-15 15:50:37.114 T:4748    debug <general>: `anonymous-namespace'::LogMoviePlaylist: Candidate - playlist 7, duration 00:18, chapters 2, clips 2, langs jpn, subs 
2026-08-15 15:50:37.114 T:4748    debug <general>: `anonymous-namespace'::LogMoviePlaylist: Candidate - playlist 8, duration 00:33, chapters 2, clips 2, langs jpn, subs 
2026-08-15 15:50:37.114 T:4748    debug <general>: `anonymous-namespace'::LogMoviePlaylist: Candidate - playlist 9, duration 00:33, chapters 2, clips 2, langs jpn, subs 
2026-08-15 15:50:37.114 T:4748    debug <general>: `anonymous-namespace'::LogMoviePlaylist: Candidate - playlist 10, duration 02:21, chapters 2, clips 2, langs jpn, subs 
2026-08-15 15:50:37.114 T:4748    debug <general>: `anonymous-namespace'::LogMoviePlaylist: Candidate - playlist 11, duration 15:46, chapters 2, clips 2, langs jpn, subs 
2026-08-15 15:50:37.114 T:4748    debug <general>: `anonymous-namespace'::LogMoviePlaylist: Candidate - playlist 13, duration 00:18, chapters 2, clips 2, langs jpn, subs 
2026-08-15 15:50:37.114 T:4748    debug <general>: `anonymous-namespace'::LogMoviePlaylist: Candidate - playlist 14, duration 00:18, chapters 2, clips 2, langs jpn, subs 
2026-08-15 15:50:37.114 T:4748    debug <general>: `anonymous-namespace'::LogMoviePlaylist: Candidate - playlist 15, duration 00:18, chapters 2, clips 2, langs jpn, subs 
2026-08-15 15:50:37.114 T:4748    debug <general>: `anonymous-namespace'::LogMoviePlaylist: Candidate - playlist 16, duration 00:18, chapters 2, clips 2, langs jpn, subs 
2026-08-15 15:50:37.114 T:4748    debug <general>: `anonymous-namespace'::LogMoviePlaylist: Candidate - playlist 17, duration 00:18, chapters 2, clips 2, langs jpn, subs 
2026-08-15 15:50:37.114 T:4748    debug <general>: `anonymous-namespace'::LogMoviePlaylist: Candidate - playlist 18, duration 00:33, chapters 2, clips 2, langs jpn, subs 
2026-08-15 15:50:37.114 T:4748    debug <general>: `anonymous-namespace'::LogMoviePlaylist: Candidate - playlist 19, duration 00:33, chapters 2, clips 2, langs jpn, subs 
2026-08-15 15:50:37.114 T:4748    debug <general>: `anonymous-namespace'::LogMoviePlaylist: Candidate - playlist 20, duration 00:33, chapters 2, clips 2, langs jpn, subs 
2026-08-15 15:50:37.114 T:4748    debug <general>: `anonymous-namespace'::LogMoviePlaylist: Candidate - playlist 21, duration 00:33, chapters 2, clips 2, langs jpn, subs 
2026-08-15 15:50:37.114 T:4748    debug <general>: `anonymous-namespace'::LogMoviePlaylist: Candidate - playlist 22, duration 00:33, chapters 2, clips 2, langs jpn, subs 
2026-08-15 15:50:37.114 T:4748    debug <general>: `anonymous-namespace'::LogMoviePlaylist: Candidate - playlist 23, duration 02:47, chapters 2, clips 1, langs jpn, subs 
2026-08-15 15:50:37.114 T:4748    debug <general>: `anonymous-namespace'::LogMoviePlaylist: Candidate - playlist 24, duration 01:29, chapters 2, clips 1, langs jpn, subs 
2026-08-15 15:50:37.114 T:4748    debug <general>: `anonymous-namespace'::LogMoviePlaylist: Candidate - playlist 25, duration 00:19, chapters 2, clips 1, langs jpn, subs 
2026-08-15 15:50:37.114 T:4748    debug <general>: `anonymous-namespace'::LogMoviePlaylist: Candidate - playlist 26, duration 00:19, chapters 2, clips 1, langs jpn, subs 
2026-08-15 15:50:37.114 T:4748    debug <general>: `anonymous-namespace'::LogMoviePlaylist: Candidate - playlist 27, duration 00:19, chapters 2, clips 1, langs jpn, subs 
2026-08-15 15:50:37.114 T:4748    debug <general>: `anonymous-namespace'::LogMoviePlaylist: Candidate - playlist 28, duration 00:19, chapters 2, clips 1, langs jpn, subs 
2026-08-15 15:50:37.114 T:4748    debug <general>: `anonymous-namespace'::LogMoviePlaylist: Candidate - playlist 29, duration 00:34, chapters 2, clips 1, langs jpn, subs 
2026-08-15 15:50:37.114 T:4748    debug <general>: `anonymous-namespace'::LogMoviePlaylist: Candidate - playlist 30, duration 00:34, chapters 2, clips 1, langs jpn, subs 
2026-08-15 15:50:37.114 T:4748    debug <general>: `anonymous-namespace'::LogMoviePlaylist: Candidate - playlist 31, duration 00:16, chapters 2, clips 1, langs jpn, subs 
2026-08-15 15:50:37.114 T:4748    debug <general>: `anonymous-namespace'::LogMoviePlaylist: Candidate - playlist 32, duration 00:31, chapters 2, clips 1, langs jpn, subs 
2026-08-15 15:50:37.114 T:4748    debug <general>: `anonymous-namespace'::LogMoviePlaylist: Candidate - playlist 33, duration 00:16, chapters 2, clips 1, langs jpn, subs 
2026-08-15 15:50:37.114 T:4748    debug <general>: `anonymous-namespace'::LogMoviePlaylist: Candidate - playlist 34, duration 03:40, chapters 2, clips 1, langs jpn, subs 
2026-08-15 15:50:37.114 T:4748    debug <general>: `anonymous-namespace'::LogMoviePlaylist: Candidate - playlist 35, duration 22:29, chapters 2, clips 1, langs jpn, subs 
2026-08-15 15:50:37.114 T:4748    debug <general>: `anonymous-namespace'::LogMoviePlaylist: Candidate - playlist 36, duration 01:08, chapters 2, clips 1, langs jpn, subs 
2026-08-15 15:50:37.114 T:4748    debug <general>: `anonymous-namespace'::LogMoviePlaylist: Candidate - playlist 37, duration 00:45, chapters 2, clips 1, langs jpn, subs 
2026-08-15 15:50:37.114 T:4748    debug <general>: `anonymous-namespace'::LogMoviePlaylist: Candidate - playlist 38, duration 00:41, chapters 2, clips 1, langs jpn, subs 
2026-08-15 15:50:37.114 T:4748    debug <general>: `anonymous-namespace'::LogMoviePlaylist: Candidate - playlist 39, duration 00:58, chapters 2, clips 1, langs jpn, subs 
2026-08-15 15:50:37.114 T:4748    debug <general>: `anonymous-namespace'::LogMoviePlaylist: Candidate - playlist 40, duration 04:57, chapters 2, clips 1, langs jpn, subs 
2026-08-15 15:50:37.114 T:4748    debug <general>: `anonymous-namespace'::LogMoviePlaylist: Candidate - playlist 41, duration 04:57, chapters 2, clips 1, langs jpn, subs 
2026-08-15 15:50:37.114 T:4748    debug <general>: `anonymous-namespace'::LogMoviePlaylist: Candidate - playlist 42, duration 04:57, chapters 2, clips 1, langs jpn, subs 
2026-08-15 15:50:37.114 T:4748    debug <general>: `anonymous-namespace'::LogMoviePlaylist: Candidate - playlist 43, duration 01:59, chapters 2, clips 1, langs jpn, subs 
2026-08-15 15:50:37.114 T:4748    debug <general>: `anonymous-namespace'::LogMoviePlaylist: Candidate - playlist 44, duration 00:19, chapters 2, clips 1, langs jpn, subs 
2026-08-15 15:50:37.114 T:4748    debug <general>: `anonymous-namespace'::LogMoviePlaylist: Candidate - playlist 45, duration 00:19, chapters 2, clips 1, langs jpn, subs 
2026-08-15 15:50:37.114 T:4748    debug <general>: `anonymous-namespace'::LogMoviePlaylist: Candidate - playlist 46, duration 09:05, chapters 2, clips 1, langs jpn, subs 
2026-08-15 15:50:37.114 T:4748    debug <general>: `anonymous-namespace'::LogMoviePlaylist: Candidate - playlist 47, duration 15:16, chapters 2, clips 1, langs jpn, subs 
2026-08-15 15:50:37.114 T:4748    debug <general>: `anonymous-namespace'::LogMoviePlaylist: Candidate - playlist 48, duration 06:01, chapters 2, clips 1, langs jpn, subs 
2026-08-15 15:50:37.114 T:4748    debug <general>: `anonymous-namespace'::LogMoviePlaylist: Candidate - playlist 49, duration 08:03, chapters 2, clips 1, langs jpn, subs 
2026-08-15 15:50:37.114 T:4748    debug <general>: `anonymous-namespace'::LogMoviePlaylist: Candidate - playlist 50, duration 01:17, chapters 2, clips 1, langs jpn, subs 
2026-08-15 15:50:37.114 T:4748    debug <general>: `anonymous-namespace'::LogMoviePlaylist: Candidate - playlist 52, duration 01:10, chapters 2, clips 1, langs jpn, subs 
2026-08-15 15:50:37.114 T:4748    debug <general>: `anonymous-namespace'::LogMoviePlaylist: Candidate - playlist 54, duration 01:43, chapters 2, clips 1, langs jpn, subs 
2026-08-15 15:50:37.114 T:4748    debug <general>: `anonymous-namespace'::LogMoviePlaylist: Candidate - playlist 56, duration 01:43, chapters 2, clips 1, langs jpn, subs 
2026-08-15 15:50:37.114 T:4748    debug <general>: `anonymous-namespace'::LogMoviePlaylist: Candidate - playlist 58, duration 00:17, chapters 2, clips 1, langs jpn, subs 
2026-08-15 15:50:37.114 T:4748    debug <general>: `anonymous-namespace'::LogMoviePlaylist: Candidate - playlist 59, duration 00:18, chapters 2, clips 1, langs jpn, subs 
2026-08-15 15:50:37.114 T:4748    debug <general>: `anonymous-namespace'::LogMoviePlaylist: Candidate - playlist 60, duration 00:18, chapters 2, clips 1, langs jpn, subs 
2026-08-15 15:50:37.114 T:4748    debug <general>: `anonymous-namespace'::LogMoviePlaylist: Candidate - playlist 61, duration 00:18, chapters 2, clips 1, langs jpn, subs 
2026-08-15 15:50:37.114 T:4748    debug <general>: `anonymous-namespace'::LogMoviePlaylist: Candidate - playlist 62, duration 00:18, chapters 2, clips 1, langs jpn, subs 
2026-08-15 15:50:37.114 T:4748    debug <general>: `anonymous-namespace'::LogMoviePlaylist: Candidate - playlist 63, duration 08:34, chapters 33, clips 32, langs jpn, subs 
2026-08-15 15:50:37.114 T:4748    debug <general>: `anonymous-namespace'::LogMoviePlaylist: Candidate - playlist 64, duration 00:33, chapters 2, clips 1, langs jpn, subs 
2026-08-15 15:50:37.114 T:4748    debug <general>: `anonymous-namespace'::LogMoviePlaylist: Candidate - playlist 65, duration 03:05, chapters 2, clips 1, langs jpn, subs 
2026-08-15 15:50:37.114 T:4748    debug <general>: `anonymous-namespace'::LogMoviePlaylist: Candidate - playlist 66, duration 01:33, chapters 2, clips 1, langs jpn, subs 
2026-08-15 15:50:37.114 T:4748    debug <general>: `anonymous-namespace'::LogMoviePlaylist: Candidate - playlist 67, duration 01:05, chapters 2, clips 1, langs jpn, subs 
2026-08-15 15:50:37.114 T:4748    debug <general>: `anonymous-namespace'::LogMoviePlaylist: Candidate - playlist 68, duration 00:36, chapters 2, clips 1, langs jpn, subs 
2026-08-15 15:50:37.114 T:4748    debug <general>: `anonymous-namespace'::LogMoviePlaylist: Candidate - playlist 69, duration 00:18, chapters 2, clips 1, langs jpn, subs 
2026-08-15 15:50:37.114 T:4748    debug <general>: `anonymous-namespace'::LogMoviePlaylist: Candidate - playlist 70, duration 00:18, chapters 2, clips 1, langs jpn, subs 
2026-08-15 15:50:37.114 T:4748    debug <general>: `anonymous-namespace'::LogMoviePlaylist: Candidate - playlist 71, duration 01:03, chapters 2, clips 1, langs jpn, subs 
2026-08-15 15:50:37.114 T:4748    debug <general>: `anonymous-namespace'::LogMoviePlaylist: Candidate - playlist 73, duration 01:03, chapters 2, clips 1, langs jpn, subs 
2026-08-15 15:50:37.114 T:4748    debug <general>: `anonymous-namespace'::LogMoviePlaylist: Candidate - playlist 75, duration 10:57, chapters 2, clips 1, langs jpn, subs 
2026-08-15 15:50:37.114 T:4748    debug <general>: `anonymous-namespace'::LogMoviePlaylist: Candidate - playlist 76, duration 03:04, chapters 2, clips 1, langs jpn, subs 
2026-08-15 15:50:37.114 T:4748    debug <general>: `anonymous-namespace'::LogMoviePlaylist: Candidate - playlist 77, duration 00:17, chapters 2, clips 1, langs jpn, subs 
2026-08-15 15:50:37.114 T:4748    debug <general>: `anonymous-namespace'::LogMoviePlaylist: Candidate - playlist 78, duration 00:17, chapters 2, clips 1, langs jpn, subs 
2026-08-15 15:50:37.114 T:4748    debug <general>: `anonymous-namespace'::LogMoviePlaylist: Candidate - playlist 79, duration 05:12, chapters 2, clips 1, langs jpn, subs 
2026-08-15 15:50:37.114 T:4748    debug <general>: `anonymous-namespace'::LogMoviePlaylist: Candidate - playlist 80, duration 04:53, chapters 2, clips 1, langs jpn, subs 
2026-08-15 15:50:37.114 T:4748    debug <general>: `anonymous-namespace'::LogMoviePlaylist: Candidate - playlist 81, duration 20:49, chapters 2, clips 1, langs jpn, subs 
2026-08-15 15:50:37.114 T:4748    debug <general>: `anonymous-namespace'::LogMoviePlaylist: Candidate - playlist 82, duration 04:05, chapters 2, clips 1, langs jpn, subs 
2026-08-15 15:50:37.114 T:4748    debug <general>: `anonymous-namespace'::LogMoviePlaylist: Candidate - playlist 83, duration 00:57, chapters 2, clips 1, langs jpn, subs 
2026-08-15 15:50:37.114 T:4748    debug <general>: `anonymous-namespace'::LogMoviePlaylist: Candidate - playlist 84, duration 00:36, chapters 2, clips 1, langs jpn, subs 
2026-08-15 15:50:37.114 T:4748    debug <general>: `anonymous-namespace'::LogMoviePlaylist: Candidate - playlist 85, duration 15:54, chapters 2, clips 3, langs jpn, subs 
2026-08-15 15:50:37.114 T:4748    debug <general>: `anonymous-namespace'::LogMoviePlaylist: Candidate - playlist 86, duration 15:42, chapters 15, clips 14, langs jpn, subs 
2026-08-15 15:50:37.114 T:4748    debug <general>: `anonymous-namespace'::LogMoviePlaylist: Candidate - playlist 87, duration 01:51, chapters 2, clips 1, langs jpn, subs 
2026-08-15 15:50:37.114 T:4748    debug <general>: `anonymous-namespace'::LogMoviePlaylist: Candidate - playlist 88, duration 00:17, chapters 2, clips 1, langs jpn, subs 
2026-08-15 15:50:37.114 T:4748    debug <general>: `anonymous-namespace'::LogMoviePlaylist: Candidate - playlist 89, duration 00:17, chapters 2, clips 1, langs jpn, subs 
2026-08-15 15:50:37.114 T:4748    debug <general>: `anonymous-namespace'::LogMoviePlaylist: Candidate - playlist 90, duration 00:30, chapters 1, clips 3, langs jpn, subs 
2026-08-15 15:50:37.114 T:4748    debug <general>: `anonymous-namespace'::LogMoviePlaylist: Rejected (playlist 40 presents the same content as fully) - playlist 41, duration 04:57, chapters 2, clips 1, langs jpn, subs 
2026-08-15 15:50:37.114 T:4748    debug <general>: `anonymous-namespace'::LogMoviePlaylist: Rejected (playlist 40 presents the same content as fully) - playlist 42, duration 04:57, chapters 2, clips 1, langs jpn, subs 
2026-08-15 15:50:37.114 T:4748    debug <general>: `anonymous-namespace'::LogMoviePlaylist: Rejected (shorter than minimum movie duration) - playlist 0, duration 00:04, chapters 1, clips 4, langs jpn, subs 
2026-08-15 15:50:37.114 T:4748    debug <general>: `anonymous-namespace'::LogMoviePlaylist: Rejected (shorter than minimum movie duration) - playlist 1, duration 00:20, chapters 2, clips 2, langs jpn, subs 
2026-08-15 15:50:37.114 T:4748    debug <general>: `anonymous-namespace'::LogMoviePlaylist: Rejected (shorter than minimum movie duration) - playlist 2, duration 00:37, chapters 2, clips 2, langs jpn, subs 
2026-08-15 15:50:37.114 T:4748    debug <general>: `anonymous-namespace'::LogMoviePlaylist: Rejected (shorter than minimum movie duration) - playlist 3, duration 01:37, chapters 2, clips 2, langs jpn, subs 
2026-08-15 15:50:37.114 T:4748    debug <general>: `anonymous-namespace'::LogMoviePlaylist: Rejected (shorter than minimum movie duration) - playlist 4, duration 01:37, chapters 2, clips 2, langs jpn, subs 
2026-08-15 15:50:37.114 T:4748    debug <general>: `anonymous-namespace'::LogMoviePlaylist: Rejected (shorter than minimum movie duration) - playlist 5, duration 01:37, chapters 2, clips 2, langs jpn, subs 
2026-08-15 15:50:37.114 T:4748    debug <general>: `anonymous-namespace'::LogMoviePlaylist: Rejected (shorter than minimum movie duration) - playlist 6, duration 00:18, chapters 2, clips 2, langs jpn, subs 
2026-08-15 15:50:37.114 T:4748    debug <general>: `anonymous-namespace'::LogMoviePlaylist: Rejected (shorter than minimum movie duration) - playlist 7, duration 00:18, chapters 2, clips 2, langs jpn, subs 
2026-08-15 15:50:37.114 T:4748    debug <general>: `anonymous-namespace'::LogMoviePlaylist: Rejected (shorter than minimum movie duration) - playlist 8, duration 00:33, chapters 2, clips 2, langs jpn, subs 
2026-08-15 15:50:37.114 T:4748    debug <general>: `anonymous-namespace'::LogMoviePlaylist: Rejected (shorter than minimum movie duration) - playlist 9, duration 00:33, chapters 2, clips 2, langs jpn, subs 
2026-08-15 15:50:37.114 T:4748    debug <general>: `anonymous-namespace'::LogMoviePlaylist: Rejected (shorter than minimum movie duration) - playlist 10, duration 02:21, chapters 2, clips 2, langs jpn, subs 
2026-08-15 15:50:37.114 T:4748    debug <general>: `anonymous-namespace'::LogMoviePlaylist: Rejected (shorter than minimum movie duration) - playlist 11, duration 15:46, chapters 2, clips 2, langs jpn, subs 
2026-08-15 15:50:37.114 T:4748    debug <general>: `anonymous-namespace'::LogMoviePlaylist: Rejected (shorter than minimum movie duration) - playlist 13, duration 00:18, chapters 2, clips 2, langs jpn, subs 
2026-08-15 15:50:37.114 T:4748    debug <general>: `anonymous-namespace'::LogMoviePlaylist: Rejected (shorter than minimum movie duration) - playlist 14, duration 00:18, chapters 2, clips 2, langs jpn, subs 
2026-08-15 15:50:37.114 T:4748    debug <general>: `anonymous-namespace'::LogMoviePlaylist: Rejected (shorter than minimum movie duration) - playlist 15, duration 00:18, chapters 2, clips 2, langs jpn, subs 
2026-08-15 15:50:37.114 T:4748    debug <general>: `anonymous-namespace'::LogMoviePlaylist: Rejected (shorter than minimum movie duration) - playlist 16, duration 00:18, chapters 2, clips 2, langs jpn, subs 
2026-08-15 15:50:37.114 T:4748    debug <general>: `anonymous-namespace'::LogMoviePlaylist: Rejected (shorter than minimum movie duration) - playlist 17, duration 00:18, chapters 2, clips 2, langs jpn, subs 
2026-08-15 15:50:37.114 T:4748    debug <general>: `anonymous-namespace'::LogMoviePlaylist: Rejected (shorter than minimum movie duration) - playlist 18, duration 00:33, chapters 2, clips 2, langs jpn, subs 
2026-08-15 15:50:37.114 T:4748    debug <general>: `anonymous-namespace'::LogMoviePlaylist: Rejected (shorter than minimum movie duration) - playlist 19, duration 00:33, chapters 2, clips 2, langs jpn, subs 
2026-08-15 15:50:37.114 T:4748    debug <general>: `anonymous-namespace'::LogMoviePlaylist: Rejected (shorter than minimum movie duration) - playlist 20, duration 00:33, chapters 2, clips 2, langs jpn, subs 
2026-08-15 15:50:37.114 T:4748    debug <general>: `anonymous-namespace'::LogMoviePlaylist: Rejected (shorter than minimum movie duration) - playlist 21, duration 00:33, chapters 2, clips 2, langs jpn, subs 
2026-08-15 15:50:37.114 T:4748    debug <general>: `anonymous-namespace'::LogMoviePlaylist: Rejected (shorter than minimum movie duration) - playlist 22, duration 00:33, chapters 2, clips 2, langs jpn, subs 
2026-08-15 15:50:37.114 T:4748    debug <general>: `anonymous-namespace'::LogMoviePlaylist: Rejected (shorter than minimum movie duration) - playlist 23, duration 02:47, chapters 2, clips 1, langs jpn, subs 
2026-08-15 15:50:37.114 T:4748    debug <general>: `anonymous-namespace'::LogMoviePlaylist: Rejected (shorter than minimum movie duration) - playlist 24, duration 01:29, chapters 2, clips 1, langs jpn, subs 
2026-08-15 15:50:37.114 T:4748    debug <general>: `anonymous-namespace'::LogMoviePlaylist: Rejected (shorter than minimum movie duration) - playlist 25, duration 00:19, chapters 2, clips 1, langs jpn, subs 
2026-08-15 15:50:37.114 T:4748    debug <general>: `anonymous-namespace'::LogMoviePlaylist: Rejected (shorter than minimum movie duration) - playlist 26, duration 00:19, chapters 2, clips 1, langs jpn, subs 
2026-08-15 15:50:37.114 T:4748    debug <general>: `anonymous-namespace'::LogMoviePlaylist: Rejected (shorter than minimum movie duration) - playlist 27, duration 00:19, chapters 2, clips 1, langs jpn, subs 
2026-08-15 15:50:37.114 T:4748    debug <general>: `anonymous-namespace'::LogMoviePlaylist: Rejected (shorter than minimum movie duration) - playlist 28, duration 00:19, chapters 2, clips 1, langs jpn, subs 
2026-08-15 15:50:37.114 T:4748    debug <general>: `anonymous-namespace'::LogMoviePlaylist: Rejected (shorter than minimum movie duration) - playlist 29, duration 00:34, chapters 2, clips 1, langs jpn, subs 
2026-08-15 15:50:37.114 T:4748    debug <general>: `anonymous-namespace'::LogMoviePlaylist: Rejected (shorter than minimum movie duration) - playlist 30, duration 00:34, chapters 2, clips 1, langs jpn, subs 
2026-08-15 15:50:37.114 T:4748    debug <general>: `anonymous-namespace'::LogMoviePlaylist: Rejected (shorter than minimum movie duration) - playlist 31, duration 00:16, chapters 2, clips 1, langs jpn, subs 
2026-08-15 15:50:37.114 T:4748    debug <general>: `anonymous-namespace'::LogMoviePlaylist: Rejected (shorter than minimum movie duration) - playlist 32, duration 00:31, chapters 2, clips 1, langs jpn, subs 
2026-08-15 15:50:37.114 T:4748    debug <general>: `anonymous-namespace'::LogMoviePlaylist: Rejected (shorter than minimum movie duration) - playlist 33, duration 00:16, chapters 2, clips 1, langs jpn, subs 
2026-08-15 15:50:37.114 T:4748    debug <general>: `anonymous-namespace'::LogMoviePlaylist: Rejected (shorter than minimum movie duration) - playlist 34, duration 03:40, chapters 2, clips 1, langs jpn, subs 
2026-08-15 15:50:37.114 T:4748    debug <general>: `anonymous-namespace'::LogMoviePlaylist: Rejected (shorter than minimum movie duration) - playlist 35, duration 22:29, chapters 2, clips 1, langs jpn, subs 
2026-08-15 15:50:37.114 T:4748    debug <general>: `anonymous-namespace'::LogMoviePlaylist: Rejected (shorter than minimum movie duration) - playlist 36, duration 01:08, chapters 2, clips 1, langs jpn, subs 
2026-08-15 15:50:37.114 T:4748    debug <general>: `anonymous-namespace'::LogMoviePlaylist: Rejected (shorter than minimum movie duration) - playlist 37, duration 00:45, chapters 2, clips 1, langs jpn, subs 
2026-08-15 15:50:37.114 T:4748    debug <general>: `anonymous-namespace'::LogMoviePlaylist: Rejected (shorter than minimum movie duration) - playlist 38, duration 00:41, chapters 2, clips 1, langs jpn, subs 
2026-08-15 15:50:37.114 T:4748    debug <general>: `anonymous-namespace'::LogMoviePlaylist: Rejected (shorter than minimum movie duration) - playlist 39, duration 00:58, chapters 2, clips 1, langs jpn, subs 
2026-08-15 15:50:37.114 T:4748    debug <general>: `anonymous-namespace'::LogMoviePlaylist: Rejected (shorter than minimum movie duration) - playlist 40, duration 04:57, chapters 2, clips 1, langs jpn, subs 
2026-08-15 15:50:37.114 T:4748    debug <general>: `anonymous-namespace'::LogMoviePlaylist: Rejected (shorter than minimum movie duration) - playlist 43, duration 01:59, chapters 2, clips 1, langs jpn, subs 
2026-08-15 15:50:37.114 T:4748    debug <general>: `anonymous-namespace'::LogMoviePlaylist: Rejected (shorter than minimum movie duration) - playlist 44, duration 00:19, chapters 2, clips 1, langs jpn, subs 
2026-08-15 15:50:37.115 T:4748    debug <general>: `anonymous-namespace'::LogMoviePlaylist: Rejected (shorter than minimum movie duration) - playlist 45, duration 00:19, chapters 2, clips 1, langs jpn, subs 
2026-08-15 15:50:37.115 T:4748    debug <general>: `anonymous-namespace'::LogMoviePlaylist: Rejected (shorter than minimum movie duration) - playlist 46, duration 09:05, chapters 2, clips 1, langs jpn, subs 
2026-08-15 15:50:37.115 T:4748    debug <general>: `anonymous-namespace'::LogMoviePlaylist: Rejected (shorter than minimum movie duration) - playlist 47, duration 15:16, chapters 2, clips 1, langs jpn, subs 
2026-08-15 15:50:37.115 T:4748    debug <general>: `anonymous-namespace'::LogMoviePlaylist: Rejected (shorter than minimum movie duration) - playlist 48, duration 06:01, chapters 2, clips 1, langs jpn, subs 
2026-08-15 15:50:37.115 T:4748    debug <general>: `anonymous-namespace'::LogMoviePlaylist: Rejected (shorter than minimum movie duration) - playlist 49, duration 08:03, chapters 2, clips 1, langs jpn, subs 
2026-08-15 15:50:37.115 T:4748    debug <general>: `anonymous-namespace'::LogMoviePlaylist: Rejected (shorter than minimum movie duration) - playlist 50, duration 01:17, chapters 2, clips 1, langs jpn, subs 
2026-08-15 15:50:37.115 T:4748    debug <general>: `anonymous-namespace'::LogMoviePlaylist: Rejected (shorter than minimum movie duration) - playlist 52, duration 01:10, chapters 2, clips 1, langs jpn, subs 
2026-08-15 15:50:37.115 T:4748    debug <general>: `anonymous-namespace'::LogMoviePlaylist: Rejected (shorter than minimum movie duration) - playlist 54, duration 01:43, chapters 2, clips 1, langs jpn, subs 
2026-08-15 15:50:37.115 T:4748    debug <general>: `anonymous-namespace'::LogMoviePlaylist: Rejected (shorter than minimum movie duration) - playlist 56, duration 01:43, chapters 2, clips 1, langs jpn, subs 
2026-08-15 15:50:37.115 T:4748    debug <general>: `anonymous-namespace'::LogMoviePlaylist: Rejected (shorter than minimum movie duration) - playlist 58, duration 00:17, chapters 2, clips 1, langs jpn, subs 
2026-08-15 15:50:37.115 T:4748    debug <general>: `anonymous-namespace'::LogMoviePlaylist: Rejected (shorter than minimum movie duration) - playlist 59, duration 00:18, chapters 2, clips 1, langs jpn, subs 
2026-08-15 15:50:37.115 T:4748    debug <general>: `anonymous-namespace'::LogMoviePlaylist: Rejected (shorter than minimum movie duration) - playlist 60, duration 00:18, chapters 2, clips 1, langs jpn, subs 
2026-08-15 15:50:37.115 T:4748    debug <general>: `anonymous-namespace'::LogMoviePlaylist: Rejected (shorter than minimum movie duration) - playlist 61, duration 00:18, chapters 2, clips 1, langs jpn, subs 
2026-08-15 15:50:37.115 T:4748    debug <general>: `anonymous-namespace'::LogMoviePlaylist: Rejected (shorter than minimum movie duration) - playlist 62, duration 00:18, chapters 2, clips 1, langs jpn, subs 
2026-08-15 15:50:37.115 T:4748    debug <general>: `anonymous-namespace'::LogMoviePlaylist: Rejected (shorter than minimum movie duration) - playlist 63, duration 08:34, chapters 33, clips 32, langs jpn, subs 
2026-08-15 15:50:37.115 T:4748    debug <general>: `anonymous-namespace'::LogMoviePlaylist: Rejected (shorter than minimum movie duration) - playlist 64, duration 00:33, chapters 2, clips 1, langs jpn, subs 
2026-08-15 15:50:37.115 T:4748    debug <general>: `anonymous-namespace'::LogMoviePlaylist: Rejected (shorter than minimum movie duration) - playlist 65, duration 03:05, chapters 2, clips 1, langs jpn, subs 
2026-08-15 15:50:37.115 T:4748    debug <general>: `anonymous-namespace'::LogMoviePlaylist: Rejected (shorter than minimum movie duration) - playlist 66, duration 01:33, chapters 2, clips 1, langs jpn, subs 
2026-08-15 15:50:37.115 T:4748    debug <general>: `anonymous-namespace'::LogMoviePlaylist: Rejected (shorter than minimum movie duration) - playlist 67, duration 01:05, chapters 2, clips 1, langs jpn, subs 
2026-08-15 15:50:37.115 T:4748    debug <general>: `anonymous-namespace'::LogMoviePlaylist: Rejected (shorter than minimum movie duration) - playlist 68, duration 00:36, chapters 2, clips 1, langs jpn, subs 
2026-08-15 15:50:37.115 T:4748    debug <general>: `anonymous-namespace'::LogMoviePlaylist: Rejected (shorter than minimum movie duration) - playlist 69, duration 00:18, chapters 2, clips 1, langs jpn, subs 
2026-08-15 15:50:37.115 T:4748    debug <general>: `anonymous-namespace'::LogMoviePlaylist: Rejected (shorter than minimum movie duration) - playlist 70, duration 00:18, chapters 2, clips 1, langs jpn, subs 
2026-08-15 15:50:37.115 T:4748    debug <general>: `anonymous-namespace'::LogMoviePlaylist: Rejected (shorter than minimum movie duration) - playlist 71, duration 01:03, chapters 2, clips 1, langs jpn, subs 
2026-08-15 15:50:37.115 T:4748    debug <general>: `anonymous-namespace'::LogMoviePlaylist: Rejected (shorter than minimum movie duration) - playlist 73, duration 01:03, chapters 2, clips 1, langs jpn, subs 
2026-08-15 15:50:37.115 T:4748    debug <general>: `anonymous-namespace'::LogMoviePlaylist: Rejected (shorter than minimum movie duration) - playlist 75, duration 10:57, chapters 2, clips 1, langs jpn, subs 
2026-08-15 15:50:37.115 T:4748    debug <general>: `anonymous-namespace'::LogMoviePlaylist: Rejected (shorter than minimum movie duration) - playlist 76, duration 03:04, chapters 2, clips 1, langs jpn, subs 
2026-08-15 15:50:37.115 T:4748    debug <general>: `anonymous-namespace'::LogMoviePlaylist: Rejected (shorter than minimum movie duration) - playlist 77, duration 00:17, chapters 2, clips 1, langs jpn, subs 
2026-08-15 15:50:37.115 T:4748    debug <general>: `anonymous-namespace'::LogMoviePlaylist: Rejected (shorter than minimum movie duration) - playlist 78, duration 00:17, chapters 2, clips 1, langs jpn, subs 
2026-08-15 15:50:37.115 T:4748    debug <general>: `anonymous-namespace'::LogMoviePlaylist: Rejected (shorter than minimum movie duration) - playlist 79, duration 05:12, chapters 2, clips 1, langs jpn, subs 
2026-08-15 15:50:37.115 T:4748    debug <general>: `anonymous-namespace'::LogMoviePlaylist: Rejected (shorter than minimum movie duration) - playlist 80, duration 04:53, chapters 2, clips 1, langs jpn, subs 
2026-08-15 15:50:37.115 T:4748    debug <general>: `anonymous-namespace'::LogMoviePlaylist: Rejected (shorter than minimum movie duration) - playlist 81, duration 20:49, chapters 2, clips 1, langs jpn, subs 
2026-08-15 15:50:37.115 T:4748    debug <general>: `anonymous-namespace'::LogMoviePlaylist: Rejected (shorter than minimum movie duration) - playlist 82, duration 04:05, chapters 2, clips 1, langs jpn, subs 
2026-08-15 15:50:37.115 T:4748    debug <general>: `anonymous-namespace'::LogMoviePlaylist: Rejected (shorter than minimum movie duration) - playlist 83, duration 00:57, chapters 2, clips 1, langs jpn, subs 
2026-08-15 15:50:37.115 T:4748    debug <general>: `anonymous-namespace'::LogMoviePlaylist: Rejected (shorter than minimum movie duration) - playlist 84, duration 00:36, chapters 2, clips 1, langs jpn, subs 
2026-08-15 15:50:37.115 T:4748    debug <general>: `anonymous-namespace'::LogMoviePlaylist: Rejected (shorter than minimum movie duration) - playlist 85, duration 15:54, chapters 2, clips 3, langs jpn, subs 
2026-08-15 15:50:37.115 T:4748    debug <general>: `anonymous-namespace'::LogMoviePlaylist: Rejected (shorter than minimum movie duration) - playlist 86, duration 15:42, chapters 15, clips 14, langs jpn, subs 
2026-08-15 15:50:37.115 T:4748    debug <general>: `anonymous-namespace'::LogMoviePlaylist: Rejected (shorter than minimum movie duration) - playlist 87, duration 01:51, chapters 2, clips 1, langs jpn, subs 
2026-08-15 15:50:37.115 T:4748    debug <general>: `anonymous-namespace'::LogMoviePlaylist: Rejected (shorter than minimum movie duration) - playlist 88, duration 00:17, chapters 2, clips 1, langs jpn, subs 
2026-08-15 15:50:37.115 T:4748    debug <general>: `anonymous-namespace'::LogMoviePlaylist: Rejected (shorter than minimum movie duration) - playlist 89, duration 00:17, chapters 2, clips 1, langs jpn, subs 
2026-08-15 15:50:37.115 T:4748    debug <general>: `anonymous-namespace'::LogMoviePlaylist: Rejected (shorter than minimum movie duration) - playlist 90, duration 00:30, chapters 1, clips 3, langs jpn, subs 
2026-08-15 15:50:37.115 T:4748    debug <general>: `anonymous-namespace'::FilterMoviePlaylists: No playlists of at least minimum movie duration
2026-08-15 15:50:37.115 T:4748    debug <general>: `anonymous-namespace'::LogMoviePlaylists: Selected - none
2026-08-15 15:50:37.115 T:4748    debug <general>: `anonymous-namespace'::EndMoviePlaylistSearch: *** Movie Search End ***
2026-08-15 15:50:37.115 T:4748    debug <general>: CBlurayCallback::Logger - ../src/libbluray/bluray.c:1484: libbluray version 1.5.0
                                                   
2026-08-15 15:50:37.115 T:4748    debug <general>: CBlurayCallback::Logger - ../src/libbluray/bluray.c:1511: BLURAY initialized!
                                                   
2026-08-15 15:50:37.115 T:4748    debug <general>: CBlurayCallback::Logger - ../src/libbluray/register.c:418: bd_psr_write(18, 16777215): no change in value
                                                   
2026-08-15 15:50:37.115 T:4748    debug <general>: CBlurayCallback::Logger - ../src/libbluray/disc/disc.c:333: failed opening UDF image (null)
                                                   
2026-08-15 15:50:37.115 T:4748    debug <general>: CBlurayCallback - Error opening file! (Z:\test\BDROM\AACS\Unit_Key_RO.inf)
2026-08-15 15:50:37.115 T:4748    debug <general>: CBlurayCallback::Logger - ../src/libbluray/disc/aacs.c:83: AACS\Unit_Key_RO.inf not found. No AACS protection.
                                                   
2026-08-15 15:50:37.120 T:4748    debug <general>: CBlurayCallback - Opening dir Z:\test\BDROM\BDMV\META\DL
2026-08-15 15:50:37.121 T:4748    error <general>: XFILE::CDirectory::GetDirectory - Error getting Z:\test\BDROM\BDMV\META\DL
2026-08-15 15:50:37.121 T:4748    debug <general>: CBlurayCallback - Error opening dir! (Z:\test\BDROM\BDMV\META\DL)
2026-08-15 15:50:37.121 T:4748    debug <general>: CBlurayCallback - Opening dir Z:\test\BDROM\BDMV\META\TN
2026-08-15 15:50:37.121 T:4748    error <general>: XFILE::CDirectory::GetDirectory - Error getting Z:\test\BDROM\BDMV\META\TN
2026-08-15 15:50:37.121 T:4748    debug <general>: CBlurayCallback - Error opening dir! (Z:\test\BDROM\BDMV\META\TN)
2026-08-15 15:50:37.121 T:4748    debug <general>: XFILE::CBlurayDirectory::HasMenuSupport: Disc Z:\test\BDROM supports menus
2026-08-15 15:50:37.121 T:4748    error <general>: XFILE::CDirectory::GetDirectory - Error getting bluray://Z%3a%5ctest%5cBDROM%5c/root/titles
2026-08-15 15:50:37.121 T:4748    debug <general>: CBlurayCallback::Logger - ../src/libbluray/bluray.c:1633: BLURAY destroyed!
                                                   
2026-08-15 15:50:37.121 T:4748    debug <general>: Thread waiting 4748 terminating
2026-08-15 15:50:37.138 T:3928    debug <general>: ------ Window Deinit (DialogBusy.xml) ------
2026-08-15 15:50:37.170 T:3928    error <general>: XFILE::CDiscDirectoryHelper::GetItems: Failed to get play directory for bluray://Z%3a%5ctest%5cBDROM%5c/root/titles
2026-08-15 15:50:37.170 T:5348    debug <general>: Thread waiting start, auto delete: false
2026-08-15 15:50:37.185 T:5348    debug <general>: XFILE::CBlurayDirectory::GetPlaylistsInformation: Playlist information for Z:\test\BDROM\ retrieved from cache
2026-08-15 15:50:37.185 T:5348    debug <general>: `anonymous-namespace'::InitialiseMoviePlaylistSearch: *** Movie Search Start ***
2026-08-15 15:50:37.185 T:5348    debug <general>: `anonymous-namespace'::InitialiseMoviePlaylistSearch: Looking for all playlists - main playlist unknown
2026-08-15 15:50:37.185 T:5348    debug <general>: `anonymous-namespace'::LogMoviePlaylist: Candidate - playlist 0, duration 00:04, chapters 1, clips 4, langs jpn, subs 
2026-08-15 15:50:37.185 T:5348    debug <general>: `anonymous-namespace'::LogMoviePlaylist: Candidate - playlist 1, duration 00:20, chapters 2, clips 2, langs jpn, subs 
2026-08-15 15:50:37.185 T:5348    debug <general>: `anonymous-namespace'::LogMoviePlaylist: Candidate - playlist 2, duration 00:37, chapters 2, clips 2, langs jpn, subs 
2026-08-15 15:50:37.185 T:5348    debug <general>: `anonymous-namespace'::LogMoviePlaylist: Candidate - playlist 3, duration 01:37, chapters 2, clips 2, langs jpn, subs 
2026-08-15 15:50:37.185 T:5348    debug <general>: `anonymous-namespace'::LogMoviePlaylist: Candidate - playlist 4, duration 01:37, chapters 2, clips 2, langs jpn, subs 
2026-08-15 15:50:37.185 T:5348    debug <general>: `anonymous-namespace'::LogMoviePlaylist: Candidate - playlist 5, duration 01:37, chapters 2, clips 2, langs jpn, subs 
2026-08-15 15:50:37.185 T:5348    debug <general>: `anonymous-namespace'::LogMoviePlaylist: Candidate - playlist 6, duration 00:18, chapters 2, clips 2, langs jpn, subs 
2026-08-15 15:50:37.185 T:5348    debug <general>: `anonymous-namespace'::LogMoviePlaylist: Candidate - playlist 7, duration 00:18, chapters 2, clips 2, langs jpn, subs 
2026-08-15 15:50:37.185 T:5348    debug <general>: `anonymous-namespace'::LogMoviePlaylist: Candidate - playlist 8, duration 00:33, chapters 2, clips 2, langs jpn, subs 
2026-08-15 15:50:37.185 T:5348    debug <general>: `anonymous-namespace'::LogMoviePlaylist: Candidate - playlist 9, duration 00:33, chapters 2, clips 2, langs jpn, subs 
2026-08-15 15:50:37.185 T:5348    debug <general>: `anonymous-namespace'::LogMoviePlaylist: Candidate - playlist 10, duration 02:21, chapters 2, clips 2, langs jpn, subs 
2026-08-15 15:50:37.185 T:5348    debug <general>: `anonymous-namespace'::LogMoviePlaylist: Candidate - playlist 11, duration 15:46, chapters 2, clips 2, langs jpn, subs 
2026-08-15 15:50:37.185 T:5348    debug <general>: `anonymous-namespace'::LogMoviePlaylist: Candidate - playlist 13, duration 00:18, chapters 2, clips 2, langs jpn, subs 
2026-08-15 15:50:37.185 T:5348    debug <general>: `anonymous-namespace'::LogMoviePlaylist: Candidate - playlist 14, duration 00:18, chapters 2, clips 2, langs jpn, subs 
2026-08-15 15:50:37.185 T:5348    debug <general>: `anonymous-namespace'::LogMoviePlaylist: Candidate - playlist 15, duration 00:18, chapters 2, clips 2, langs jpn, subs 
2026-08-15 15:50:37.185 T:5348    debug <general>: `anonymous-namespace'::LogMoviePlaylist: Candidate - playlist 16, duration 00:18, chapters 2, clips 2, langs jpn, subs 
2026-08-15 15:50:37.185 T:5348    debug <general>: `anonymous-namespace'::LogMoviePlaylist: Candidate - playlist 17, duration 00:18, chapters 2, clips 2, langs jpn, subs 
2026-08-15 15:50:37.185 T:5348    debug <general>: `anonymous-namespace'::LogMoviePlaylist: Candidate - playlist 18, duration 00:33, chapters 2, clips 2, langs jpn, subs 
2026-08-15 15:50:37.185 T:5348    debug <general>: `anonymous-namespace'::LogMoviePlaylist: Candidate - playlist 19, duration 00:33, chapters 2, clips 2, langs jpn, subs 
2026-08-15 15:50:37.185 T:5348    debug <general>: `anonymous-namespace'::LogMoviePlaylist: Candidate - playlist 20, duration 00:33, chapters 2, clips 2, langs jpn, subs 
2026-08-15 15:50:37.185 T:5348    debug <general>: `anonymous-namespace'::LogMoviePlaylist: Candidate - playlist 21, duration 00:33, chapters 2, clips 2, langs jpn, subs 
2026-08-15 15:50:37.185 T:5348    debug <general>: `anonymous-namespace'::LogMoviePlaylist: Candidate - playlist 22, duration 00:33, chapters 2, clips 2, langs jpn, subs 
2026-08-15 15:50:37.185 T:5348    debug <general>: `anonymous-namespace'::LogMoviePlaylist: Candidate - playlist 23, duration 02:47, chapters 2, clips 1, langs jpn, subs 
2026-08-15 15:50:37.185 T:5348    debug <general>: `anonymous-namespace'::LogMoviePlaylist: Candidate - playlist 24, duration 01:29, chapters 2, clips 1, langs jpn, subs 
2026-08-15 15:50:37.185 T:5348    debug <general>: `anonymous-namespace'::LogMoviePlaylist: Candidate - playlist 25, duration 00:19, chapters 2, clips 1, langs jpn, subs 
2026-08-15 15:50:37.185 T:5348    debug <general>: `anonymous-namespace'::LogMoviePlaylist: Candidate - playlist 26, duration 00:19, chapters 2, clips 1, langs jpn, subs 
2026-08-15 15:50:37.185 T:5348    debug <general>: `anonymous-namespace'::LogMoviePlaylist: Candidate - playlist 27, duration 00:19, chapters 2, clips 1, langs jpn, subs 
2026-08-15 15:50:37.185 T:5348    debug <general>: `anonymous-namespace'::LogMoviePlaylist: Candidate - playlist 28, duration 00:19, chapters 2, clips 1, langs jpn, subs 
2026-08-15 15:50:37.185 T:5348    debug <general>: `anonymous-namespace'::LogMoviePlaylist: Candidate - playlist 29, duration 00:34, chapters 2, clips 1, langs jpn, subs 
2026-08-15 15:50:37.185 T:5348    debug <general>: `anonymous-namespace'::LogMoviePlaylist: Candidate - playlist 30, duration 00:34, chapters 2, clips 1, langs jpn, subs 
2026-08-15 15:50:37.185 T:5348    debug <general>: `anonymous-namespace'::LogMoviePlaylist: Candidate - playlist 31, duration 00:16, chapters 2, clips 1, langs jpn, subs 
2026-08-15 15:50:37.185 T:5348    debug <general>: `anonymous-namespace'::LogMoviePlaylist: Candidate - playlist 32, duration 00:31, chapters 2, clips 1, langs jpn, subs 
2026-08-15 15:50:37.185 T:5348    debug <general>: `anonymous-namespace'::LogMoviePlaylist: Candidate - playlist 33, duration 00:16, chapters 2, clips 1, langs jpn, subs 
2026-08-15 15:50:37.185 T:5348    debug <general>: `anonymous-namespace'::LogMoviePlaylist: Candidate - playlist 34, duration 03:40, chapters 2, clips 1, langs jpn, subs 
2026-08-15 15:50:37.185 T:5348    debug <general>: `anonymous-namespace'::LogMoviePlaylist: Candidate - playlist 35, duration 22:29, chapters 2, clips 1, langs jpn, subs 
2026-08-15 15:50:37.186 T:5348    debug <general>: `anonymous-namespace'::LogMoviePlaylist: Candidate - playlist 36, duration 01:08, chapters 2, clips 1, langs jpn, subs 
2026-08-15 15:50:37.186 T:5348    debug <general>: `anonymous-namespace'::LogMoviePlaylist: Candidate - playlist 37, duration 00:45, chapters 2, clips 1, langs jpn, subs 
2026-08-15 15:50:37.186 T:5348    debug <general>: `anonymous-namespace'::LogMoviePlaylist: Candidate - playlist 38, duration 00:41, chapters 2, clips 1, langs jpn, subs 
2026-08-15 15:50:37.186 T:5348    debug <general>: `anonymous-namespace'::LogMoviePlaylist: Candidate - playlist 39, duration 00:58, chapters 2, clips 1, langs jpn, subs 
2026-08-15 15:50:37.186 T:5348    debug <general>: `anonymous-namespace'::LogMoviePlaylist: Candidate - playlist 40, duration 04:57, chapters 2, clips 1, langs jpn, subs 
2026-08-15 15:50:37.186 T:5348    debug <general>: `anonymous-namespace'::LogMoviePlaylist: Candidate - playlist 41, duration 04:57, chapters 2, clips 1, langs jpn, subs 
2026-08-15 15:50:37.186 T:5348    debug <general>: `anonymous-namespace'::LogMoviePlaylist: Candidate - playlist 42, duration 04:57, chapters 2, clips 1, langs jpn, subs 
2026-08-15 15:50:37.186 T:5348    debug <general>: `anonymous-namespace'::LogMoviePlaylist: Candidate - playlist 43, duration 01:59, chapters 2, clips 1, langs jpn, subs 
2026-08-15 15:50:37.186 T:5348    debug <general>: `anonymous-namespace'::LogMoviePlaylist: Candidate - playlist 44, duration 00:19, chapters 2, clips 1, langs jpn, subs 
2026-08-15 15:50:37.186 T:5348    debug <general>: `anonymous-namespace'::LogMoviePlaylist: Candidate - playlist 45, duration 00:19, chapters 2, clips 1, langs jpn, subs 
2026-08-15 15:50:37.186 T:5348    debug <general>: `anonymous-namespace'::LogMoviePlaylist: Candidate - playlist 46, duration 09:05, chapters 2, clips 1, langs jpn, subs 
2026-08-15 15:50:37.186 T:5348    debug <general>: `anonymous-namespace'::LogMoviePlaylist: Candidate - playlist 47, duration 15:16, chapters 2, clips 1, langs jpn, subs 
2026-08-15 15:50:37.186 T:5348    debug <general>: `anonymous-namespace'::LogMoviePlaylist: Candidate - playlist 48, duration 06:01, chapters 2, clips 1, langs jpn, subs 
2026-08-15 15:50:37.186 T:5348    debug <general>: `anonymous-namespace'::LogMoviePlaylist: Candidate - playlist 49, duration 08:03, chapters 2, clips 1, langs jpn, subs 
2026-08-15 15:50:37.186 T:5348    debug <general>: `anonymous-namespace'::LogMoviePlaylist: Candidate - playlist 50, duration 01:17, chapters 2, clips 1, langs jpn, subs 
2026-08-15 15:50:37.186 T:5348    debug <general>: `anonymous-namespace'::LogMoviePlaylist: Candidate - playlist 52, duration 01:10, chapters 2, clips 1, langs jpn, subs 
2026-08-15 15:50:37.186 T:5348    debug <general>: `anonymous-namespace'::LogMoviePlaylist: Candidate - playlist 54, duration 01:43, chapters 2, clips 1, langs jpn, subs 
2026-08-15 15:50:37.186 T:5348    debug <general>: `anonymous-namespace'::LogMoviePlaylist: Candidate - playlist 56, duration 01:43, chapters 2, clips 1, langs jpn, subs 
2026-08-15 15:50:37.186 T:5348    debug <general>: `anonymous-namespace'::LogMoviePlaylist: Candidate - playlist 58, duration 00:17, chapters 2, clips 1, langs jpn, subs 
2026-08-15 15:50:37.186 T:5348    debug <general>: `anonymous-namespace'::LogMoviePlaylist: Candidate - playlist 59, duration 00:18, chapters 2, clips 1, langs jpn, subs 
2026-08-15 15:50:37.186 T:5348    debug <general>: `anonymous-namespace'::LogMoviePlaylist: Candidate - playlist 60, duration 00:18, chapters 2, clips 1, langs jpn, subs 
2026-08-15 15:50:37.186 T:5348    debug <general>: `anonymous-namespace'::LogMoviePlaylist: Candidate - playlist 61, duration 00:18, chapters 2, clips 1, langs jpn, subs 
2026-08-15 15:50:37.186 T:5348    debug <general>: `anonymous-namespace'::LogMoviePlaylist: Candidate - playlist 62, duration 00:18, chapters 2, clips 1, langs jpn, subs 
2026-08-15 15:50:37.186 T:5348    debug <general>: `anonymous-namespace'::LogMoviePlaylist: Candidate - playlist 63, duration 08:34, chapters 33, clips 32, langs jpn, subs 
2026-08-15 15:50:37.186 T:5348    debug <general>: `anonymous-namespace'::LogMoviePlaylist: Candidate - playlist 64, duration 00:33, chapters 2, clips 1, langs jpn, subs 
2026-08-15 15:50:37.186 T:5348    debug <general>: `anonymous-namespace'::LogMoviePlaylist: Candidate - playlist 65, duration 03:05, chapters 2, clips 1, langs jpn, subs 
2026-08-15 15:50:37.186 T:5348    debug <general>: `anonymous-namespace'::LogMoviePlaylist: Candidate - playlist 66, duration 01:33, chapters 2, clips 1, langs jpn, subs 
2026-08-15 15:50:37.186 T:5348    debug <general>: `anonymous-namespace'::LogMoviePlaylist: Candidate - playlist 67, duration 01:05, chapters 2, clips 1, langs jpn, subs 
2026-08-15 15:50:37.186 T:5348    debug <general>: `anonymous-namespace'::LogMoviePlaylist: Candidate - playlist 68, duration 00:36, chapters 2, clips 1, langs jpn, subs 
2026-08-15 15:50:37.186 T:5348    debug <general>: `anonymous-namespace'::LogMoviePlaylist: Candidate - playlist 69, duration 00:18, chapters 2, clips 1, langs jpn, subs 
2026-08-15 15:50:37.186 T:5348    debug <general>: `anonymous-namespace'::LogMoviePlaylist: Candidate - playlist 70, duration 00:18, chapters 2, clips 1, langs jpn, subs 
2026-08-15 15:50:37.186 T:5348    debug <general>: `anonymous-namespace'::LogMoviePlaylist: Candidate - playlist 71, duration 01:03, chapters 2, clips 1, langs jpn, subs 
2026-08-15 15:50:37.186 T:5348    debug <general>: `anonymous-namespace'::LogMoviePlaylist: Candidate - playlist 73, duration 01:03, chapters 2, clips 1, langs jpn, subs 
2026-08-15 15:50:37.186 T:5348    debug <general>: `anonymous-namespace'::LogMoviePlaylist: Candidate - playlist 75, duration 10:57, chapters 2, clips 1, langs jpn, subs 
2026-08-15 15:50:37.186 T:5348    debug <general>: `anonymous-namespace'::LogMoviePlaylist: Candidate - playlist 76, duration 03:04, chapters 2, clips 1, langs jpn, subs 
2026-08-15 15:50:37.186 T:5348    debug <general>: `anonymous-namespace'::LogMoviePlaylist: Candidate - playlist 77, duration 00:17, chapters 2, clips 1, langs jpn, subs 
2026-08-15 15:50:37.186 T:5348    debug <general>: `anonymous-namespace'::LogMoviePlaylist: Candidate - playlist 78, duration 00:17, chapters 2, clips 1, langs jpn, subs 
2026-08-15 15:50:37.186 T:5348    debug <general>: `anonymous-namespace'::LogMoviePlaylist: Candidate - playlist 79, duration 05:12, chapters 2, clips 1, langs jpn, subs 
2026-08-15 15:50:37.186 T:5348    debug <general>: `anonymous-namespace'::LogMoviePlaylist: Candidate - playlist 80, duration 04:53, chapters 2, clips 1, langs jpn, subs 
2026-08-15 15:50:37.186 T:5348    debug <general>: `anonymous-namespace'::LogMoviePlaylist: Candidate - playlist 81, duration 20:49, chapters 2, clips 1, langs jpn, subs 
2026-08-15 15:50:37.186 T:5348    debug <general>: `anonymous-namespace'::LogMoviePlaylist: Candidate - playlist 82, duration 04:05, chapters 2, clips 1, langs jpn, subs 
2026-08-15 15:50:37.186 T:5348    debug <general>: `anonymous-namespace'::LogMoviePlaylist: Candidate - playlist 83, duration 00:57, chapters 2, clips 1, langs jpn, subs 
2026-08-15 15:50:37.186 T:5348    debug <general>: `anonymous-namespace'::LogMoviePlaylist: Candidate - playlist 84, duration 00:36, chapters 2, clips 1, langs jpn, subs 
2026-08-15 15:50:37.186 T:5348    debug <general>: `anonymous-namespace'::LogMoviePlaylist: Candidate - playlist 85, duration 15:54, chapters 2, clips 3, langs jpn, subs 
2026-08-15 15:50:37.186 T:5348    debug <general>: `anonymous-namespace'::LogMoviePlaylist: Candidate - playlist 86, duration 15:42, chapters 15, clips 14, langs jpn, subs 
2026-08-15 15:50:37.186 T:5348    debug <general>: `anonymous-namespace'::LogMoviePlaylist: Candidate - playlist 87, duration 01:51, chapters 2, clips 1, langs jpn, subs 
2026-08-15 15:50:37.186 T:5348    debug <general>: `anonymous-namespace'::LogMoviePlaylist: Candidate - playlist 88, duration 00:17, chapters 2, clips 1, langs jpn, subs 
2026-08-15 15:50:37.186 T:5348    debug <general>: `anonymous-namespace'::LogMoviePlaylist: Candidate - playlist 89, duration 00:17, chapters 2, clips 1, langs jpn, subs 
2026-08-15 15:50:37.186 T:5348    debug <general>: `anonymous-namespace'::LogMoviePlaylist: Candidate - playlist 90, duration 00:30, chapters 1, clips 3, langs jpn, subs 
2026-08-15 15:50:37.196 T:5348    debug <general>: XFILE::CBlurayDirectory::SetPlaylistStreamDetails: Unable to get stream details for playlist 35 of bluray://Z%3a%5ctest%5cBDROM%5c/root/titles/all
2026-08-15 15:50:37.200 T:5348    debug <general>: XFILE::CBlurayDirectory::SetPlaylistStreamDetails: Unable to get stream details for playlist 81 of bluray://Z%3a%5ctest%5cBDROM%5c/root/titles/all
2026-08-15 15:50:37.205 T:5348    debug <general>: XFILE::CBlurayDirectory::SetPlaylistStreamDetails: Unable to get stream details for playlist 85 of bluray://Z%3a%5ctest%5cBDROM%5c/root/titles/all
2026-08-15 15:50:37.210 T:5348    debug <general>: XFILE::CBlurayDirectory::SetPlaylistStreamDetails: Unable to get stream details for playlist 11 of bluray://Z%3a%5ctest%5cBDROM%5c/root/titles/all
2026-08-15 15:50:37.215 T:5348    debug <general>: XFILE::CBlurayDirectory::SetPlaylistStreamDetails: Unable to get stream details for playlist 86 of bluray://Z%3a%5ctest%5cBDROM%5c/root/titles/all
2026-08-15 15:50:37.219 T:5348    debug <general>: XFILE::CBlurayDirectory::SetPlaylistStreamDetails: Unable to get stream details for playlist 47 of bluray://Z%3a%5ctest%5cBDROM%5c/root/titles/all
2026-08-15 15:50:37.224 T:5348    debug <general>: XFILE::CBlurayDirectory::SetPlaylistStreamDetails: Unable to get stream details for playlist 75 of bluray://Z%3a%5ctest%5cBDROM%5c/root/titles/all
2026-08-15 15:50:37.228 T:5348    debug <general>: XFILE::CBlurayDirectory::SetPlaylistStreamDetails: Unable to get stream details for playlist 46 of bluray://Z%3a%5ctest%5cBDROM%5c/root/titles/all
2026-08-15 15:50:37.233 T:5348    debug <general>: XFILE::CBlurayDirectory::SetPlaylistStreamDetails: Unable to get stream details for playlist 63 of bluray://Z%3a%5ctest%5cBDROM%5c/root/titles/all
2026-08-15 15:50:37.238 T:5348    debug <general>: XFILE::CBlurayDirectory::SetPlaylistStreamDetails: Unable to get stream details for playlist 49 of bluray://Z%3a%5ctest%5cBDROM%5c/root/titles/all
2026-08-15 15:50:37.243 T:5348    debug <general>: XFILE::CBlurayDirectory::SetPlaylistStreamDetails: Unable to get stream details for playlist 48 of bluray://Z%3a%5ctest%5cBDROM%5c/root/titles/all
2026-08-15 15:50:37.247 T:5348    debug <general>: XFILE::CBlurayDirectory::SetPlaylistStreamDetails: Unable to get stream details for playlist 79 of bluray://Z%3a%5ctest%5cBDROM%5c/root/titles/all
2026-08-15 15:50:37.252 T:5348    debug <general>: XFILE::CBlurayDirectory::SetPlaylistStreamDetails: Unable to get stream details for playlist 40 of bluray://Z%3a%5ctest%5cBDROM%5c/root/titles/all
2026-08-15 15:50:37.256 T:5348    debug <general>: XFILE::CBlurayDirectory::SetPlaylistStreamDetails: Unable to get stream details for playlist 41 of bluray://Z%3a%5ctest%5cBDROM%5c/root/titles/all
2026-08-15 15:50:37.260 T:5348    debug <general>: XFILE::CBlurayDirectory::SetPlaylistStreamDetails: Unable to get stream details for playlist 42 of bluray://Z%3a%5ctest%5cBDROM%5c/root/titles/all
2026-08-15 15:50:37.265 T:5348    debug <general>: XFILE::CBlurayDirectory::SetPlaylistStreamDetails: Unable to get stream details for playlist 80 of bluray://Z%3a%5ctest%5cBDROM%5c/root/titles/all
2026-08-15 15:50:37.269 T:5348    debug <general>: XFILE::CBlurayDirectory::SetPlaylistStreamDetails: Unable to get stream details for playlist 82 of bluray://Z%3a%5ctest%5cBDROM%5c/root/titles/all
2026-08-15 15:50:37.271 T:3928    debug <general>: ------ Window Init (DialogBusy.xml) ------
2026-08-15 15:50:37.281 T:5348    debug <general>: XFILE::CBlurayDirectory::SetPlaylistStreamDetails: Unable to get stream details for playlist 34 of bluray://Z%3a%5ctest%5cBDROM%5c/root/titles/all
2026-08-15 15:50:37.286 T:5348    debug <general>: XFILE::CBlurayDirectory::SetPlaylistStreamDetails: Unable to get stream details for playlist 65 of bluray://Z%3a%5ctest%5cBDROM%5c/root/titles/all
2026-08-15 15:50:37.291 T:5348    debug <general>: XFILE::CBlurayDirectory::SetPlaylistStreamDetails: Unable to get stream details for playlist 76 of bluray://Z%3a%5ctest%5cBDROM%5c/root/titles/all
2026-08-15 15:50:37.304 T:5348    debug <general>: XFILE::CBlurayDirectory::SetPlaylistStreamDetails: Unable to get stream details for playlist 23 of bluray://Z%3a%5ctest%5cBDROM%5c/root/titles/all
2026-08-15 15:50:37.317 T:5348    debug <general>: XFILE::CBlurayDirectory::SetPlaylistStreamDetails: Unable to get stream details for playlist 10 of bluray://Z%3a%5ctest%5cBDROM%5c/root/titles/all
2026-08-15 15:50:37.323 T:5348    debug <general>: XFILE::CBlurayDirectory::SetPlaylistStreamDetails: Unable to get stream details for playlist 43 of bluray://Z%3a%5ctest%5cBDROM%5c/root/titles/all
2026-08-15 15:50:37.329 T:5348    debug <general>: XFILE::CBlurayDirectory::SetPlaylistStreamDetails: Unable to get stream details for playlist 87 of bluray://Z%3a%5ctest%5cBDROM%5c/root/titles/all
2026-08-15 15:50:37.333 T:5348    debug <general>: XFILE::CBlurayDirectory::SetPlaylistStreamDetails: Unable to get stream details for playlist 54 of bluray://Z%3a%5ctest%5cBDROM%5c/root/titles/all
2026-08-15 15:50:37.338 T:5348    debug <general>: XFILE::CBlurayDirectory::SetPlaylistStreamDetails: Unable to get stream details for playlist 56 of bluray://Z%3a%5ctest%5cBDROM%5c/root/titles/all
2026-08-15 15:50:37.350 T:5348    debug <general>: XFILE::CBlurayDirectory::SetPlaylistStreamDetails: Unable to get stream details for playlist 3 of bluray://Z%3a%5ctest%5cBDROM%5c/root/titles/all
2026-08-15 15:50:37.355 T:5348    debug <general>: XFILE::CBlurayDirectory::SetPlaylistStreamDetails: Unable to get stream details for playlist 4 of bluray://Z%3a%5ctest%5cBDROM%5c/root/titles/all
2026-08-15 15:50:37.359 T:5348    debug <general>: XFILE::CBlurayDirectory::SetPlaylistStreamDetails: Unable to get stream details for playlist 5 of bluray://Z%3a%5ctest%5cBDROM%5c/root/titles/all
2026-08-15 15:50:37.363 T:5348    debug <general>: XFILE::CBlurayDirectory::SetPlaylistStreamDetails: Unable to get stream details for playlist 66 of bluray://Z%3a%5ctest%5cBDROM%5c/root/titles/all
2026-08-15 15:50:37.367 T:5348    debug <general>: XFILE::CBlurayDirectory::SetPlaylistStreamDetails: Unable to get stream details for playlist 24 of bluray://Z%3a%5ctest%5cBDROM%5c/root/titles/all
2026-08-15 15:50:37.380 T:5348    debug <general>: XFILE::CBlurayDirectory::SetPlaylistStreamDetails: Unable to get stream details for playlist 50 of bluray://Z%3a%5ctest%5cBDROM%5c/root/titles/all
2026-08-15 15:50:37.385 T:5348    debug <general>: XFILE::CBlurayDirectory::SetPlaylistStreamDetails: Unable to get stream details for playlist 52 of bluray://Z%3a%5ctest%5cBDROM%5c/root/titles/all
2026-08-15 15:50:37.389 T:5348    debug <general>: XFILE::CBlurayDirectory::SetPlaylistStreamDetails: Unable to get stream details for playlist 36 of bluray://Z%3a%5ctest%5cBDROM%5c/root/titles/all
2026-08-15 15:50:37.394 T:5348    debug <general>: XFILE::CBlurayDirectory::SetPlaylistStreamDetails: Unable to get stream details for playlist 67 of bluray://Z%3a%5ctest%5cBDROM%5c/root/titles/all
2026-08-15 15:50:37.398 T:5348    debug <general>: XFILE::CBlurayDirectory::SetPlaylistStreamDetails: Unable to get stream details for playlist 71 of bluray://Z%3a%5ctest%5cBDROM%5c/root/titles/all
2026-08-15 15:50:37.409 T:5348    debug <general>: XFILE::CBlurayDirectory::SetPlaylistStreamDetails: Unable to get stream details for playlist 73 of bluray://Z%3a%5ctest%5cBDROM%5c/root/titles/all
2026-08-15 15:50:37.414 T:5348    debug <general>: XFILE::CBlurayDirectory::SetPlaylistStreamDetails: Unable to get stream details for playlist 39 of bluray://Z%3a%5ctest%5cBDROM%5c/root/titles/all
2026-08-15 15:50:37.419 T:5348    debug <general>: XFILE::CBlurayDirectory::SetPlaylistStreamDetails: Unable to get stream details for playlist 83 of bluray://Z%3a%5ctest%5cBDROM%5c/root/titles/all
2026-08-15 15:50:37.423 T:5348    debug <general>: XFILE::CBlurayDirectory::SetPlaylistStreamDetails: Unable to get stream details for playlist 37 of bluray://Z%3a%5ctest%5cBDROM%5c/root/titles/all
2026-08-15 15:50:37.428 T:5348    debug <general>: XFILE::CBlurayDirectory::SetPlaylistStreamDetails: Unable to get stream details for playlist 38 of bluray://Z%3a%5ctest%5cBDROM%5c/root/titles/all
2026-08-15 15:50:37.440 T:5348    debug <general>: XFILE::CBlurayDirectory::SetPlaylistStreamDetails: Unable to get stream details for playlist 2 of bluray://Z%3a%5ctest%5cBDROM%5c/root/titles/all
2026-08-15 15:50:37.445 T:5348    debug <general>: XFILE::CBlurayDirectory::SetPlaylistStreamDetails: Unable to get stream details for playlist 84 of bluray://Z%3a%5ctest%5cBDROM%5c/root/titles/all
2026-08-15 15:50:37.456 T:5348    debug <general>: XFILE::CBlurayDirectory::SetPlaylistStreamDetails: Unable to get stream details for playlist 68 of bluray://Z%3a%5ctest%5cBDROM%5c/root/titles/all
2026-08-15 15:50:37.461 T:5348    debug <general>: XFILE::CBlurayDirectory::SetPlaylistStreamDetails: Unable to get stream details for playlist 29 of bluray://Z%3a%5ctest%5cBDROM%5c/root/titles/all
2026-08-15 15:50:37.466 T:5348    debug <general>: XFILE::CBlurayDirectory::SetPlaylistStreamDetails: Unable to get stream details for playlist 30 of bluray://Z%3a%5ctest%5cBDROM%5c/root/titles/all
2026-08-15 15:50:37.470 T:5348    debug <general>: XFILE::CBlurayDirectory::SetPlaylistStreamDetails: Unable to get stream details for playlist 8 of bluray://Z%3a%5ctest%5cBDROM%5c/root/titles/all
2026-08-15 15:50:37.474 T:5348    debug <general>: XFILE::CBlurayDirectory::SetPlaylistStreamDetails: Unable to get stream details for playlist 9 of bluray://Z%3a%5ctest%5cBDROM%5c/root/titles/all
2026-08-15 15:50:37.486 T:5348    debug <general>: XFILE::CBlurayDirectory::SetPlaylistStreamDetails: Unable to get stream details for playlist 18 of bluray://Z%3a%5ctest%5cBDROM%5c/root/titles/all
2026-08-15 15:50:37.492 T:5348    debug <general>: XFILE::CBlurayDirectory::SetPlaylistStreamDetails: Unable to get stream details for playlist 19 of bluray://Z%3a%5ctest%5cBDROM%5c/root/titles/all
2026-08-15 15:50:37.497 T:5348    debug <general>: XFILE::CBlurayDirectory::SetPlaylistStreamDetails: Unable to get stream details for playlist 20 of bluray://Z%3a%5ctest%5cBDROM%5c/root/titles/all
2026-08-15 15:50:37.501 T:5348    debug <general>: XFILE::CBlurayDirectory::SetPlaylistStreamDetails: Unable to get stream details for playlist 21 of bluray://Z%3a%5ctest%5cBDROM%5c/root/titles/all
2026-08-15 15:50:37.505 T:5348    debug <general>: XFILE::CBlurayDirectory::SetPlaylistStreamDetails: Unable to get stream details for playlist 22 of bluray://Z%3a%5ctest%5cBDROM%5c/root/titles/all
2026-08-15 15:50:37.518 T:5348    debug <general>: XFILE::CBlurayDirectory::SetPlaylistStreamDetails: Unable to get stream details for playlist 64 of bluray://Z%3a%5ctest%5cBDROM%5c/root/titles/all
2026-08-15 15:50:37.523 T:5348    debug <general>: XFILE::CBlurayDirectory::SetPlaylistStreamDetails: Unable to get stream details for playlist 32 of bluray://Z%3a%5ctest%5cBDROM%5c/root/titles/all
2026-08-15 15:50:37.527 T:5348    debug <general>: XFILE::CBlurayDirectory::SetPlaylistStreamDetails: Unable to get stream details for playlist 90 of bluray://Z%3a%5ctest%5cBDROM%5c/root/titles/all
2026-08-15 15:50:37.531 T:5348    debug <general>: XFILE::CBlurayDirectory::SetPlaylistStreamDetails: Unable to get stream details for playlist 1 of bluray://Z%3a%5ctest%5cBDROM%5c/root/titles/all
2026-08-15 15:50:37.536 T:5348    debug <general>: XFILE::CBlurayDirectory::SetPlaylistStreamDetails: Unable to get stream details for playlist 25 of bluray://Z%3a%5ctest%5cBDROM%5c/root/titles/all
2026-08-15 15:50:37.548 T:5348    debug <general>: XFILE::CBlurayDirectory::SetPlaylistStreamDetails: Unable to get stream details for playlist 26 of bluray://Z%3a%5ctest%5cBDROM%5c/root/titles/all
2026-08-15 15:50:37.552 T:5348    debug <general>: XFILE::CBlurayDirectory::SetPlaylistStreamDetails: Unable to get stream details for playlist 27 of bluray://Z%3a%5ctest%5cBDROM%5c/root/titles/all
2026-08-15 15:50:37.557 T:5348    debug <general>: XFILE::CBlurayDirectory::SetPlaylistStreamDetails: Unable to get stream details for playlist 28 of bluray://Z%3a%5ctest%5cBDROM%5c/root/titles/all
2026-08-15 15:50:37.561 T:5348    debug <general>: XFILE::CBlurayDirectory::SetPlaylistStreamDetails: Unable to get stream details for playlist 44 of bluray://Z%3a%5ctest%5cBDROM%5c/root/titles/all
2026-08-15 15:50:37.565 T:5348    debug <general>: XFILE::CBlurayDirectory::SetPlaylistStreamDetails: Unable to get stream details for playlist 45 of bluray://Z%3a%5ctest%5cBDROM%5c/root/titles/all
2026-08-15 15:50:37.578 T:5348    debug <general>: XFILE::CBlurayDirectory::SetPlaylistStreamDetails: Unable to get stream details for playlist 6 of bluray://Z%3a%5ctest%5cBDROM%5c/root/titles/all
2026-08-15 15:50:37.583 T:5348    debug <general>: XFILE::CBlurayDirectory::SetPlaylistStreamDetails: Unable to get stream details for playlist 7 of bluray://Z%3a%5ctest%5cBDROM%5c/root/titles/all
2026-08-15 15:50:37.595 T:5348    debug <general>: XFILE::CBlurayDirectory::SetPlaylistStreamDetails: Unable to get stream details for playlist 13 of bluray://Z%3a%5ctest%5cBDROM%5c/root/titles/all
2026-08-15 15:50:37.601 T:5348    debug <general>: XFILE::CBlurayDirectory::SetPlaylistStreamDetails: Unable to get stream details for playlist 14 of bluray://Z%3a%5ctest%5cBDROM%5c/root/titles/all
2026-08-15 15:50:37.605 T:5348    debug <general>: XFILE::CBlurayDirectory::SetPlaylistStreamDetails: Unable to get stream details for playlist 15 of bluray://Z%3a%5ctest%5cBDROM%5c/root/titles/all
2026-08-15 15:50:37.609 T:5348    debug <general>: XFILE::CBlurayDirectory::SetPlaylistStreamDetails: Unable to get stream details for playlist 16 of bluray://Z%3a%5ctest%5cBDROM%5c/root/titles/all
2026-08-15 15:50:37.613 T:5348    debug <general>: XFILE::CBlurayDirectory::SetPlaylistStreamDetails: Unable to get stream details for playlist 17 of bluray://Z%3a%5ctest%5cBDROM%5c/root/titles/all
2026-08-15 15:50:37.626 T:5348    debug <general>: XFILE::CBlurayDirectory::SetPlaylistStreamDetails: Unable to get stream details for playlist 59 of bluray://Z%3a%5ctest%5cBDROM%5c/root/titles/all
2026-08-15 15:50:37.630 T:5348    debug <general>: XFILE::CBlurayDirectory::SetPlaylistStreamDetails: Unable to get stream details for playlist 60 of bluray://Z%3a%5ctest%5cBDROM%5c/root/titles/all
2026-08-15 15:50:37.642 T:5348    debug <general>: XFILE::CBlurayDirectory::SetPlaylistStreamDetails: Unable to get stream details for playlist 61 of bluray://Z%3a%5ctest%5cBDROM%5c/root/titles/all
2026-08-15 15:50:37.647 T:5348    debug <general>: XFILE::CBlurayDirectory::SetPlaylistStreamDetails: Unable to get stream details for playlist 62 of bluray://Z%3a%5ctest%5cBDROM%5c/root/titles/all
2026-08-15 15:50:37.660 T:5348    debug <general>: XFILE::CBlurayDirectory::SetPlaylistStreamDetails: Unable to get stream details for playlist 69 of bluray://Z%3a%5ctest%5cBDROM%5c/root/titles/all
2026-08-15 15:50:37.673 T:5348    debug <general>: XFILE::CBlurayDirectory::SetPlaylistStreamDetails: Unable to get stream details for playlist 70 of bluray://Z%3a%5ctest%5cBDROM%5c/root/titles/all
2026-08-15 15:50:37.678 T:5348    debug <general>: XFILE::CBlurayDirectory::SetPlaylistStreamDetails: Unable to get stream details for playlist 58 of bluray://Z%3a%5ctest%5cBDROM%5c/root/titles/all
2026-08-15 15:50:37.690 T:5348    debug <general>: XFILE::CBlurayDirectory::SetPlaylistStreamDetails: Unable to get stream details for playlist 77 of bluray://Z%3a%5ctest%5cBDROM%5c/root/titles/all
2026-08-15 15:50:37.696 T:5348    debug <general>: XFILE::CBlurayDirectory::SetPlaylistStreamDetails: Unable to get stream details for playlist 78 of bluray://Z%3a%5ctest%5cBDROM%5c/root/titles/all
2026-08-15 15:50:37.700 T:5348    debug <general>: XFILE::CBlurayDirectory::SetPlaylistStreamDetails: Unable to get stream details for playlist 88 of bluray://Z%3a%5ctest%5cBDROM%5c/root/titles/all
2026-08-15 15:50:37.704 T:5348    debug <general>: XFILE::CBlurayDirectory::SetPlaylistStreamDetails: Unable to get stream details for playlist 89 of bluray://Z%3a%5ctest%5cBDROM%5c/root/titles/all
2026-08-15 15:50:37.709 T:5348    debug <general>: XFILE::CBlurayDirectory::SetPlaylistStreamDetails: Unable to get stream details for playlist 31 of bluray://Z%3a%5ctest%5cBDROM%5c/root/titles/all
2026-08-15 15:50:37.722 T:5348    debug <general>: XFILE::CBlurayDirectory::SetPlaylistStreamDetails: Unable to get stream details for playlist 33 of bluray://Z%3a%5ctest%5cBDROM%5c/root/titles/all
2026-08-15 15:50:37.727 T:5348    debug <general>: XFILE::CBlurayDirectory::SetPlaylistStreamDetails: Unable to get stream details for playlist 0 of bluray://Z%3a%5ctest%5cBDROM%5c/root/titles/all
2026-08-15 15:50:37.727 T:5348    debug <general>: `anonymous-namespace'::LogMoviePlaylist: Selected - playlist 0, duration 00:04, chapters 1, clips 4, langs jpn, subs 
2026-08-15 15:50:37.727 T:5348    debug <general>: `anonymous-namespace'::LogMoviePlaylist: Selected - playlist 1, duration 00:20, chapters 2, clips 2, langs jpn, subs 
2026-08-15 15:50:37.727 T:5348    debug <general>: `anonymous-namespace'::LogMoviePlaylist: Selected - playlist 2, duration 00:37, chapters 2, clips 2, langs jpn, subs 
2026-08-15 15:50:37.727 T:5348    debug <general>: `anonymous-namespace'::LogMoviePlaylist: Selected - playlist 3, duration 01:37, chapters 2, clips 2, langs jpn, subs 
2026-08-15 15:50:37.727 T:5348    debug <general>: `anonymous-namespace'::LogMoviePlaylist: Selected - playlist 4, duration 01:37, chapters 2, clips 2, langs jpn, subs 
2026-08-15 15:50:37.727 T:5348    debug <general>: `anonymous-namespace'::LogMoviePlaylist: Selected - playlist 5, duration 01:37, chapters 2, clips 2, langs jpn, subs 
2026-08-15 15:50:37.727 T:5348    debug <general>: `anonymous-namespace'::LogMoviePlaylist: Selected - playlist 6, duration 00:18, chapters 2, clips 2, langs jpn, subs 
2026-08-15 15:50:37.727 T:5348    debug <general>: `anonymous-namespace'::LogMoviePlaylist: Selected - playlist 7, duration 00:18, chapters 2, clips 2, langs jpn, subs 
2026-08-15 15:50:37.727 T:5348    debug <general>: `anonymous-namespace'::LogMoviePlaylist: Selected - playlist 8, duration 00:33, chapters 2, clips 2, langs jpn, subs 
2026-08-15 15:50:37.727 T:5348    debug <general>: `anonymous-namespace'::LogMoviePlaylist: Selected - playlist 9, duration 00:33, chapters 2, clips 2, langs jpn, subs 
2026-08-15 15:50:37.727 T:5348    debug <general>: `anonymous-namespace'::LogMoviePlaylist: Selected - playlist 10, duration 02:21, chapters 2, clips 2, langs jpn, subs 
2026-08-15 15:50:37.727 T:5348    debug <general>: `anonymous-namespace'::LogMoviePlaylist: Selected - playlist 11, duration 15:46, chapters 2, clips 2, langs jpn, subs 
2026-08-15 15:50:37.727 T:5348    debug <general>: `anonymous-namespace'::LogMoviePlaylist: Selected - playlist 13, duration 00:18, chapters 2, clips 2, langs jpn, subs 
2026-08-15 15:50:37.727 T:5348    debug <general>: `anonymous-namespace'::LogMoviePlaylist: Selected - playlist 14, duration 00:18, chapters 2, clips 2, langs jpn, subs 
2026-08-15 15:50:37.727 T:5348    debug <general>: `anonymous-namespace'::LogMoviePlaylist: Selected - playlist 15, duration 00:18, chapters 2, clips 2, langs jpn, subs 
2026-08-15 15:50:37.727 T:5348    debug <general>: `anonymous-namespace'::LogMoviePlaylist: Selected - playlist 16, duration 00:18, chapters 2, clips 2, langs jpn, subs 
2026-08-15 15:50:37.727 T:5348    debug <general>: `anonymous-namespace'::LogMoviePlaylist: Selected - playlist 17, duration 00:18, chapters 2, clips 2, langs jpn, subs 
2026-08-15 15:50:37.727 T:5348    debug <general>: `anonymous-namespace'::LogMoviePlaylist: Selected - playlist 18, duration 00:33, chapters 2, clips 2, langs jpn, subs 
2026-08-15 15:50:37.727 T:5348    debug <general>: `anonymous-namespace'::LogMoviePlaylist: Selected - playlist 19, duration 00:33, chapters 2, clips 2, langs jpn, subs 
2026-08-15 15:50:37.727 T:5348    debug <general>: `anonymous-namespace'::LogMoviePlaylist: Selected - playlist 20, duration 00:33, chapters 2, clips 2, langs jpn, subs 
2026-08-15 15:50:37.727 T:5348    debug <general>: `anonymous-namespace'::LogMoviePlaylist: Selected - playlist 21, duration 00:33, chapters 2, clips 2, langs jpn, subs 
2026-08-15 15:50:37.727 T:5348    debug <general>: `anonymous-namespace'::LogMoviePlaylist: Selected - playlist 22, duration 00:33, chapters 2, clips 2, langs jpn, subs 
2026-08-15 15:50:37.727 T:5348    debug <general>: `anonymous-namespace'::LogMoviePlaylist: Selected - playlist 23, duration 02:47, chapters 2, clips 1, langs jpn, subs 
2026-08-15 15:50:37.727 T:5348    debug <general>: `anonymous-namespace'::LogMoviePlaylist: Selected - playlist 24, duration 01:29, chapters 2, clips 1, langs jpn, subs 
2026-08-15 15:50:37.727 T:5348    debug <general>: `anonymous-namespace'::LogMoviePlaylist: Selected - playlist 25, duration 00:19, chapters 2, clips 1, langs jpn, subs 
2026-08-15 15:50:37.727 T:5348    debug <general>: `anonymous-namespace'::LogMoviePlaylist: Selected - playlist 26, duration 00:19, chapters 2, clips 1, langs jpn, subs 
2026-08-15 15:50:37.727 T:5348    debug <general>: `anonymous-namespace'::LogMoviePlaylist: Selected - playlist 27, duration 00:19, chapters 2, clips 1, langs jpn, subs 
2026-08-15 15:50:37.727 T:5348    debug <general>: `anonymous-namespace'::LogMoviePlaylist: Selected - playlist 28, duration 00:19, chapters 2, clips 1, langs jpn, subs 
2026-08-15 15:50:37.727 T:5348    debug <general>: `anonymous-namespace'::LogMoviePlaylist: Selected - playlist 29, duration 00:34, chapters 2, clips 1, langs jpn, subs 
2026-08-15 15:50:37.727 T:5348    debug <general>: `anonymous-namespace'::LogMoviePlaylist: Selected - playlist 30, duration 00:34, chapters 2, clips 1, langs jpn, subs 
2026-08-15 15:50:37.727 T:5348    debug <general>: `anonymous-namespace'::LogMoviePlaylist: Selected - playlist 31, duration 00:16, chapters 2, clips 1, langs jpn, subs 
2026-08-15 15:50:37.727 T:5348    debug <general>: `anonymous-namespace'::LogMoviePlaylist: Selected - playlist 32, duration 00:31, chapters 2, clips 1, langs jpn, subs 
2026-08-15 15:50:37.727 T:5348    debug <general>: `anonymous-namespace'::LogMoviePlaylist: Selected - playlist 33, duration 00:16, chapters 2, clips 1, langs jpn, subs 
2026-08-15 15:50:37.727 T:5348    debug <general>: `anonymous-namespace'::LogMoviePlaylist: Selected - playlist 34, duration 03:40, chapters 2, clips 1, langs jpn, subs 
2026-08-15 15:50:37.727 T:5348    debug <general>: `anonymous-namespace'::LogMoviePlaylist: Selected - playlist 35, duration 22:29, chapters 2, clips 1, langs jpn, subs 
2026-08-15 15:50:37.727 T:5348    debug <general>: `anonymous-namespace'::LogMoviePlaylist: Selected - playlist 36, duration 01:08, chapters 2, clips 1, langs jpn, subs 
2026-08-15 15:50:37.727 T:5348    debug <general>: `anonymous-namespace'::LogMoviePlaylist: Selected - playlist 37, duration 00:45, chapters 2, clips 1, langs jpn, subs 
2026-08-15 15:50:37.727 T:5348    debug <general>: `anonymous-namespace'::LogMoviePlaylist: Selected - playlist 38, duration 00:41, chapters 2, clips 1, langs jpn, subs 
2026-08-15 15:50:37.727 T:5348    debug <general>: `anonymous-namespace'::LogMoviePlaylist: Selected - playlist 39, duration 00:58, chapters 2, clips 1, langs jpn, subs 
2026-08-15 15:50:37.727 T:5348    debug <general>: `anonymous-namespace'::LogMoviePlaylist: Selected - playlist 40, duration 04:57, chapters 2, clips 1, langs jpn, subs 
2026-08-15 15:50:37.727 T:5348    debug <general>: `anonymous-namespace'::LogMoviePlaylist: Selected - playlist 41, duration 04:57, chapters 2, clips 1, langs jpn, subs 
2026-08-15 15:50:37.727 T:5348    debug <general>: `anonymous-namespace'::LogMoviePlaylist: Selected - playlist 42, duration 04:57, chapters 2, clips 1, langs jpn, subs 
2026-08-15 15:50:37.727 T:5348    debug <general>: `anonymous-namespace'::LogMoviePlaylist: Selected - playlist 43, duration 01:59, chapters 2, clips 1, langs jpn, subs 
2026-08-15 15:50:37.727 T:5348    debug <general>: `anonymous-namespace'::LogMoviePlaylist: Selected - playlist 44, duration 00:19, chapters 2, clips 1, langs jpn, subs 
2026-08-15 15:50:37.727 T:5348    debug <general>: `anonymous-namespace'::LogMoviePlaylist: Selected - playlist 45, duration 00:19, chapters 2, clips 1, langs jpn, subs 
2026-08-15 15:50:37.727 T:5348    debug <general>: `anonymous-namespace'::LogMoviePlaylist: Selected - playlist 46, duration 09:05, chapters 2, clips 1, langs jpn, subs 
2026-08-15 15:50:37.727 T:5348    debug <general>: `anonymous-namespace'::LogMoviePlaylist: Selected - playlist 47, duration 15:16, chapters 2, clips 1, langs jpn, subs 
2026-08-15 15:50:37.727 T:5348    debug <general>: `anonymous-namespace'::LogMoviePlaylist: Selected - playlist 48, duration 06:01, chapters 2, clips 1, langs jpn, subs 
2026-08-15 15:50:37.727 T:5348    debug <general>: `anonymous-namespace'::LogMoviePlaylist: Selected - playlist 49, duration 08:03, chapters 2, clips 1, langs jpn, subs 
2026-08-15 15:50:37.727 T:5348    debug <general>: `anonymous-namespace'::LogMoviePlaylist: Selected - playlist 50, duration 01:17, chapters 2, clips 1, langs jpn, subs 
2026-08-15 15:50:37.727 T:5348    debug <general>: `anonymous-namespace'::LogMoviePlaylist: Selected - playlist 52, duration 01:10, chapters 2, clips 1, langs jpn, subs 
2026-08-15 15:50:37.727 T:5348    debug <general>: `anonymous-namespace'::LogMoviePlaylist: Selected - playlist 54, duration 01:43, chapters 2, clips 1, langs jpn, subs 
2026-08-15 15:50:37.727 T:5348    debug <general>: `anonymous-namespace'::LogMoviePlaylist: Selected - playlist 56, duration 01:43, chapters 2, clips 1, langs jpn, subs 
2026-08-15 15:50:37.727 T:5348    debug <general>: `anonymous-namespace'::LogMoviePlaylist: Selected - playlist 58, duration 00:17, chapters 2, clips 1, langs jpn, subs 
2026-08-15 15:50:37.727 T:5348    debug <general>: `anonymous-namespace'::LogMoviePlaylist: Selected - playlist 59, duration 00:18, chapters 2, clips 1, langs jpn, subs 
2026-08-15 15:50:37.727 T:5348    debug <general>: `anonymous-namespace'::LogMoviePlaylist: Selected - playlist 60, duration 00:18, chapters 2, clips 1, langs jpn, subs 
2026-08-15 15:50:37.727 T:5348    debug <general>: `anonymous-namespace'::LogMoviePlaylist: Selected - playlist 61, duration 00:18, chapters 2, clips 1, langs jpn, subs 
2026-08-15 15:50:37.727 T:5348    debug <general>: `anonymous-namespace'::LogMoviePlaylist: Selected - playlist 62, duration 00:18, chapters 2, clips 1, langs jpn, subs 
2026-08-15 15:50:37.727 T:5348    debug <general>: `anonymous-namespace'::LogMoviePlaylist: Selected - playlist 63, duration 08:34, chapters 33, clips 32, langs jpn, subs 
2026-08-15 15:50:37.727 T:5348    debug <general>: `anonymous-namespace'::LogMoviePlaylist: Selected - playlist 64, duration 00:33, chapters 2, clips 1, langs jpn, subs 
2026-08-15 15:50:37.727 T:5348    debug <general>: `anonymous-namespace'::LogMoviePlaylist: Selected - playlist 65, duration 03:05, chapters 2, clips 1, langs jpn, subs 
2026-08-15 15:50:37.727 T:5348    debug <general>: `anonymous-namespace'::LogMoviePlaylist: Selected - playlist 66, duration 01:33, chapters 2, clips 1, langs jpn, subs 
2026-08-15 15:50:37.727 T:5348    debug <general>: `anonymous-namespace'::LogMoviePlaylist: Selected - playlist 67, duration 01:05, chapters 2, clips 1, langs jpn, subs 
2026-08-15 15:50:37.727 T:5348    debug <general>: `anonymous-namespace'::LogMoviePlaylist: Selected - playlist 68, duration 00:36, chapters 2, clips 1, langs jpn, subs 
2026-08-15 15:50:37.727 T:5348    debug <general>: `anonymous-namespace'::LogMoviePlaylist: Selected - playlist 69, duration 00:18, chapters 2, clips 1, langs jpn, subs 
2026-08-15 15:50:37.727 T:5348    debug <general>: `anonymous-namespace'::LogMoviePlaylist: Selected - playlist 70, duration 00:18, chapters 2, clips 1, langs jpn, subs 
2026-08-15 15:50:37.727 T:5348    debug <general>: `anonymous-namespace'::LogMoviePlaylist: Selected - playlist 71, duration 01:03, chapters 2, clips 1, langs jpn, subs 
2026-08-15 15:50:37.727 T:5348    debug <general>: `anonymous-namespace'::LogMoviePlaylist: Selected - playlist 73, duration 01:03, chapters 2, clips 1, langs jpn, subs 
2026-08-15 15:50:37.727 T:5348    debug <general>: `anonymous-namespace'::LogMoviePlaylist: Selected - playlist 75, duration 10:57, chapters 2, clips 1, langs jpn, subs 
2026-08-15 15:50:37.727 T:5348    debug <general>: `anonymous-namespace'::LogMoviePlaylist: Selected - playlist 76, duration 03:04, chapters 2, clips 1, langs jpn, subs 
2026-08-15 15:50:37.727 T:5348    debug <general>: `anonymous-namespace'::LogMoviePlaylist: Selected - playlist 77, duration 00:17, chapters 2, clips 1, langs jpn, subs 
2026-08-15 15:50:37.727 T:5348    debug <general>: `anonymous-namespace'::LogMoviePlaylist: Selected - playlist 78, duration 00:17, chapters 2, clips 1, langs jpn, subs 
2026-08-15 15:50:37.727 T:5348    debug <general>: `anonymous-namespace'::LogMoviePlaylist: Selected - playlist 79, duration 05:12, chapters 2, clips 1, langs jpn, subs 
2026-08-15 15:50:37.727 T:5348    debug <general>: `anonymous-namespace'::LogMoviePlaylist: Selected - playlist 80, duration 04:53, chapters 2, clips 1, langs jpn, subs 
2026-08-15 15:50:37.727 T:5348    debug <general>: `anonymous-namespace'::LogMoviePlaylist: Selected - playlist 81, duration 20:49, chapters 2, clips 1, langs jpn, subs 
2026-08-15 15:50:37.727 T:5348    debug <general>: `anonymous-namespace'::LogMoviePlaylist: Selected - playlist 82, duration 04:05, chapters 2, clips 1, langs jpn, subs 
2026-08-15 15:50:37.727 T:5348    debug <general>: `anonymous-namespace'::LogMoviePlaylist: Selected - playlist 83, duration 00:57, chapters 2, clips 1, langs jpn, subs 
2026-08-15 15:50:37.727 T:5348    debug <general>: `anonymous-namespace'::LogMoviePlaylist: Selected - playlist 84, duration 00:36, chapters 2, clips 1, langs jpn, subs 
2026-08-15 15:50:37.727 T:5348    debug <general>: `anonymous-namespace'::LogMoviePlaylist: Selected - playlist 85, duration 15:54, chapters 2, clips 3, langs jpn, subs 
2026-08-15 15:50:37.727 T:5348    debug <general>: `anonymous-namespace'::LogMoviePlaylist: Selected - playlist 86, duration 15:42, chapters 15, clips 14, langs jpn, subs 
2026-08-15 15:50:37.727 T:5348    debug <general>: `anonymous-namespace'::LogMoviePlaylist: Selected - playlist 87, duration 01:51, chapters 2, clips 1, langs jpn, subs 
2026-08-15 15:50:37.727 T:5348    debug <general>: `anonymous-namespace'::LogMoviePlaylist: Selected - playlist 88, duration 00:17, chapters 2, clips 1, langs jpn, subs 
2026-08-15 15:50:37.727 T:5348    debug <general>: `anonymous-namespace'::LogMoviePlaylist: Selected - playlist 89, duration 00:17, chapters 2, clips 1, langs jpn, subs 
2026-08-15 15:50:37.727 T:5348    debug <general>: `anonymous-namespace'::LogMoviePlaylist: Selected - playlist 90, duration 00:30, chapters 1, clips 3, langs jpn, subs 
2026-08-15 15:50:37.727 T:5348    debug <general>: `anonymous-namespace'::EndMoviePlaylistSearch: *** Movie Search End ***
2026-08-15 15:50:37.728 T:3928    debug <general>: ------ Window Deinit (DialogBusy.xml) ------
2026-08-15 15:50:37.728 T:5348    debug <general>: Thread waiting 5348 terminating
2026-08-15 15:50:37.759 T:3928    debug <general>: ------ Window Init (DialogSelect.xml) ------
2026-08-15 15:50:37.759 T:3928     info <general>: Loading skin file: DialogSelect.xml, load type: KEEP_IN_MEMORY
2026-08-15 15:50:41.123 T:3928    debug <general>: ------ Window Init (Pointer.xml) ------
2026-08-15 15:50:42.888 T:3928     info <general>: Stopping the application...
2026-08-15 15:50:42.888 T:3928     info <general>: Stopping player
2026-08-15 15:50:42.888 T:3928     info <general>: Storing total System Uptime
2026-08-15 15:50:42.888 T:3928     info <general>: Saving settings
2026-08-15 15:50:42.890 T:3928     info <general>: Saving skin settings
2026-08-15 15:50:42.890 T:3928     info <general>: Stopping all
2026-08-15 15:50:42.891 T:11620   debug <general>: Thread JobWorker 11620 terminating (autodelete)
2026-08-15 15:50:42.891 T:4456    debug <general>: Thread JobWorker 4456 terminating (autodelete)
2026-08-15 15:50:42.891 T:5920    debug <general>: Thread JobWorker 5920 terminating (autodelete)
2026-08-15 15:50:42.891 T:3928    debug <general>: CNetworkBase::NetworkMessage - Signaling network services to stop
2026-08-15 15:50:42.891 T:3928     info <general>: ES: Stopping event server
2026-08-15 15:50:42.891 T:3928     info <general>: [WS-Discovery]: terminating
2026-08-15 15:50:42.891 T:3928    debug <general>: CNetworkBase::NetworkMessage - Waiting for network services to stop
2026-08-15 15:50:43.354 T:11760    info <general>: ES: UDP Event server stopped
2026-08-15 15:50:43.354 T:696     debug <general>: Thread TCPServer 696 terminating
2026-08-15 15:50:43.354 T:11760   debug <general>: Thread EventServer 11760 terminating
2026-08-15 15:50:43.355 T:3928    debug <general>: CServiceAddonManager: stopping service.xbmc.versioncheck.
2026-08-15 15:50:43.355 T:3928     info <general>: CServiceAddonManager: failed to stop service.xbmc.versioncheck (may have ended)
2026-08-15 15:50:43.355 T:4644    debug <general>: Thread ActiveAE 4644 terminating
2026-08-15 15:50:43.358 T:7124    debug <general>: [threads] name: 'AESink' no task
2026-08-15 15:50:43.358 T:7124    debug <general>: Thread AESink 7124 terminating
2026-08-15 15:50:43.423 T:3928     info <general>: Application stopped
2026-08-15 15:50:43.624 T:3928    debug <general>: CGUIDialogSimpleMenu::ShowPlaylistSelection: User aborted playlist selection
2026-08-15 15:50:43.625 T:2820    debug <general>: Thread PeripEventScan 2820 terminating
2026-08-15 15:50:43.626 T:2908    debug <general>: Thread PeripBusUSB 2908 terminating
2026-08-15 15:50:43.626 T:4220    debug <general>: Thread PeripBusCEC 4220 terminating
2026-08-15 15:50:43.627 T:4912    debug <general>: Thread PeripBusAddon 4912 terminating
2026-08-15 15:50:44.050 T:3928     info <peripheral.joystick>: Disabling joystick interface "directinput"
2026-08-15 15:50:44.050 T:3928     info <peripheral.joystick>: Disabling joystick interface "xinput"
2026-08-15 15:50:44.050 T:3928    debug <general>: SECTION:UnloadDll(C:\Program Files\Kodi\addons\peripheral.joystick\peripheral.joystick.dll)
2026-08-15 15:50:44.050 T:3928     info <general>: ADDON: Dll Destroyed - Joystick Support
2026-08-15 15:50:44.051 T:3928     info <general>: unload skin
2026-08-15 15:50:44.055 T:3928    debug <general>: FreeVisualisation() done
2026-08-15 15:50:44.058 T:3928    debug <general>: ------ Window Deinit () ------
2026-08-15 15:50:44.058 T:3928    debug <general>: ------ Window Deinit (MyVideoNav.xml) ------
2026-08-15 15:50:44.059 T:3928    debug <general>: FreeVisualisation() done
2026-08-15 15:50:44.060 T:3928    debug <general>: Skipped 1 duplicate messages..
2026-08-15 15:50:44.060 T:3928    debug <general>: ------ Window Deinit (Pointer.xml) ------
2026-08-15 15:50:44.061 T:3928    debug <general>: ------ Window Deinit (DialogSelect.xml) ------
2026-08-15 15:50:44.062 T:12192   debug <general>: Thread Timer 12192 terminating
2026-08-15 15:50:44.064 T:3928    debug <general>: CTextureBundleXBT::CloseBundle - Closed bundle
2026-08-15 15:50:44.072 T:3928     info <general>: Unloaded skin
2026-08-15 15:50:44.074 T:3928    debug <general>: DX::DeviceResources::ReleaseBackBuffer: release buffers.
2026-08-15 15:50:44.075 T:3928     info <general>: unload sections
2026-08-15 15:50:44.078 T:3928    debug <general>: KODI::UTILS::I18N::CSubTagRegistryManager::Deinitialize: registry unloaded
2026-08-15 15:50:44.078 T:7224    debug <general>: Thread CWin32PowerStateWorker 7224 terminating
2026-08-15 15:50:44.079 T:2684    debug <general>: Thread Timer 2684 terminating
2026-08-15 15:50:44.079 T:3928    debug <general>: CWinSystemWin32::RestoreDesktopResolution: restoring desktop resolution for 'QXL0001 #1'.
2026-08-15 15:50:44.080 T:5320    debug <general>: Thread RemoteControl 5320 terminating
2026-08-15 15:50:44.086 T:4276    debug <general>: Thread Announce 4276 terminating
2026-08-15 15:50:44.086 T:3928     info <general>: Exiting the application...
